Reset-offsets for input topics [streams-plaintext-input]
Following input topics offsets will be reset to (for consumer group skafka-go-streams-wordcount)
Topic: streams-plaintext-input Partition: 0 Offset: 0
Done.
Deleting inferred internal topics []
Done.
2026-07-31 07:26:16,664 INFO  StreamsConfig - StreamsConfig values: 
	acceptable.recovery.lag = 10000
	application.id = skafka-go-streams-wordcount
	application.server = 
	auto.include.jmx.reporter = true
	bootstrap.servers = [skafka-go.skafka-go.svc.cluster.local:9092]
	buffered.records.per.partition = 1000
	built.in.metrics.version = latest
	cache.max.bytes.buffering = 10485760
	client.id = 
	commit.interval.ms = 1000
	connections.max.idle.ms = 540000
	default.client.supplier = class org.apache.kafka.streams.processor.internals.DefaultKafkaClientSupplier
	default.deserialization.exception.handler = class org.apache.kafka.streams.errors.LogAndFailExceptionHandler
	default.dsl.store = rocksDB
	default.key.serde = class org.apache.kafka.common.serialization.Serdes$StringSerde
	default.list.key.serde.inner = null
	default.list.key.serde.type = null
	default.list.value.serde.inner = null
	default.list.value.serde.type = null
	default.production.exception.handler = class org.apache.kafka.streams.errors.DefaultProductionExceptionHandler
	default.timestamp.extractor = class org.apache.kafka.streams.processor.FailOnInvalidTimestamp
	default.value.serde = class org.apache.kafka.common.serialization.Serdes$StringSerde
	dsl.store.suppliers.class = class org.apache.kafka.streams.state.BuiltInDslStoreSuppliers$RocksDBDslStoreSuppliers
	enable.metrics.push = true
	log.summary.interval.ms = 120000
	max.task.idle.ms = 0
	max.warmup.replicas = 2
	metadata.max.age.ms = 300000
	metric.reporters = []
	metrics.num.samples = 2
	metrics.recording.level = INFO
	metrics.sample.window.ms = 30000
	num.standby.replicas = 0
	num.stream.threads = 1
	poll.ms = 100
	probing.rebalance.interval.ms = 600000
	processing.exception.handler = class org.apache.kafka.streams.errors.LogAndFailProcessingExceptionHandler
	processing.guarantee = at_least_once
	rack.aware.assignment.non_overlap_cost = null
	rack.aware.assignment.strategy = none
	rack.aware.assignment.tags = []
	rack.aware.assignment.traffic_cost = null
	receive.buffer.bytes = 32768
	reconnect.backoff.max.ms = 1000
	reconnect.backoff.ms = 50
	repartition.purge.interval.ms = 30000
	replication.factor = -1
	request.timeout.ms = 40000
	retries = 0
	retry.backoff.ms = 100
	rocksdb.config.setter = null
	security.protocol = PLAINTEXT
	send.buffer.bytes = 131072
	state.cleanup.delay.ms = 600000
	state.dir = /tmp/streams-state
	statestore.cache.max.bytes = 0
	task.assignor.class = null
	task.timeout.ms = 300000
	topology.optimization = none
	upgrade.from = null
	window.size.ms = null
	windowed.inner.class.serde = null
	windowstore.changelog.additional.retention.ms = 86400000

2026-07-31 07:26:16,676 WARN  StateDirectory - Using an OS temp directory in the state.dir property can cause failures with writing the checkpoint file due to the fact that this directory can be cleared by the OS. Resolved state.dir: [/tmp/streams-state]
2026-07-31 07:26:16,677 ERROR StateDirectory - Error changing permissions for the directory /tmp/streams-state 
java.nio.file.FileSystemException: /tmp/streams-state: Operation not permitted
	at java.base/sun.nio.fs.UnixException.translateToIOException(UnixException.java:100)
	at java.base/sun.nio.fs.UnixException.rethrowAsIOException(UnixException.java:106)
	at java.base/sun.nio.fs.UnixException.rethrowAsIOException(UnixException.java:111)
	at java.base/sun.nio.fs.UnixFileAttributeViews$Posix.setMode(UnixFileAttributeViews.java:277)
	at java.base/sun.nio.fs.UnixFileAttributeViews$Posix.setPermissions(UnixFileAttributeViews.java:299)
	at java.base/java.nio.file.Files.setPosixFilePermissions(Files.java:2167)
	at org.apache.kafka.streams.processor.internals.StateDirectory.configurePermissions(StateDirectory.java:155)
	at org.apache.kafka.streams.processor.internals.StateDirectory.<init>(StateDirectory.java:145)
	at org.apache.kafka.streams.KafkaStreams.<init>(KafkaStreams.java:973)
	at org.apache.kafka.streams.KafkaStreams.<init>(KafkaStreams.java:956)
	at org.apache.kafka.streams.KafkaStreams.<init>(KafkaStreams.java:926)
	at org.apache.kafka.streams.KafkaStreams.<init>(KafkaStreams.java:908)
	at org.apache.kafka.streams.KafkaStreams.<init>(KafkaStreams.java:838)
	at org.apache.kafka.streams.examples.wordcount.WordCountDemo.main(WordCountDemo.java:92)
2026-07-31 07:26:16,769 INFO  StateDirectory - No process id found on disk, got fresh process id 1a74447b-5fdf-40ea-9611-cfd9e4fde9ec
2026-07-31 07:26:16,790 INFO  AdminClientConfig - AdminClientConfig values: 
	auto.include.jmx.reporter = true
	bootstrap.controllers = []
	bootstrap.servers = [skafka-go.skafka-go.svc.cluster.local:9092]
	client.dns.lookup = use_all_dns_ips
	client.id = skafka-go-streams-wordcount-1a74447b-5fdf-40ea-9611-cfd9e4fde9ec-admin
	connections.max.idle.ms = 300000
	default.api.timeout.ms = 60000
	enable.metrics.push = true
	metadata.max.age.ms = 300000
	metadata.recovery.strategy = none
	metric.reporters = []
	metrics.num.samples = 2
	metrics.recording.level = INFO
	metrics.sample.window.ms = 30000
	receive.buffer.bytes = 65536
	reconnect.backoff.max.ms = 1000
	reconnect.backoff.ms = 50
	request.timeout.ms = 30000
	retries = 2147483647
	retry.backoff.max.ms = 1000
	retry.backoff.ms = 100
	sasl.client.callback.handler.class = null
	sasl.jaas.config = null
	sasl.kerberos.kinit.cmd = /usr/bin/kinit
	sasl.kerberos.min.time.before.relogin = 60000
	sasl.kerberos.service.name = null
	sasl.kerberos.ticket.renew.jitter = 0.05
	sasl.kerberos.ticket.renew.window.factor = 0.8
	sasl.login.callback.handler.class = null
	sasl.login.class = null
	sasl.login.connect.timeout.ms = null
	sasl.login.read.timeout.ms = null
	sasl.login.refresh.buffer.seconds = 300
	sasl.login.refresh.min.period.seconds = 60
	sasl.login.refresh.window.factor = 0.8
	sasl.login.refresh.window.jitter = 0.05
	sasl.login.retry.backoff.max.ms = 10000
	sasl.login.retry.backoff.ms = 100
	sasl.mechanism = GSSAPI
	sasl.oauthbearer.clock.skew.seconds = 30
	sasl.oauthbearer.expected.audience = null
	sasl.oauthbearer.expected.issuer = null
	sasl.oauthbearer.header.urlencode = false
	sasl.oauthbearer.jwks.endpoint.refresh.ms = 3600000
	sasl.oauthbearer.jwks.endpoint.retry.backoff.max.ms = 10000
	sasl.oauthbearer.jwks.endpoint.retry.backoff.ms = 100
	sasl.oauthbearer.jwks.endpoint.url = null
	sasl.oauthbearer.scope.claim.name = scope
	sasl.oauthbearer.sub.claim.name = sub
	sasl.oauthbearer.token.endpoint.url = null
	security.protocol = PLAINTEXT
	security.providers = null
	send.buffer.bytes = 131072
	socket.connection.setup.timeout.max.ms = 30000
	socket.connection.setup.timeout.ms = 10000
	ssl.cipher.suites = null
	ssl.enabled.protocols = [TLSv1.2, TLSv1.3]
	ssl.endpoint.identification.algorithm = https
	ssl.engine.factory.class = null
	ssl.key.password = null
	ssl.keymanager.algorithm = SunX509
	ssl.keystore.certificate.chain = null
	ssl.keystore.key = null
	ssl.keystore.location = null
	ssl.keystore.password = null
	ssl.keystore.type = JKS
	ssl.protocol = TLSv1.3
	ssl.provider = null
	ssl.secure.random.implementation = null
	ssl.trustmanager.algorithm = PKIX
	ssl.truststore.certificates = null
	ssl.truststore.location = null
	ssl.truststore.password = null
	ssl.truststore.type = JKS

2026-07-31 07:26:16,917 INFO  AdminClientConfig - These configurations '[log.level]' were supplied but are not used yet.
2026-07-31 07:26:16,919 INFO  AppInfoParser - Kafka version: 3.9.0
2026-07-31 07:26:16,919 INFO  AppInfoParser - Kafka commitId: a60e31147e6b01ee
2026-07-31 07:26:16,919 INFO  AppInfoParser - Kafka startTimeMs: 1785482776917
2026-07-31 07:26:16,920 INFO  KafkaStreams - stream-client [skafka-go-streams-wordcount-1a74447b-5fdf-40ea-9611-cfd9e4fde9ec] Kafka Streams version: 3.9.0
2026-07-31 07:26:16,920 INFO  KafkaStreams - stream-client [skafka-go-streams-wordcount-1a74447b-5fdf-40ea-9611-cfd9e4fde9ec] Kafka Streams commit ID: a60e31147e6b01ee
2026-07-31 07:26:16,961 INFO  StreamThread - stream-thread [skafka-go-streams-wordcount-1a74447b-5fdf-40ea-9611-cfd9e4fde9ec-StreamThread-1] Creating restore consumer client
2026-07-31 07:26:16,962 INFO  ConsumerConfig - ConsumerConfig values: 
	allow.auto.create.topics = true
	auto.commit.interval.ms = 5000
	auto.include.jmx.reporter = true
	auto.offset.reset = none
	bootstrap.servers = [skafka-go.skafka-go.svc.cluster.local:9092]
	check.crcs = true
	client.dns.lookup = use_all_dns_ips
	client.id = skafka-go-streams-wordcount-1a74447b-5fdf-40ea-9611-cfd9e4fde9ec-StreamThread-1-restore-consumer
	client.rack = 
	connections.max.idle.ms = 540000
	default.api.timeout.ms = 60000
	enable.auto.commit = false
	enable.metrics.push = true
	exclude.internal.topics = true
	fetch.max.bytes = 52428800
	fetch.max.wait.ms = 500
	fetch.min.bytes = 1
	group.id = null
	group.instance.id = null
	group.protocol = classic
	group.remote.assignor = null
	heartbeat.interval.ms = 3000
	interceptor.classes = []
	internal.leave.group.on.close = false
	internal.throw.on.fetch.stable.offset.unsupported = false
	isolation.level = read_uncommitted
	key.deserializer = class org.apache.kafka.common.serialization.ByteArrayDeserializer
	max.partition.fetch.bytes = 1048576
	max.poll.interval.ms = 300000
	max.poll.records = 1000
	metadata.max.age.ms = 300000
	metadata.recovery.strategy = none
	metric.reporters = []
	metrics.num.samples = 2
	metrics.recording.level = INFO
	metrics.sample.window.ms = 30000
	partition.assignment.strategy = [class org.apache.kafka.clients.consumer.RangeAssignor, class org.apache.kafka.clients.consumer.CooperativeStickyAssignor]
	receive.buffer.bytes = 65536
	reconnect.backoff.max.ms = 1000
	reconnect.backoff.ms = 50
	request.timeout.ms = 30000
	retry.backoff.max.ms = 1000
	retry.backoff.ms = 100
	sasl.client.callback.handler.class = null
	sasl.jaas.config = null
	sasl.kerberos.kinit.cmd = /usr/bin/kinit
	sasl.kerberos.min.time.before.relogin = 60000
	sasl.kerberos.service.name = null
	sasl.kerberos.ticket.renew.jitter = 0.05
	sasl.kerberos.ticket.renew.window.factor = 0.8
	sasl.login.callback.handler.class = null
	sasl.login.class = null
	sasl.login.connect.timeout.ms = null
	sasl.login.read.timeout.ms = null
	sasl.login.refresh.buffer.seconds = 300
	sasl.login.refresh.min.period.seconds = 60
	sasl.login.refresh.window.factor = 0.8
	sasl.login.refresh.window.jitter = 0.05
	sasl.login.retry.backoff.max.ms = 10000
	sasl.login.retry.backoff.ms = 100
	sasl.mechanism = GSSAPI
	sasl.oauthbearer.clock.skew.seconds = 30
	sasl.oauthbearer.expected.audience = null
	sasl.oauthbearer.expected.issuer = null
	sasl.oauthbearer.header.urlencode = false
	sasl.oauthbearer.jwks.endpoint.refresh.ms = 3600000
	sasl.oauthbearer.jwks.endpoint.retry.backoff.max.ms = 10000
	sasl.oauthbearer.jwks.endpoint.retry.backoff.ms = 100
	sasl.oauthbearer.jwks.endpoint.url = null
	sasl.oauthbearer.scope.claim.name = scope
	sasl.oauthbearer.sub.claim.name = sub
	sasl.oauthbearer.token.endpoint.url = null
	security.protocol = PLAINTEXT
	security.providers = null
	send.buffer.bytes = 131072
	session.timeout.ms = 30000
	socket.connection.setup.timeout.max.ms = 30000
	socket.connection.setup.timeout.ms = 10000
	ssl.cipher.suites = null
	ssl.enabled.protocols = [TLSv1.2, TLSv1.3]
	ssl.endpoint.identification.algorithm = https
	ssl.engine.factory.class = null
	ssl.key.password = null
	ssl.keymanager.algorithm = SunX509
	ssl.keystore.certificate.chain = null
	ssl.keystore.key = null
	ssl.keystore.location = null
	ssl.keystore.password = null
	ssl.keystore.type = JKS
	ssl.protocol = TLSv1.3
	ssl.provider = null
	ssl.secure.random.implementation = null
	ssl.trustmanager.algorithm = PKIX
	ssl.truststore.certificates = null
	ssl.truststore.location = null
	ssl.truststore.password = null
	ssl.truststore.type = JKS
	value.deserializer = class org.apache.kafka.common.serialization.ByteArrayDeserializer

2026-07-31 07:26:17,004 INFO  KafkaMetricsCollector - initializing Kafka metrics collector
2026-07-31 07:26:17,066 INFO  ConsumerConfig - These configurations '[log.level]' were supplied but are not used yet.
2026-07-31 07:26:17,066 INFO  AppInfoParser - Kafka version: 3.9.0
2026-07-31 07:26:17,066 INFO  AppInfoParser - Kafka commitId: a60e31147e6b01ee
2026-07-31 07:26:17,066 INFO  AppInfoParser - Kafka startTimeMs: 1785482777066
2026-07-31 07:26:17,068 INFO  StreamThread - stream-thread [skafka-go-streams-wordcount-1a74447b-5fdf-40ea-9611-cfd9e4fde9ec-StreamThread-1] Creating thread producer client
2026-07-31 07:26:17,105 INFO  KafkaMetricsCollector - initializing Kafka metrics collector
2026-07-31 07:26:17,161 INFO  AppInfoParser - Kafka version: 3.9.0
2026-07-31 07:26:17,161 INFO  AppInfoParser - Kafka commitId: a60e31147e6b01ee
2026-07-31 07:26:17,161 INFO  AppInfoParser - Kafka startTimeMs: 1785482777161
2026-07-31 07:26:17,165 INFO  DefaultStateUpdater - state-updater [skafka-go-streams-wordcount-1a74447b-5fdf-40ea-9611-cfd9e4fde9ec-StateUpdater-1] State updater thread started
2026-07-31 07:26:17,167 INFO  StreamThread - stream-thread [skafka-go-streams-wordcount-1a74447b-5fdf-40ea-9611-cfd9e4fde9ec-StreamThread-1] Creating consumer client
2026-07-31 07:26:17,168 INFO  ConsumerConfig - ConsumerConfig values: 
	allow.auto.create.topics = false
	auto.commit.interval.ms = 5000
	auto.include.jmx.reporter = true
	auto.offset.reset = earliest
	bootstrap.servers = [skafka-go.skafka-go.svc.cluster.local:9092]
	check.crcs = true
	client.dns.lookup = use_all_dns_ips
	client.id = skafka-go-streams-wordcount-1a74447b-5fdf-40ea-9611-cfd9e4fde9ec-StreamThread-1-consumer
	client.rack = 
	connections.max.idle.ms = 540000
	default.api.timeout.ms = 60000
	enable.auto.commit = false
	enable.metrics.push = true
	exclude.internal.topics = true
	fetch.max.bytes = 52428800
	fetch.max.wait.ms = 500
	fetch.min.bytes = 1
	group.id = skafka-go-streams-wordcount
	group.instance.id = null
	group.protocol = classic
	group.remote.assignor = null
	heartbeat.interval.ms = 3000
	interceptor.classes = []
	internal.leave.group.on.close = false
	internal.throw.on.fetch.stable.offset.unsupported = false
	isolation.level = read_uncommitted
	key.deserializer = class org.apache.kafka.common.serialization.ByteArrayDeserializer
	max.partition.fetch.bytes = 1048576
	max.poll.interval.ms = 300000
	max.poll.records = 1000
	metadata.max.age.ms = 300000
	metadata.recovery.strategy = none
	metric.reporters = []
	metrics.num.samples = 2
	metrics.recording.level = INFO
	metrics.sample.window.ms = 30000
	partition.assignment.strategy = [org.apache.kafka.streams.processor.internals.StreamsPartitionAssignor]
	receive.buffer.bytes = 65536
	reconnect.backoff.max.ms = 1000
	reconnect.backoff.ms = 50
	request.timeout.ms = 30000
	retry.backoff.max.ms = 1000
	retry.backoff.ms = 100
	sasl.client.callback.handler.class = null
	sasl.jaas.config = null
	sasl.kerberos.kinit.cmd = /usr/bin/kinit
	sasl.kerberos.min.time.before.relogin = 60000
	sasl.kerberos.service.name = null
	sasl.kerberos.ticket.renew.jitter = 0.05
	sasl.kerberos.ticket.renew.window.factor = 0.8
	sasl.login.callback.handler.class = null
	sasl.login.class = null
	sasl.login.connect.timeout.ms = null
	sasl.login.read.timeout.ms = null
	sasl.login.refresh.buffer.seconds = 300
	sasl.login.refresh.min.period.seconds = 60
	sasl.login.refresh.window.factor = 0.8
	sasl.login.refresh.window.jitter = 0.05
	sasl.login.retry.backoff.max.ms = 10000
	sasl.login.retry.backoff.ms = 100
	sasl.mechanism = GSSAPI
	sasl.oauthbearer.clock.skew.seconds = 30
	sasl.oauthbearer.expected.audience = null
	sasl.oauthbearer.expected.issuer = null
	sasl.oauthbearer.header.urlencode = false
	sasl.oauthbearer.jwks.endpoint.refresh.ms = 3600000
	sasl.oauthbearer.jwks.endpoint.retry.backoff.max.ms = 10000
	sasl.oauthbearer.jwks.endpoint.retry.backoff.ms = 100
	sasl.oauthbearer.jwks.endpoint.url = null
	sasl.oauthbearer.scope.claim.name = scope
	sasl.oauthbearer.sub.claim.name = sub
	sasl.oauthbearer.token.endpoint.url = null
	security.protocol = PLAINTEXT
	security.providers = null
	send.buffer.bytes = 131072
	session.timeout.ms = 30000
	socket.connection.setup.timeout.max.ms = 30000
	socket.connection.setup.timeout.ms = 10000
	ssl.cipher.suites = null
	ssl.enabled.protocols = [TLSv1.2, TLSv1.3]
	ssl.endpoint.identification.algorithm = https
	ssl.engine.factory.class = null
	ssl.key.password = null
	ssl.keymanager.algorithm = SunX509
	ssl.keystore.certificate.chain = null
	ssl.keystore.key = null
	ssl.keystore.location = null
	ssl.keystore.password = null
	ssl.keystore.type = JKS
	ssl.protocol = TLSv1.3
	ssl.provider = null
	ssl.secure.random.implementation = null
	ssl.trustmanager.algorithm = PKIX
	ssl.truststore.certificates = null
	ssl.truststore.location = null
	ssl.truststore.password = null
	ssl.truststore.type = JKS
	value.deserializer = class org.apache.kafka.common.serialization.ByteArrayDeserializer

2026-07-31 07:26:17,206 INFO  KafkaMetricsCollector - initializing Kafka metrics collector
2026-07-31 07:26:17,259 INFO  AssignorConfiguration - stream-thread [skafka-go-streams-wordcount-1a74447b-5fdf-40ea-9611-cfd9e4fde9ec-StreamThread-1-consumer] Cooperative rebalancing protocol is enabled now
2026-07-31 07:26:17,265 INFO  ConsumerConfig - These configurations '[replication.factor, probing.rebalance.interval.ms, max.warmup.replicas, acceptable.recovery.lag, task.assignor.class, rack.aware.assignment.non_overlap_cost, log.level, application.server, rack.aware.assignment.strategy, rack.aware.assignment.traffic_cost, windowstore.changelog.additional.retention.ms, num.standby.replicas, upgrade.from, rack.aware.assignment.tags, application.id]' were supplied but are not used yet.
2026-07-31 07:26:17,265 INFO  AppInfoParser - Kafka version: 3.9.0
2026-07-31 07:26:17,265 INFO  AppInfoParser - Kafka commitId: a60e31147e6b01ee
2026-07-31 07:26:17,265 INFO  AppInfoParser - Kafka startTimeMs: 1785482777265
2026-07-31 07:26:17,269 INFO  KafkaStreams - stream-client [skafka-go-streams-wordcount-1a74447b-5fdf-40ea-9611-cfd9e4fde9ec] State transition from CREATED to REBALANCING
2026-07-31 07:26:17,269 INFO  KafkaStreams - stream-client [skafka-go-streams-wordcount-1a74447b-5fdf-40ea-9611-cfd9e4fde9ec] Started 1 stream threads
2026-07-31 07:26:17,269 INFO  StreamThread - stream-thread [skafka-go-streams-wordcount-1a74447b-5fdf-40ea-9611-cfd9e4fde9ec-StreamThread-1] Starting
2026-07-31 07:26:17,269 INFO  StreamThread - stream-thread [skafka-go-streams-wordcount-1a74447b-5fdf-40ea-9611-cfd9e4fde9ec-StreamThread-1] State transition from CREATED to STARTING
2026-07-31 07:26:17,270 INFO  ClassicKafkaConsumer - [Consumer clientId=skafka-go-streams-wordcount-1a74447b-5fdf-40ea-9611-cfd9e4fde9ec-StreamThread-1-consumer, groupId=skafka-go-streams-wordcount] Subscribed to topic(s): skafka-go-streams-wordcount-KSTREAM-AGGREGATE-STATE-STORE-0000000003-repartition, streams-plaintext-input
2026-07-31 07:26:17,459 INFO  StreamThread - stream-thread [skafka-go-streams-wordcount-1a74447b-5fdf-40ea-9611-cfd9e4fde9ec-StreamThread-1] Processed 0 total records, ran 0 punctuators, and committed 0 total tasks since the last update
2026-07-31 07:26:17,486 WARN  NetworkClient - [Consumer clientId=skafka-go-streams-wordcount-1a74447b-5fdf-40ea-9611-cfd9e4fde9ec-StreamThread-1-consumer, groupId=skafka-go-streams-wordcount] The metadata response from the cluster reported a recoverable issue with correlation id 2 : {skafka-go-streams-wordcount-KSTREAM-AGGREGATE-STATE-STORE-0000000003-repartition=UNKNOWN_TOPIC_OR_PARTITION}
2026-07-31 07:26:17,505 INFO  Metadata - [Producer clientId=skafka-go-streams-wordcount-1a74447b-5fdf-40ea-9611-cfd9e4fde9ec-StreamThread-1-producer] Cluster ID: skafka-go
2026-07-31 07:26:17,505 INFO  Metadata - [Consumer clientId=skafka-go-streams-wordcount-1a74447b-5fdf-40ea-9611-cfd9e4fde9ec-StreamThread-1-consumer, groupId=skafka-go-streams-wordcount] Cluster ID: skafka-go
2026-07-31 07:26:17,508 INFO  ConsumerCoordinator - [Consumer clientId=skafka-go-streams-wordcount-1a74447b-5fdf-40ea-9611-cfd9e4fde9ec-StreamThread-1-consumer, groupId=skafka-go-streams-wordcount] Discovered group coordinator skafka-go-1.skafka-go-headless.skafka-go.svc.cluster.local:9092 (id: 2147483646 rack: null)
2026-07-31 07:26:17,508 INFO  ConsumerCoordinator - [Consumer clientId=skafka-go-streams-wordcount-1a74447b-5fdf-40ea-9611-cfd9e4fde9ec-StreamThread-1-consumer, groupId=skafka-go-streams-wordcount] (Re-)joining group
2026-07-31 07:26:17,563 INFO  ConsumerCoordinator - [Consumer clientId=skafka-go-streams-wordcount-1a74447b-5fdf-40ea-9611-cfd9e4fde9ec-StreamThread-1-consumer, groupId=skafka-go-streams-wordcount] Request joining group due to: need to re-join with the given member-id: skafka-go-streams-wordcount-1a74447b-5fdf-40ea-9611-cfd9e4fde9ec-StreamThread-1-consumer-b0d61925ebf9a663
2026-07-31 07:26:17,563 INFO  ConsumerCoordinator - [Consumer clientId=skafka-go-streams-wordcount-1a74447b-5fdf-40ea-9611-cfd9e4fde9ec-StreamThread-1-consumer, groupId=skafka-go-streams-wordcount] (Re-)joining group
2026-07-31 07:26:17,584 WARN  NetworkClient - [Consumer clientId=skafka-go-streams-wordcount-1a74447b-5fdf-40ea-9611-cfd9e4fde9ec-StreamThread-1-consumer, groupId=skafka-go-streams-wordcount] The metadata response from the cluster reported a recoverable issue with correlation id 8 : {skafka-go-streams-wordcount-KSTREAM-AGGREGATE-STATE-STORE-0000000003-repartition=UNKNOWN_TOPIC_OR_PARTITION}
2026-07-31 07:26:17,703 WARN  NetworkClient - [Consumer clientId=skafka-go-streams-wordcount-1a74447b-5fdf-40ea-9611-cfd9e4fde9ec-StreamThread-1-consumer, groupId=skafka-go-streams-wordcount] The metadata response from the cluster reported a recoverable issue with correlation id 9 : {skafka-go-streams-wordcount-KSTREAM-AGGREGATE-STATE-STORE-0000000003-repartition=UNKNOWN_TOPIC_OR_PARTITION}
2026-07-31 07:26:17,907 WARN  NetworkClient - [Consumer clientId=skafka-go-streams-wordcount-1a74447b-5fdf-40ea-9611-cfd9e4fde9ec-StreamThread-1-consumer, groupId=skafka-go-streams-wordcount] The metadata response from the cluster reported a recoverable issue with correlation id 10 : {skafka-go-streams-wordcount-KSTREAM-AGGREGATE-STATE-STORE-0000000003-repartition=UNKNOWN_TOPIC_OR_PARTITION}
2026-07-31 07:26:18,268 WARN  NetworkClient - [Consumer clientId=skafka-go-streams-wordcount-1a74447b-5fdf-40ea-9611-cfd9e4fde9ec-StreamThread-1-consumer, groupId=skafka-go-streams-wordcount] The metadata response from the cluster reported a recoverable issue with correlation id 11 : {skafka-go-streams-wordcount-KSTREAM-AGGREGATE-STATE-STORE-0000000003-repartition=UNKNOWN_TOPIC_OR_PARTITION}
2026-07-31 07:26:19,073 WARN  NetworkClient - [Consumer clientId=skafka-go-streams-wordcount-1a74447b-5fdf-40ea-9611-cfd9e4fde9ec-StreamThread-1-consumer, groupId=skafka-go-streams-wordcount] The metadata response from the cluster reported a recoverable issue with correlation id 12 : {skafka-go-streams-wordcount-KSTREAM-AGGREGATE-STATE-STORE-0000000003-repartition=UNKNOWN_TOPIC_OR_PARTITION}
2026-07-31 07:26:19,979 WARN  NetworkClient - [Consumer clientId=skafka-go-streams-wordcount-1a74447b-5fdf-40ea-9611-cfd9e4fde9ec-StreamThread-1-consumer, groupId=skafka-go-streams-wordcount] The metadata response from the cluster reported a recoverable issue with correlation id 13 : {skafka-go-streams-wordcount-KSTREAM-AGGREGATE-STATE-STORE-0000000003-repartition=UNKNOWN_TOPIC_OR_PARTITION}
2026-07-31 07:26:20,566 INFO  ConsumerCoordinator - [Consumer clientId=skafka-go-streams-wordcount-1a74447b-5fdf-40ea-9611-cfd9e4fde9ec-StreamThread-1-consumer, groupId=skafka-go-streams-wordcount] Successfully joined group with generation Generation{generationId=1, memberId='skafka-go-streams-wordcount-1a74447b-5fdf-40ea-9611-cfd9e4fde9ec-StreamThread-1-consumer-b0d61925ebf9a663', protocol='stream'}
2026-07-31 07:26:20,968 WARN  NetworkClient - [Consumer clientId=skafka-go-streams-wordcount-1a74447b-5fdf-40ea-9611-cfd9e4fde9ec-StreamThread-1-consumer, groupId=skafka-go-streams-wordcount] The metadata response from the cluster reported a recoverable issue with correlation id 14 : {skafka-go-streams-wordcount-KSTREAM-AGGREGATE-STATE-STORE-0000000003-repartition=UNKNOWN_TOPIC_OR_PARTITION}
2026-07-31 07:26:20,991 INFO  StreamsPartitionAssignor - stream-thread [skafka-go-streams-wordcount-1a74447b-5fdf-40ea-9611-cfd9e4fde9ec-StreamThread-1-consumer] 1 client nodes and 1 consumers participating in this rebalance: 
1a74447b-5fdf-40ea-9611-cfd9e4fde9ec: [skafka-go-streams-wordcount-1a74447b-5fdf-40ea-9611-cfd9e4fde9ec-StreamThread-1-consumer-b0d61925ebf9a663].
2026-07-31 07:26:20,991 INFO  StreamsPartitionAssignor - stream-thread [skafka-go-streams-wordcount-1a74447b-5fdf-40ea-9611-cfd9e4fde9ec-StreamThread-1-consumer] Assigning stateful tasks: [1_0]
and stateless tasks: [0_0]
2026-07-31 07:26:20,991 INFO  AssignorConfiguration - stream-thread [skafka-go-streams-wordcount-1a74447b-5fdf-40ea-9611-cfd9e4fde9ec-StreamThread-1-consumer] No custom task assignors found, defaulting to internal task assignment with internal.task.assignor.class
2026-07-31 07:26:20,994 INFO  HighAvailabilityTaskAssignor - Decided on assignment: {1a74447b-5fdf-40ea-9611-cfd9e4fde9ec=[activeTasks: ([0_0, 1_0]) standbyTasks: ([]) prevActiveTasks: ([]) prevStandbyTasks: ([]) changelogOffsetTotalsByTask: ([]) taskLagTotals: ([1_0=0]) clientTags: ([]) capacity: 1 assigned: 2]} with no followup probing rebalance.
2026-07-31 07:26:20,994 INFO  StreamsPartitionAssignor - stream-thread [skafka-go-streams-wordcount-1a74447b-5fdf-40ea-9611-cfd9e4fde9ec-StreamThread-1-consumer] Assigned 2 total tasks including 1 stateful tasks to 1 client nodes.
2026-07-31 07:26:20,994 INFO  StreamsPartitionAssignor - stream-thread [skafka-go-streams-wordcount-1a74447b-5fdf-40ea-9611-cfd9e4fde9ec-StreamThread-1-consumer] Assignment of tasks to nodes: 1a74447b-5fdf-40ea-9611-cfd9e4fde9ec=[activeTasks: ([0_0, 1_0]) standbyTasks: ([])]
2026-07-31 07:26:20,997 INFO  StreamsPartitionAssignor - stream-thread [skafka-go-streams-wordcount-1a74447b-5fdf-40ea-9611-cfd9e4fde9ec-StreamThread-1-consumer] Client 1a74447b-5fdf-40ea-9611-cfd9e4fde9ec per-consumer assignment:
	prev owned active {}
	prev owned standby {skafka-go-streams-wordcount-1a74447b-5fdf-40ea-9611-cfd9e4fde9ec-StreamThread-1-consumer-b0d61925ebf9a663=[]}
	assigned active {skafka-go-streams-wordcount-1a74447b-5fdf-40ea-9611-cfd9e4fde9ec-StreamThread-1-consumer-b0d61925ebf9a663=[1_0, 0_0]}
	revoking active {}
	assigned standby {}

2026-07-31 07:26:20,997 INFO  StreamsPartitionAssignor - stream-thread [skafka-go-streams-wordcount-1a74447b-5fdf-40ea-9611-cfd9e4fde9ec-StreamThread-1-consumer] Finished stable assignment of tasks, no followup rebalances required.
2026-07-31 07:26:20,997 INFO  ConsumerCoordinator - [Consumer clientId=skafka-go-streams-wordcount-1a74447b-5fdf-40ea-9611-cfd9e4fde9ec-StreamThread-1-consumer, groupId=skafka-go-streams-wordcount] Finished assignment for group at generation 1: {skafka-go-streams-wordcount-1a74447b-5fdf-40ea-9611-cfd9e4fde9ec-StreamThread-1-consumer-b0d61925ebf9a663=Assignment(partitions=[skafka-go-streams-wordcount-KSTREAM-AGGREGATE-STATE-STORE-0000000003-repartition-0, streams-plaintext-input-0], userDataSize=64)}
2026-07-31 07:26:20,999 INFO  ConsumerCoordinator - [Consumer clientId=skafka-go-streams-wordcount-1a74447b-5fdf-40ea-9611-cfd9e4fde9ec-StreamThread-1-consumer, groupId=skafka-go-streams-wordcount] Successfully synced group in generation Generation{generationId=1, memberId='skafka-go-streams-wordcount-1a74447b-5fdf-40ea-9611-cfd9e4fde9ec-StreamThread-1-consumer-b0d61925ebf9a663', protocol='stream'}
2026-07-31 07:26:20,999 INFO  ConsumerCoordinator - [Consumer clientId=skafka-go-streams-wordcount-1a74447b-5fdf-40ea-9611-cfd9e4fde9ec-StreamThread-1-consumer, groupId=skafka-go-streams-wordcount] Updating assignment with
	Assigned partitions:                       [skafka-go-streams-wordcount-KSTREAM-AGGREGATE-STATE-STORE-0000000003-repartition-0, streams-plaintext-input-0]
	Current owned partitions:                  []
	Added partitions (assigned - owned):       [skafka-go-streams-wordcount-KSTREAM-AGGREGATE-STATE-STORE-0000000003-repartition-0, streams-plaintext-input-0]
	Revoked partitions (owned - assigned):     []

2026-07-31 07:26:20,999 INFO  ConsumerCoordinator - [Consumer clientId=skafka-go-streams-wordcount-1a74447b-5fdf-40ea-9611-cfd9e4fde9ec-StreamThread-1-consumer, groupId=skafka-go-streams-wordcount] Notifying assignor about the new Assignment(partitions=[skafka-go-streams-wordcount-KSTREAM-AGGREGATE-STATE-STORE-0000000003-repartition-0, streams-plaintext-input-0], userDataSize=64)
2026-07-31 07:26:20,999 INFO  StreamsPartitionAssignor - stream-thread [skafka-go-streams-wordcount-1a74447b-5fdf-40ea-9611-cfd9e4fde9ec-StreamThread-1-consumer] No followup rebalance was requested, resetting the rebalance schedule.
2026-07-31 07:26:21,000 INFO  TaskManager - stream-thread [skafka-go-streams-wordcount-1a74447b-5fdf-40ea-9611-cfd9e4fde9ec-StreamThread-1] Handle new assignment with:
	New active tasks: [1_0, 0_0]
	New standby tasks: []
	Existing active tasks: []
	Existing standby tasks: []
2026-07-31 07:26:21,010 INFO  ConsumerRebalanceListenerInvoker - [Consumer clientId=skafka-go-streams-wordcount-1a74447b-5fdf-40ea-9611-cfd9e4fde9ec-StreamThread-1-consumer, groupId=skafka-go-streams-wordcount] Adding newly assigned partitions: skafka-go-streams-wordcount-KSTREAM-AGGREGATE-STATE-STORE-0000000003-repartition-0, streams-plaintext-input-0
2026-07-31 07:26:21,010 INFO  StreamThread - stream-thread [skafka-go-streams-wordcount-1a74447b-5fdf-40ea-9611-cfd9e4fde9ec-StreamThread-1] State transition from STARTING to PARTITIONS_ASSIGNED
2026-07-31 07:26:21,014 INFO  ConsumerCoordinator - [Consumer clientId=skafka-go-streams-wordcount-1a74447b-5fdf-40ea-9611-cfd9e4fde9ec-StreamThread-1-consumer, groupId=skafka-go-streams-wordcount] Found no committed offset for partition skafka-go-streams-wordcount-KSTREAM-AGGREGATE-STATE-STORE-0000000003-repartition-0
2026-07-31 07:26:21,167 INFO  RocksDBTimestampedStore - Opening store KSTREAM-AGGREGATE-STATE-STORE-0000000003 in regular mode
2026-07-31 07:26:21,170 INFO  ProcessorStateManager - stream-thread [skafka-go-streams-wordcount-1a74447b-5fdf-40ea-9611-cfd9e4fde9ec-StreamThread-1] stream-task [1_0] State store KSTREAM-AGGREGATE-STATE-STORE-0000000003 did not find checkpoint offset, hence would default to the starting offset at changelog skafka-go-streams-wordcount-KSTREAM-AGGREGATE-STATE-STORE-0000000003-changelog-0
2026-07-31 07:26:21,170 INFO  StreamTask - stream-thread [skafka-go-streams-wordcount-1a74447b-5fdf-40ea-9611-cfd9e4fde9ec-StreamThread-1] task [1_0] Initialized
2026-07-31 07:26:21,170 INFO  StreamTask - stream-thread [skafka-go-streams-wordcount-1a74447b-5fdf-40ea-9611-cfd9e4fde9ec-StreamThread-1] task [0_0] Initialized
2026-07-31 07:26:21,171 INFO  DefaultStateUpdater - state-updater [skafka-go-streams-wordcount-1a74447b-5fdf-40ea-9611-cfd9e4fde9ec-StateUpdater-1] Stateful active task 1_0 was added to the state updater
2026-07-31 07:26:21,171 INFO  DefaultStateUpdater - state-updater [skafka-go-streams-wordcount-1a74447b-5fdf-40ea-9611-cfd9e4fde9ec-StateUpdater-1] Stateless active task 0_0 was added to the restored tasks of the state updater
2026-07-31 07:26:21,171 INFO  ConsumerUtils - Setting offset for partition streams-plaintext-input-0 to the committed offset FetchPosition{offset=0, offsetEpoch=Optional[0], currentLeader=LeaderAndEpoch{leader=Optional[skafka-go-1.skafka-go-headless.skafka-go.svc.cluster.local:9092 (id: 1 rack: null)], epoch=0}}
2026-07-31 07:26:21,173 ERROR PartitionLeaderStrategy - [AdminClient clientId=skafka-go-streams-wordcount-1a74447b-5fdf-40ea-9611-cfd9e4fde9ec-admin] Received unknown topic error for topic skafka-go-streams-wordcount-KSTREAM-AGGREGATE-STATE-STORE-0000000003-changelog
org.apache.kafka.common.errors.UnknownTopicOrPartitionException: This server does not host this topic-partition.
2026-07-31 07:26:21,173 INFO  ConsumerCoordinator - [Consumer clientId=skafka-go-streams-wordcount-1a74447b-5fdf-40ea-9611-cfd9e4fde9ec-StreamThread-1-consumer, groupId=skafka-go-streams-wordcount] Request joining group due to: cached metadata has changed from (version9: {streams-plaintext-input=[NO_RACKS], skafka-go-streams-wordcount-KSTREAM-AGGREGATE-STATE-STORE-0000000003-repartition=[]}) at the beginning of the rebalance to (version10: {streams-plaintext-input=[NO_RACKS], skafka-go-streams-wordcount-KSTREAM-AGGREGATE-STATE-STORE-0000000003-repartition=[NO_RACKS]})
2026-07-31 07:26:21,174 INFO  ConsumerCoordinator - [Consumer clientId=skafka-go-streams-wordcount-1a74447b-5fdf-40ea-9611-cfd9e4fde9ec-StreamThread-1-consumer, groupId=skafka-go-streams-wordcount] (Re-)joining group
2026-07-31 07:26:21,174 INFO  StoreChangelogReader - stream-thread [skafka-go-streams-wordcount-1a74447b-5fdf-40ea-9611-cfd9e4fde9ec-StreamThread-1] End offset for changelog skafka-go-streams-wordcount-KSTREAM-AGGREGATE-STATE-STORE-0000000003-changelog-0 cannot be found; will retry in the next time.
2026-07-31 07:26:21,175 WARN  OffsetsForLeaderEpochUtils - Attempt to fetch offsets for partition streams-plaintext-input-0 failed due to: Topic deletion is disabled., retrying.
2026-07-31 07:26:21,175 INFO  ConsumerCoordinator - [Consumer clientId=skafka-go-streams-wordcount-1a74447b-5fdf-40ea-9611-cfd9e4fde9ec-StreamThread-1-consumer, groupId=skafka-go-streams-wordcount] Successfully joined group with generation Generation{generationId=2, memberId='skafka-go-streams-wordcount-1a74447b-5fdf-40ea-9611-cfd9e4fde9ec-StreamThread-1-consumer-b0d61925ebf9a663', protocol='stream'}
2026-07-31 07:26:21,175 ERROR PartitionLeaderStrategy - [AdminClient clientId=skafka-go-streams-wordcount-1a74447b-5fdf-40ea-9611-cfd9e4fde9ec-admin] Received unknown topic error for topic skafka-go-streams-wordcount-KSTREAM-AGGREGATE-STATE-STORE-0000000003-changelog
org.apache.kafka.common.errors.UnknownTopicOrPartitionException: This server does not host this topic-partition.
2026-07-31 07:26:21,175 INFO  StoreChangelogReader - stream-thread [skafka-go-streams-wordcount-1a74447b-5fdf-40ea-9611-cfd9e4fde9ec-StreamThread-1] End offset for changelog skafka-go-streams-wordcount-KSTREAM-AGGREGATE-STATE-STORE-0000000003-changelog-0 cannot be found; will retry in the next time.
2026-07-31 07:26:21,176 ERROR PartitionLeaderStrategy - [AdminClient clientId=skafka-go-streams-wordcount-1a74447b-5fdf-40ea-9611-cfd9e4fde9ec-admin] Received unknown topic error for topic skafka-go-streams-wordcount-KSTREAM-AGGREGATE-STATE-STORE-0000000003-changelog
org.apache.kafka.common.errors.UnknownTopicOrPartitionException: This server does not host this topic-partition.
2026-07-31 07:26:21,176 INFO  StoreChangelogReader - stream-thread [skafka-go-streams-wordcount-1a74447b-5fdf-40ea-9611-cfd9e4fde9ec-StreamThread-1] End offset for changelog skafka-go-streams-wordcount-KSTREAM-AGGREGATE-STATE-STORE-0000000003-changelog-0 cannot be found; will retry in the next time.
2026-07-31 07:26:21,177 ERROR PartitionLeaderStrategy - [AdminClient clientId=skafka-go-streams-wordcount-1a74447b-5fdf-40ea-9611-cfd9e4fde9ec-admin] Received unknown topic error for topic skafka-go-streams-wordcount-KSTREAM-AGGREGATE-STATE-STORE-0000000003-changelog
org.apache.kafka.common.errors.UnknownTopicOrPartitionException: This server does not host this topic-partition.
2026-07-31 07:26:21,177 INFO  StoreChangelogReader - stream-thread [skafka-go-streams-wordcount-1a74447b-5fdf-40ea-9611-cfd9e4fde9ec-StreamThread-1] End offset for changelog skafka-go-streams-wordcount-KSTREAM-AGGREGATE-STATE-STORE-0000000003-changelog-0 cannot be found; will retry in the next time.
2026-07-31 07:26:21,178 ERROR PartitionLeaderStrategy - [AdminClient clientId=skafka-go-streams-wordcount-1a74447b-5fdf-40ea-9611-cfd9e4fde9ec-admin] Received unknown topic error for topic skafka-go-streams-wordcount-KSTREAM-AGGREGATE-STATE-STORE-0000000003-changelog
org.apache.kafka.common.errors.UnknownTopicOrPartitionException: This server does not host this topic-partition.
2026-07-31 07:26:21,178 INFO  StoreChangelogReader - stream-thread [skafka-go-streams-wordcount-1a74447b-5fdf-40ea-9611-cfd9e4fde9ec-StreamThread-1] End offset for changelog skafka-go-streams-wordcount-KSTREAM-AGGREGATE-STATE-STORE-0000000003-changelog-0 cannot be found; will retry in the next time.
2026-07-31 07:26:21,180 ERROR PartitionLeaderStrategy - [AdminClient clientId=skafka-go-streams-wordcount-1a74447b-5fdf-40ea-9611-cfd9e4fde9ec-admin] Received unknown topic error for topic skafka-go-streams-wordcount-KSTREAM-AGGREGATE-STATE-STORE-0000000003-changelog
org.apache.kafka.common.errors.UnknownTopicOrPartitionException: This server does not host this topic-partition.
2026-07-31 07:26:21,181 INFO  StoreChangelogReader - stream-thread [skafka-go-streams-wordcount-1a74447b-5fdf-40ea-9611-cfd9e4fde9ec-StreamThread-1] End offset for changelog skafka-go-streams-wordcount-KSTREAM-AGGREGATE-STATE-STORE-0000000003-changelog-0 cannot be found; will retry in the next time.
2026-07-31 07:26:21,181 ERROR PartitionLeaderStrategy - [AdminClient clientId=skafka-go-streams-wordcount-1a74447b-5fdf-40ea-9611-cfd9e4fde9ec-admin] Received unknown topic error for topic skafka-go-streams-wordcount-KSTREAM-AGGREGATE-STATE-STORE-0000000003-changelog
org.apache.kafka.common.errors.UnknownTopicOrPartitionException: This server does not host this topic-partition.
2026-07-31 07:26:21,181 INFO  StoreChangelogReader - stream-thread [skafka-go-streams-wordcount-1a74447b-5fdf-40ea-9611-cfd9e4fde9ec-StreamThread-1] End offset for changelog skafka-go-streams-wordcount-KSTREAM-AGGREGATE-STATE-STORE-0000000003-changelog-0 cannot be found; will retry in the next time.
2026-07-31 07:26:21,182 ERROR PartitionLeaderStrategy - [AdminClient clientId=skafka-go-streams-wordcount-1a74447b-5fdf-40ea-9611-cfd9e4fde9ec-admin] Received unknown topic error for topic skafka-go-streams-wordcount-KSTREAM-AGGREGATE-STATE-STORE-0000000003-changelog
org.apache.kafka.common.errors.UnknownTopicOrPartitionException: This server does not host this topic-partition.
2026-07-31 07:26:21,182 INFO  StoreChangelogReader - stream-thread [skafka-go-streams-wordcount-1a74447b-5fdf-40ea-9611-cfd9e4fde9ec-StreamThread-1] End offset for changelog skafka-go-streams-wordcount-KSTREAM-AGGREGATE-STATE-STORE-0000000003-changelog-0 cannot be found; will retry in the next time.
2026-07-31 07:26:21,182 ERROR PartitionLeaderStrategy - [AdminClient clientId=skafka-go-streams-wordcount-1a74447b-5fdf-40ea-9611-cfd9e4fde9ec-admin] Received unknown topic error for topic skafka-go-streams-wordcount-KSTREAM-AGGREGATE-STATE-STORE-0000000003-changelog
org.apache.kafka.common.errors.UnknownTopicOrPartitionException: This server does not host this topic-partition.
2026-07-31 07:26:21,182 INFO  StoreChangelogReader - stream-thread [skafka-go-streams-wordcount-1a74447b-5fdf-40ea-9611-cfd9e4fde9ec-StreamThread-1] End offset for changelog skafka-go-streams-wordcount-KSTREAM-AGGREGATE-STATE-STORE-0000000003-changelog-0 cannot be found; will retry in the next time.
2026-07-31 07:26:21,183 ERROR PartitionLeaderStrategy - [AdminClient clientId=skafka-go-streams-wordcount-1a74447b-5fdf-40ea-9611-cfd9e4fde9ec-admin] Received unknown topic error for topic skafka-go-streams-wordcount-KSTREAM-AGGREGATE-STATE-STORE-0000000003-changelog
org.apache.kafka.common.errors.UnknownTopicOrPartitionException: This server does not host this topic-partition.
2026-07-31 07:26:21,183 INFO  StoreChangelogReader - stream-thread [skafka-go-streams-wordcount-1a74447b-5fdf-40ea-9611-cfd9e4fde9ec-StreamThread-1] End offset for changelog skafka-go-streams-wordcount-KSTREAM-AGGREGATE-STATE-STORE-0000000003-changelog-0 cannot be found; will retry in the next time.
2026-07-31 07:26:21,184 ERROR PartitionLeaderStrategy - [AdminClient clientId=skafka-go-streams-wordcount-1a74447b-5fdf-40ea-9611-cfd9e4fde9ec-admin] Received unknown topic error for topic skafka-go-streams-wordcount-KSTREAM-AGGREGATE-STATE-STORE-0000000003-changelog
org.apache.kafka.common.errors.UnknownTopicOrPartitionException: This server does not host this topic-partition.
2026-07-31 07:26:21,184 INFO  StoreChangelogReader - stream-thread [skafka-go-streams-wordcount-1a74447b-5fdf-40ea-9611-cfd9e4fde9ec-StreamThread-1] End offset for changelog skafka-go-streams-wordcount-KSTREAM-AGGREGATE-STATE-STORE-0000000003-changelog-0 cannot be found; will retry in the next time.
2026-07-31 07:26:21,184 ERROR PartitionLeaderStrategy - [AdminClient clientId=skafka-go-streams-wordcount-1a74447b-5fdf-40ea-9611-cfd9e4fde9ec-admin] Received unknown topic error for topic skafka-go-streams-wordcount-KSTREAM-AGGREGATE-STATE-STORE-0000000003-changelog
org.apache.kafka.common.errors.UnknownTopicOrPartitionException: This server does not host this topic-partition.
2026-07-31 07:26:21,184 INFO  StoreChangelogReader - stream-thread [skafka-go-streams-wordcount-1a74447b-5fdf-40ea-9611-cfd9e4fde9ec-StreamThread-1] End offset for changelog skafka-go-streams-wordcount-KSTREAM-AGGREGATE-STATE-STORE-0000000003-changelog-0 cannot be found; will retry in the next time.
2026-07-31 07:26:21,205 ERROR PartitionLeaderStrategy - [AdminClient clientId=skafka-go-streams-wordcount-1a74447b-5fdf-40ea-9611-cfd9e4fde9ec-admin] Received unknown topic error for topic skafka-go-streams-wordcount-KSTREAM-AGGREGATE-STATE-STORE-0000000003-changelog
org.apache.kafka.common.errors.UnknownTopicOrPartitionException: This server does not host this topic-partition.
2026-07-31 07:26:21,205 INFO  StoreChangelogReader - stream-thread [skafka-go-streams-wordcount-1a74447b-5fdf-40ea-9611-cfd9e4fde9ec-StreamThread-1] End offset for changelog skafka-go-streams-wordcount-KSTREAM-AGGREGATE-STATE-STORE-0000000003-changelog-0 cannot be found; will retry in the next time.
2026-07-31 07:26:21,206 ERROR PartitionLeaderStrategy - [AdminClient clientId=skafka-go-streams-wordcount-1a74447b-5fdf-40ea-9611-cfd9e4fde9ec-admin] Received unknown topic error for topic skafka-go-streams-wordcount-KSTREAM-AGGREGATE-STATE-STORE-0000000003-changelog
org.apache.kafka.common.errors.UnknownTopicOrPartitionException: This server does not host this topic-partition.
2026-07-31 07:26:21,206 INFO  StoreChangelogReader - stream-thread [skafka-go-streams-wordcount-1a74447b-5fdf-40ea-9611-cfd9e4fde9ec-StreamThread-1] End offset for changelog skafka-go-streams-wordcount-KSTREAM-AGGREGATE-STATE-STORE-0000000003-changelog-0 cannot be found; will retry in the next time.
2026-07-31 07:26:21,207 ERROR PartitionLeaderStrategy - [AdminClient clientId=skafka-go-streams-wordcount-1a74447b-5fdf-40ea-9611-cfd9e4fde9ec-admin] Received unknown topic error for topic skafka-go-streams-wordcount-KSTREAM-AGGREGATE-STATE-STORE-0000000003-changelog
org.apache.kafka.common.errors.UnknownTopicOrPartitionException: This server does not host this topic-partition.
2026-07-31 07:26:21,207 INFO  StoreChangelogReader - stream-thread [skafka-go-streams-wordcount-1a74447b-5fdf-40ea-9611-cfd9e4fde9ec-StreamThread-1] End offset for changelog skafka-go-streams-wordcount-KSTREAM-AGGREGATE-STATE-STORE-0000000003-changelog-0 cannot be found; will retry in the next time.
2026-07-31 07:26:21,207 ERROR PartitionLeaderStrategy - [AdminClient clientId=skafka-go-streams-wordcount-1a74447b-5fdf-40ea-9611-cfd9e4fde9ec-admin] Received unknown topic error for topic skafka-go-streams-wordcount-KSTREAM-AGGREGATE-STATE-STORE-0000000003-changelog
org.apache.kafka.common.errors.UnknownTopicOrPartitionException: This server does not host this topic-partition.
2026-07-31 07:26:21,208 INFO  StoreChangelogReader - stream-thread [skafka-go-streams-wordcount-1a74447b-5fdf-40ea-9611-cfd9e4fde9ec-StreamThread-1] End offset for changelog skafka-go-streams-wordcount-KSTREAM-AGGREGATE-STATE-STORE-0000000003-changelog-0 cannot be found; will retry in the next time.
2026-07-31 07:26:21,208 ERROR PartitionLeaderStrategy - [AdminClient clientId=skafka-go-streams-wordcount-1a74447b-5fdf-40ea-9611-cfd9e4fde9ec-admin] Received unknown topic error for topic skafka-go-streams-wordcount-KSTREAM-AGGREGATE-STATE-STORE-0000000003-changelog
org.apache.kafka.common.errors.UnknownTopicOrPartitionException: This server does not host this topic-partition.
2026-07-31 07:26:21,208 INFO  StoreChangelogReader - stream-thread [skafka-go-streams-wordcount-1a74447b-5fdf-40ea-9611-cfd9e4fde9ec-StreamThread-1] End offset for changelog skafka-go-streams-wordcount-KSTREAM-AGGREGATE-STATE-STORE-0000000003-changelog-0 cannot be found; will retry in the next time.
2026-07-31 07:26:21,208 ERROR PartitionLeaderStrategy - [AdminClient clientId=skafka-go-streams-wordcount-1a74447b-5fdf-40ea-9611-cfd9e4fde9ec-admin] Received unknown topic error for topic skafka-go-streams-wordcount-KSTREAM-AGGREGATE-STATE-STORE-0000000003-changelog
org.apache.kafka.common.errors.UnknownTopicOrPartitionException: This server does not host this topic-partition.
2026-07-31 07:26:21,208 INFO  StoreChangelogReader - stream-thread [skafka-go-streams-wordcount-1a74447b-5fdf-40ea-9611-cfd9e4fde9ec-StreamThread-1] End offset for changelog skafka-go-streams-wordcount-KSTREAM-AGGREGATE-STATE-STORE-0000000003-changelog-0 cannot be found; will retry in the next time.
2026-07-31 07:26:21,209 ERROR PartitionLeaderStrategy - [AdminClient clientId=skafka-go-streams-wordcount-1a74447b-5fdf-40ea-9611-cfd9e4fde9ec-admin] Received unknown topic error for topic skafka-go-streams-wordcount-KSTREAM-AGGREGATE-STATE-STORE-0000000003-changelog
org.apache.kafka.common.errors.UnknownTopicOrPartitionException: This server does not host this topic-partition.
2026-07-31 07:26:21,209 INFO  StoreChangelogReader - stream-thread [skafka-go-streams-wordcount-1a74447b-5fdf-40ea-9611-cfd9e4fde9ec-StreamThread-1] End offset for changelog skafka-go-streams-wordcount-KSTREAM-AGGREGATE-STATE-STORE-0000000003-changelog-0 cannot be found; will retry in the next time.
2026-07-31 07:26:21,210 ERROR PartitionLeaderStrategy - [AdminClient clientId=skafka-go-streams-wordcount-1a74447b-5fdf-40ea-9611-cfd9e4fde9ec-admin] Received unknown topic error for topic skafka-go-streams-wordcount-KSTREAM-AGGREGATE-STATE-STORE-0000000003-changelog
org.apache.kafka.common.errors.UnknownTopicOrPartitionException: This server does not host this topic-partition.
2026-07-31 07:26:21,210 INFO  StoreChangelogReader - stream-thread [skafka-go-streams-wordcount-1a74447b-5fdf-40ea-9611-cfd9e4fde9ec-StreamThread-1] End offset for changelog skafka-go-streams-wordcount-KSTREAM-AGGREGATE-STATE-STORE-0000000003-changelog-0 cannot be found; will retry in the next time.
2026-07-31 07:26:21,211 ERROR PartitionLeaderStrategy - [AdminClient clientId=skafka-go-streams-wordcount-1a74447b-5fdf-40ea-9611-cfd9e4fde9ec-admin] Received unknown topic error for topic skafka-go-streams-wordcount-KSTREAM-AGGREGATE-STATE-STORE-0000000003-changelog
org.apache.kafka.common.errors.UnknownTopicOrPartitionException: This server does not host this topic-partition.
2026-07-31 07:26:21,211 INFO  StoreChangelogReader - stream-thread [skafka-go-streams-wordcount-1a74447b-5fdf-40ea-9611-cfd9e4fde9ec-StreamThread-1] End offset for changelog skafka-go-streams-wordcount-KSTREAM-AGGREGATE-STATE-STORE-0000000003-changelog-0 cannot be found; will retry in the next time.
2026-07-31 07:26:21,211 ERROR PartitionLeaderStrategy - [AdminClient clientId=skafka-go-streams-wordcount-1a74447b-5fdf-40ea-9611-cfd9e4fde9ec-admin] Received unknown topic error for topic skafka-go-streams-wordcount-KSTREAM-AGGREGATE-STATE-STORE-0000000003-changelog
org.apache.kafka.common.errors.UnknownTopicOrPartitionException: This server does not host this topic-partition.
2026-07-31 07:26:21,211 INFO  StoreChangelogReader - stream-thread [skafka-go-streams-wordcount-1a74447b-5fdf-40ea-9611-cfd9e4fde9ec-StreamThread-1] End offset for changelog skafka-go-streams-wordcount-KSTREAM-AGGREGATE-STATE-STORE-0000000003-changelog-0 cannot be found; will retry in the next time.
2026-07-31 07:26:21,211 ERROR PartitionLeaderStrategy - [AdminClient clientId=skafka-go-streams-wordcount-1a74447b-5fdf-40ea-9611-cfd9e4fde9ec-admin] Received unknown topic error for topic skafka-go-streams-wordcount-KSTREAM-AGGREGATE-STATE-STORE-0000000003-changelog
org.apache.kafka.common.errors.UnknownTopicOrPartitionException: This server does not host this topic-partition.
2026-07-31 07:26:21,211 INFO  StoreChangelogReader - stream-thread [skafka-go-streams-wordcount-1a74447b-5fdf-40ea-9611-cfd9e4fde9ec-StreamThread-1] End offset for changelog skafka-go-streams-wordcount-KSTREAM-AGGREGATE-STATE-STORE-0000000003-changelog-0 cannot be found; will retry in the next time.
2026-07-31 07:26:21,212 ERROR PartitionLeaderStrategy - [AdminClient clientId=skafka-go-streams-wordcount-1a74447b-5fdf-40ea-9611-cfd9e4fde9ec-admin] Received unknown topic error for topic skafka-go-streams-wordcount-KSTREAM-AGGREGATE-STATE-STORE-0000000003-changelog
org.apache.kafka.common.errors.UnknownTopicOrPartitionException: This server does not host this topic-partition.
2026-07-31 07:26:21,212 INFO  StoreChangelogReader - stream-thread [skafka-go-streams-wordcount-1a74447b-5fdf-40ea-9611-cfd9e4fde9ec-StreamThread-1] End offset for changelog skafka-go-streams-wordcount-KSTREAM-AGGREGATE-STATE-STORE-0000000003-changelog-0 cannot be found; will retry in the next time.
2026-07-31 07:26:21,213 ERROR PartitionLeaderStrategy - [AdminClient clientId=skafka-go-streams-wordcount-1a74447b-5fdf-40ea-9611-cfd9e4fde9ec-admin] Received unknown topic error for topic skafka-go-streams-wordcount-KSTREAM-AGGREGATE-STATE-STORE-0000000003-changelog
org.apache.kafka.common.errors.UnknownTopicOrPartitionException: This server does not host this topic-partition.
2026-07-31 07:26:21,213 INFO  StoreChangelogReader - stream-thread [skafka-go-streams-wordcount-1a74447b-5fdf-40ea-9611-cfd9e4fde9ec-StreamThread-1] End offset for changelog skafka-go-streams-wordcount-KSTREAM-AGGREGATE-STATE-STORE-0000000003-changelog-0 cannot be found; will retry in the next time.
2026-07-31 07:26:21,214 ERROR PartitionLeaderStrategy - [AdminClient clientId=skafka-go-streams-wordcount-1a74447b-5fdf-40ea-9611-cfd9e4fde9ec-admin] Received unknown topic error for topic skafka-go-streams-wordcount-KSTREAM-AGGREGATE-STATE-STORE-0000000003-changelog
org.apache.kafka.common.errors.UnknownTopicOrPartitionException: This server does not host this topic-partition.
2026-07-31 07:26:21,214 INFO  StoreChangelogReader - stream-thread [skafka-go-streams-wordcount-1a74447b-5fdf-40ea-9611-cfd9e4fde9ec-StreamThread-1] End offset for changelog skafka-go-streams-wordcount-KSTREAM-AGGREGATE-STATE-STORE-0000000003-changelog-0 cannot be found; will retry in the next time.
2026-07-31 07:26:21,214 ERROR PartitionLeaderStrategy - [AdminClient clientId=skafka-go-streams-wordcount-1a74447b-5fdf-40ea-9611-cfd9e4fde9ec-admin] Received unknown topic error for topic skafka-go-streams-wordcount-KSTREAM-AGGREGATE-STATE-STORE-0000000003-changelog
org.apache.kafka.common.errors.UnknownTopicOrPartitionException: This server does not host this topic-partition.
2026-07-31 07:26:21,214 INFO  StoreChangelogReader - stream-thread [skafka-go-streams-wordcount-1a74447b-5fdf-40ea-9611-cfd9e4fde9ec-StreamThread-1] End offset for changelog skafka-go-streams-wordcount-KSTREAM-AGGREGATE-STATE-STORE-0000000003-changelog-0 cannot be found; will retry in the next time.
2026-07-31 07:26:21,215 ERROR PartitionLeaderStrategy - [AdminClient clientId=skafka-go-streams-wordcount-1a74447b-5fdf-40ea-9611-cfd9e4fde9ec-admin] Received unknown topic error for topic skafka-go-streams-wordcount-KSTREAM-AGGREGATE-STATE-STORE-0000000003-changelog
org.apache.kafka.common.errors.UnknownTopicOrPartitionException: This server does not host this topic-partition.
2026-07-31 07:26:21,215 INFO  StoreChangelogReader - stream-thread [skafka-go-streams-wordcount-1a74447b-5fdf-40ea-9611-cfd9e4fde9ec-StreamThread-1] End offset for changelog skafka-go-streams-wordcount-KSTREAM-AGGREGATE-STATE-STORE-0000000003-changelog-0 cannot be found; will retry in the next time.
2026-07-31 07:26:21,216 ERROR PartitionLeaderStrategy - [AdminClient clientId=skafka-go-streams-wordcount-1a74447b-5fdf-40ea-9611-cfd9e4fde9ec-admin] Received unknown topic error for topic skafka-go-streams-wordcount-KSTREAM-AGGREGATE-STATE-STORE-0000000003-changelog
org.apache.kafka.common.errors.UnknownTopicOrPartitionException: This server does not host this topic-partition.
2026-07-31 07:26:21,216 INFO  StoreChangelogReader - stream-thread [skafka-go-streams-wordcount-1a74447b-5fdf-40ea-9611-cfd9e4fde9ec-StreamThread-1] End offset for changelog skafka-go-streams-wordcount-KSTREAM-AGGREGATE-STATE-STORE-0000000003-changelog-0 cannot be found; will retry in the next time.
2026-07-31 07:26:21,216 ERROR PartitionLeaderStrategy - [AdminClient clientId=skafka-go-streams-wordcount-1a74447b-5fdf-40ea-9611-cfd9e4fde9ec-admin] Received unknown topic error for topic skafka-go-streams-wordcount-KSTREAM-AGGREGATE-STATE-STORE-0000000003-changelog
org.apache.kafka.common.errors.UnknownTopicOrPartitionException: This server does not host this topic-partition.
2026-07-31 07:26:21,217 INFO  StoreChangelogReader - stream-thread [skafka-go-streams-wordcount-1a74447b-5fdf-40ea-9611-cfd9e4fde9ec-StreamThread-1] End offset for changelog skafka-go-streams-wordcount-KSTREAM-AGGREGATE-STATE-STORE-0000000003-changelog-0 cannot be found; will retry in the next time.
2026-07-31 07:26:21,217 ERROR PartitionLeaderStrategy - [AdminClient clientId=skafka-go-streams-wordcount-1a74447b-5fdf-40ea-9611-cfd9e4fde9ec-admin] Received unknown topic error for topic skafka-go-streams-wordcount-KSTREAM-AGGREGATE-STATE-STORE-0000000003-changelog
org.apache.kafka.common.errors.UnknownTopicOrPartitionException: This server does not host this topic-partition.
2026-07-31 07:26:21,217 INFO  StoreChangelogReader - stream-thread [skafka-go-streams-wordcount-1a74447b-5fdf-40ea-9611-cfd9e4fde9ec-StreamThread-1] End offset for changelog skafka-go-streams-wordcount-KSTREAM-AGGREGATE-STATE-STORE-0000000003-changelog-0 cannot be found; will retry in the next time.
2026-07-31 07:26:21,218 ERROR PartitionLeaderStrategy - [AdminClient clientId=skafka-go-streams-wordcount-1a74447b-5fdf-40ea-9611-cfd9e4fde9ec-admin] Received unknown topic error for topic skafka-go-streams-wordcount-KSTREAM-AGGREGATE-STATE-STORE-0000000003-changelog
org.apache.kafka.common.errors.UnknownTopicOrPartitionException: This server does not host this topic-partition.
2026-07-31 07:26:21,218 INFO  StoreChangelogReader - stream-thread [skafka-go-streams-wordcount-1a74447b-5fdf-40ea-9611-cfd9e4fde9ec-StreamThread-1] End offset for changelog skafka-go-streams-wordcount-KSTREAM-AGGREGATE-STATE-STORE-0000000003-changelog-0 cannot be found; will retry in the next time.
2026-07-31 07:26:21,218 ERROR PartitionLeaderStrategy - [AdminClient clientId=skafka-go-streams-wordcount-1a74447b-5fdf-40ea-9611-cfd9e4fde9ec-admin] Received unknown topic error for topic skafka-go-streams-wordcount-KSTREAM-AGGREGATE-STATE-STORE-0000000003-changelog
org.apache.kafka.common.errors.UnknownTopicOrPartitionException: This server does not host this topic-partition.
2026-07-31 07:26:21,218 INFO  StoreChangelogReader - stream-thread [skafka-go-streams-wordcount-1a74447b-5fdf-40ea-9611-cfd9e4fde9ec-StreamThread-1] End offset for changelog skafka-go-streams-wordcount-KSTREAM-AGGREGATE-STATE-STORE-0000000003-changelog-0 cannot be found; will retry in the next time.
2026-07-31 07:26:21,219 ERROR PartitionLeaderStrategy - [AdminClient clientId=skafka-go-streams-wordcount-1a74447b-5fdf-40ea-9611-cfd9e4fde9ec-admin] Received unknown topic error for topic skafka-go-streams-wordcount-KSTREAM-AGGREGATE-STATE-STORE-0000000003-changelog
org.apache.kafka.common.errors.UnknownTopicOrPartitionException: This server does not host this topic-partition.
2026-07-31 07:26:21,219 INFO  StoreChangelogReader - stream-thread [skafka-go-streams-wordcount-1a74447b-5fdf-40ea-9611-cfd9e4fde9ec-StreamThread-1] End offset for changelog skafka-go-streams-wordcount-KSTREAM-AGGREGATE-STATE-STORE-0000000003-changelog-0 cannot be found; will retry in the next time.
2026-07-31 07:26:21,219 ERROR PartitionLeaderStrategy - [AdminClient clientId=skafka-go-streams-wordcount-1a74447b-5fdf-40ea-9611-cfd9e4fde9ec-admin] Received unknown topic error for topic skafka-go-streams-wordcount-KSTREAM-AGGREGATE-STATE-STORE-0000000003-changelog
org.apache.kafka.common.errors.UnknownTopicOrPartitionException: This server does not host this topic-partition.
2026-07-31 07:26:21,220 INFO  StoreChangelogReader - stream-thread [skafka-go-streams-wordcount-1a74447b-5fdf-40ea-9611-cfd9e4fde9ec-StreamThread-1] End offset for changelog skafka-go-streams-wordcount-KSTREAM-AGGREGATE-STATE-STORE-0000000003-changelog-0 cannot be found; will retry in the next time.
2026-07-31 07:26:21,220 ERROR PartitionLeaderStrategy - [AdminClient clientId=skafka-go-streams-wordcount-1a74447b-5fdf-40ea-9611-cfd9e4fde9ec-admin] Received unknown topic error for topic skafka-go-streams-wordcount-KSTREAM-AGGREGATE-STATE-STORE-0000000003-changelog
org.apache.kafka.common.errors.UnknownTopicOrPartitionException: This server does not host this topic-partition.
2026-07-31 07:26:21,220 INFO  StoreChangelogReader - stream-thread [skafka-go-streams-wordcount-1a74447b-5fdf-40ea-9611-cfd9e4fde9ec-StreamThread-1] End offset for changelog skafka-go-streams-wordcount-KSTREAM-AGGREGATE-STATE-STORE-0000000003-changelog-0 cannot be found; will retry in the next time.
2026-07-31 07:26:21,221 ERROR PartitionLeaderStrategy - [AdminClient clientId=skafka-go-streams-wordcount-1a74447b-5fdf-40ea-9611-cfd9e4fde9ec-admin] Received unknown topic error for topic skafka-go-streams-wordcount-KSTREAM-AGGREGATE-STATE-STORE-0000000003-changelog
org.apache.kafka.common.errors.UnknownTopicOrPartitionException: This server does not host this topic-partition.
2026-07-31 07:26:21,221 INFO  StoreChangelogReader - stream-thread [skafka-go-streams-wordcount-1a74447b-5fdf-40ea-9611-cfd9e4fde9ec-StreamThread-1] End offset for changelog skafka-go-streams-wordcount-KSTREAM-AGGREGATE-STATE-STORE-0000000003-changelog-0 cannot be found; will retry in the next time.
2026-07-31 07:26:21,221 ERROR PartitionLeaderStrategy - [AdminClient clientId=skafka-go-streams-wordcount-1a74447b-5fdf-40ea-9611-cfd9e4fde9ec-admin] Received unknown topic error for topic skafka-go-streams-wordcount-KSTREAM-AGGREGATE-STATE-STORE-0000000003-changelog
org.apache.kafka.common.errors.UnknownTopicOrPartitionException: This server does not host this topic-partition.
2026-07-31 07:26:21,221 INFO  StoreChangelogReader - stream-thread [skafka-go-streams-wordcount-1a74447b-5fdf-40ea-9611-cfd9e4fde9ec-StreamThread-1] End offset for changelog skafka-go-streams-wordcount-KSTREAM-AGGREGATE-STATE-STORE-0000000003-changelog-0 cannot be found; will retry in the next time.
2026-07-31 07:26:21,221 ERROR PartitionLeaderStrategy - [AdminClient clientId=skafka-go-streams-wordcount-1a74447b-5fdf-40ea-9611-cfd9e4fde9ec-admin] Received unknown topic error for topic skafka-go-streams-wordcount-KSTREAM-AGGREGATE-STATE-STORE-0000000003-changelog
org.apache.kafka.common.errors.UnknownTopicOrPartitionException: This server does not host this topic-partition.
2026-07-31 07:26:21,221 INFO  StoreChangelogReader - stream-thread [skafka-go-streams-wordcount-1a74447b-5fdf-40ea-9611-cfd9e4fde9ec-StreamThread-1] End offset for changelog skafka-go-streams-wordcount-KSTREAM-AGGREGATE-STATE-STORE-0000000003-changelog-0 cannot be found; will retry in the next time.
2026-07-31 07:26:21,222 ERROR PartitionLeaderStrategy - [AdminClient clientId=skafka-go-streams-wordcount-1a74447b-5fdf-40ea-9611-cfd9e4fde9ec-admin] Received unknown topic error for topic skafka-go-streams-wordcount-KSTREAM-AGGREGATE-STATE-STORE-0000000003-changelog
org.apache.kafka.common.errors.UnknownTopicOrPartitionException: This server does not host this topic-partition.
2026-07-31 07:26:21,222 INFO  StoreChangelogReader - stream-thread [skafka-go-streams-wordcount-1a74447b-5fdf-40ea-9611-cfd9e4fde9ec-StreamThread-1] End offset for changelog skafka-go-streams-wordcount-KSTREAM-AGGREGATE-STATE-STORE-0000000003-changelog-0 cannot be found; will retry in the next time.
2026-07-31 07:26:21,222 ERROR PartitionLeaderStrategy - [AdminClient clientId=skafka-go-streams-wordcount-1a74447b-5fdf-40ea-9611-cfd9e4fde9ec-admin] Received unknown topic error for topic skafka-go-streams-wordcount-KSTREAM-AGGREGATE-STATE-STORE-0000000003-changelog
org.apache.kafka.common.errors.UnknownTopicOrPartitionException: This server does not host this topic-partition.
2026-07-31 07:26:21,223 INFO  StoreChangelogReader - stream-thread [skafka-go-streams-wordcount-1a74447b-5fdf-40ea-9611-cfd9e4fde9ec-StreamThread-1] End offset for changelog skafka-go-streams-wordcount-KSTREAM-AGGREGATE-STATE-STORE-0000000003-changelog-0 cannot be found; will retry in the next time.
2026-07-31 07:26:21,223 ERROR PartitionLeaderStrategy - [AdminClient clientId=skafka-go-streams-wordcount-1a74447b-5fdf-40ea-9611-cfd9e4fde9ec-admin] Received unknown topic error for topic skafka-go-streams-wordcount-KSTREAM-AGGREGATE-STATE-STORE-0000000003-changelog
org.apache.kafka.common.errors.UnknownTopicOrPartitionException: This server does not host this topic-partition.
2026-07-31 07:26:21,223 INFO  StoreChangelogReader - stream-thread [skafka-go-streams-wordcount-1a74447b-5fdf-40ea-9611-cfd9e4fde9ec-StreamThread-1] End offset for changelog skafka-go-streams-wordcount-KSTREAM-AGGREGATE-STATE-STORE-0000000003-changelog-0 cannot be found; will retry in the next time.
2026-07-31 07:26:21,223 ERROR PartitionLeaderStrategy - [AdminClient clientId=skafka-go-streams-wordcount-1a74447b-5fdf-40ea-9611-cfd9e4fde9ec-admin] Received unknown topic error for topic skafka-go-streams-wordcount-KSTREAM-AGGREGATE-STATE-STORE-0000000003-changelog
org.apache.kafka.common.errors.UnknownTopicOrPartitionException: This server does not host this topic-partition.
2026-07-31 07:26:21,223 INFO  StoreChangelogReader - stream-thread [skafka-go-streams-wordcount-1a74447b-5fdf-40ea-9611-cfd9e4fde9ec-StreamThread-1] End offset for changelog skafka-go-streams-wordcount-KSTREAM-AGGREGATE-STATE-STORE-0000000003-changelog-0 cannot be found; will retry in the next time.
2026-07-31 07:26:21,224 ERROR PartitionLeaderStrategy - [AdminClient clientId=skafka-go-streams-wordcount-1a74447b-5fdf-40ea-9611-cfd9e4fde9ec-admin] Received unknown topic error for topic skafka-go-streams-wordcount-KSTREAM-AGGREGATE-STATE-STORE-0000000003-changelog
org.apache.kafka.common.errors.UnknownTopicOrPartitionException: This server does not host this topic-partition.
2026-07-31 07:26:21,224 INFO  StoreChangelogReader - stream-thread [skafka-go-streams-wordcount-1a74447b-5fdf-40ea-9611-cfd9e4fde9ec-StreamThread-1] End offset for changelog skafka-go-streams-wordcount-KSTREAM-AGGREGATE-STATE-STORE-0000000003-changelog-0 cannot be found; will retry in the next time.
2026-07-31 07:26:21,224 ERROR PartitionLeaderStrategy - [AdminClient clientId=skafka-go-streams-wordcount-1a74447b-5fdf-40ea-9611-cfd9e4fde9ec-admin] Received unknown topic error for topic skafka-go-streams-wordcount-KSTREAM-AGGREGATE-STATE-STORE-0000000003-changelog
org.apache.kafka.common.errors.UnknownTopicOrPartitionException: This server does not host this topic-partition.
2026-07-31 07:26:21,225 INFO  StoreChangelogReader - stream-thread [skafka-go-streams-wordcount-1a74447b-5fdf-40ea-9611-cfd9e4fde9ec-StreamThread-1] End offset for changelog skafka-go-streams-wordcount-KSTREAM-AGGREGATE-STATE-STORE-0000000003-changelog-0 cannot be found; will retry in the next time.
2026-07-31 07:26:21,225 ERROR PartitionLeaderStrategy - [AdminClient clientId=skafka-go-streams-wordcount-1a74447b-5fdf-40ea-9611-cfd9e4fde9ec-admin] Received unknown topic error for topic skafka-go-streams-wordcount-KSTREAM-AGGREGATE-STATE-STORE-0000000003-changelog
org.apache.kafka.common.errors.UnknownTopicOrPartitionException: This server does not host this topic-partition.
2026-07-31 07:26:21,225 INFO  StoreChangelogReader - stream-thread [skafka-go-streams-wordcount-1a74447b-5fdf-40ea-9611-cfd9e4fde9ec-StreamThread-1] End offset for changelog skafka-go-streams-wordcount-KSTREAM-AGGREGATE-STATE-STORE-0000000003-changelog-0 cannot be found; will retry in the next time.
2026-07-31 07:26:21,225 ERROR PartitionLeaderStrategy - [AdminClient clientId=skafka-go-streams-wordcount-1a74447b-5fdf-40ea-9611-cfd9e4fde9ec-admin] Received unknown topic error for topic skafka-go-streams-wordcount-KSTREAM-AGGREGATE-STATE-STORE-0000000003-changelog
org.apache.kafka.common.errors.UnknownTopicOrPartitionException: This server does not host this topic-partition.
2026-07-31 07:26:21,225 INFO  StoreChangelogReader - stream-thread [skafka-go-streams-wordcount-1a74447b-5fdf-40ea-9611-cfd9e4fde9ec-StreamThread-1] End offset for changelog skafka-go-streams-wordcount-KSTREAM-AGGREGATE-STATE-STORE-0000000003-changelog-0 cannot be found; will retry in the next time.
2026-07-31 07:26:21,225 ERROR PartitionLeaderStrategy - [AdminClient clientId=skafka-go-streams-wordcount-1a74447b-5fdf-40ea-9611-cfd9e4fde9ec-admin] Received unknown topic error for topic skafka-go-streams-wordcount-KSTREAM-AGGREGATE-STATE-STORE-0000000003-changelog
org.apache.kafka.common.errors.UnknownTopicOrPartitionException: This server does not host this topic-partition.
2026-07-31 07:26:21,225 INFO  StoreChangelogReader - stream-thread [skafka-go-streams-wordcount-1a74447b-5fdf-40ea-9611-cfd9e4fde9ec-StreamThread-1] End offset for changelog skafka-go-streams-wordcount-KSTREAM-AGGREGATE-STATE-STORE-0000000003-changelog-0 cannot be found; will retry in the next time.
2026-07-31 07:26:21,226 ERROR PartitionLeaderStrategy - [AdminClient clientId=skafka-go-streams-wordcount-1a74447b-5fdf-40ea-9611-cfd9e4fde9ec-admin] Received unknown topic error for topic skafka-go-streams-wordcount-KSTREAM-AGGREGATE-STATE-STORE-0000000003-changelog
org.apache.kafka.common.errors.UnknownTopicOrPartitionException: This server does not host this topic-partition.
2026-07-31 07:26:21,226 INFO  StoreChangelogReader - stream-thread [skafka-go-streams-wordcount-1a74447b-5fdf-40ea-9611-cfd9e4fde9ec-StreamThread-1] End offset for changelog skafka-go-streams-wordcount-KSTREAM-AGGREGATE-STATE-STORE-0000000003-changelog-0 cannot be found; will retry in the next time.
2026-07-31 07:26:21,226 ERROR PartitionLeaderStrategy - [AdminClient clientId=skafka-go-streams-wordcount-1a74447b-5fdf-40ea-9611-cfd9e4fde9ec-admin] Received unknown topic error for topic skafka-go-streams-wordcount-KSTREAM-AGGREGATE-STATE-STORE-0000000003-changelog
org.apache.kafka.common.errors.UnknownTopicOrPartitionException: This server does not host this topic-partition.
2026-07-31 07:26:21,226 INFO  StoreChangelogReader - stream-thread [skafka-go-streams-wordcount-1a74447b-5fdf-40ea-9611-cfd9e4fde9ec-StreamThread-1] End offset for changelog skafka-go-streams-wordcount-KSTREAM-AGGREGATE-STATE-STORE-0000000003-changelog-0 cannot be found; will retry in the next time.
2026-07-31 07:26:21,226 ERROR PartitionLeaderStrategy - [AdminClient clientId=skafka-go-streams-wordcount-1a74447b-5fdf-40ea-9611-cfd9e4fde9ec-admin] Received unknown topic error for topic skafka-go-streams-wordcount-KSTREAM-AGGREGATE-STATE-STORE-0000000003-changelog
org.apache.kafka.common.errors.UnknownTopicOrPartitionException: This server does not host this topic-partition.
2026-07-31 07:26:21,226 INFO  StoreChangelogReader - stream-thread [skafka-go-streams-wordcount-1a74447b-5fdf-40ea-9611-cfd9e4fde9ec-StreamThread-1] End offset for changelog skafka-go-streams-wordcount-KSTREAM-AGGREGATE-STATE-STORE-0000000003-changelog-0 cannot be found; will retry in the next time.
2026-07-31 07:26:21,227 ERROR PartitionLeaderStrategy - [AdminClient clientId=skafka-go-streams-wordcount-1a74447b-5fdf-40ea-9611-cfd9e4fde9ec-admin] Received unknown topic error for topic skafka-go-streams-wordcount-KSTREAM-AGGREGATE-STATE-STORE-0000000003-changelog
org.apache.kafka.common.errors.UnknownTopicOrPartitionException: This server does not host this topic-partition.
2026-07-31 07:26:21,227 INFO  StoreChangelogReader - stream-thread [skafka-go-streams-wordcount-1a74447b-5fdf-40ea-9611-cfd9e4fde9ec-StreamThread-1] End offset for changelog skafka-go-streams-wordcount-KSTREAM-AGGREGATE-STATE-STORE-0000000003-changelog-0 cannot be found; will retry in the next time.
2026-07-31 07:26:21,227 ERROR PartitionLeaderStrategy - [AdminClient clientId=skafka-go-streams-wordcount-1a74447b-5fdf-40ea-9611-cfd9e4fde9ec-admin] Received unknown topic error for topic skafka-go-streams-wordcount-KSTREAM-AGGREGATE-STATE-STORE-0000000003-changelog
org.apache.kafka.common.errors.UnknownTopicOrPartitionException: This server does not host this topic-partition.
2026-07-31 07:26:21,227 INFO  StoreChangelogReader - stream-thread [skafka-go-streams-wordcount-1a74447b-5fdf-40ea-9611-cfd9e4fde9ec-StreamThread-1] End offset for changelog skafka-go-streams-wordcount-KSTREAM-AGGREGATE-STATE-STORE-0000000003-changelog-0 cannot be found; will retry in the next time.
2026-07-31 07:26:21,227 ERROR PartitionLeaderStrategy - [AdminClient clientId=skafka-go-streams-wordcount-1a74447b-5fdf-40ea-9611-cfd9e4fde9ec-admin] Received unknown topic error for topic skafka-go-streams-wordcount-KSTREAM-AGGREGATE-STATE-STORE-0000000003-changelog
org.apache.kafka.common.errors.UnknownTopicOrPartitionException: This server does not host this topic-partition.
2026-07-31 07:26:21,228 INFO  StoreChangelogReader - stream-thread [skafka-go-streams-wordcount-1a74447b-5fdf-40ea-9611-cfd9e4fde9ec-StreamThread-1] End offset for changelog skafka-go-streams-wordcount-KSTREAM-AGGREGATE-STATE-STORE-0000000003-changelog-0 cannot be found; will retry in the next time.
2026-07-31 07:26:21,228 ERROR PartitionLeaderStrategy - [AdminClient clientId=skafka-go-streams-wordcount-1a74447b-5fdf-40ea-9611-cfd9e4fde9ec-admin] Received unknown topic error for topic skafka-go-streams-wordcount-KSTREAM-AGGREGATE-STATE-STORE-0000000003-changelog
org.apache.kafka.common.errors.UnknownTopicOrPartitionException: This server does not host this topic-partition.
2026-07-31 07:26:21,228 INFO  StoreChangelogReader - stream-thread [skafka-go-streams-wordcount-1a74447b-5fdf-40ea-9611-cfd9e4fde9ec-StreamThread-1] End offset for changelog skafka-go-streams-wordcount-KSTREAM-AGGREGATE-STATE-STORE-0000000003-changelog-0 cannot be found; will retry in the next time.
2026-07-31 07:26:21,257 ERROR PartitionLeaderStrategy - [AdminClient clientId=skafka-go-streams-wordcount-1a74447b-5fdf-40ea-9611-cfd9e4fde9ec-admin] Received unknown topic error for topic skafka-go-streams-wordcount-KSTREAM-AGGREGATE-STATE-STORE-0000000003-changelog
org.apache.kafka.common.errors.UnknownTopicOrPartitionException: This server does not host this topic-partition.
2026-07-31 07:26:21,257 INFO  StoreChangelogReader - stream-thread [skafka-go-streams-wordcount-1a74447b-5fdf-40ea-9611-cfd9e4fde9ec-StreamThread-1] End offset for changelog skafka-go-streams-wordcount-KSTREAM-AGGREGATE-STATE-STORE-0000000003-changelog-0 cannot be found; will retry in the next time.
2026-07-31 07:26:21,258 ERROR PartitionLeaderStrategy - [AdminClient clientId=skafka-go-streams-wordcount-1a74447b-5fdf-40ea-9611-cfd9e4fde9ec-admin] Received unknown topic error for topic skafka-go-streams-wordcount-KSTREAM-AGGREGATE-STATE-STORE-0000000003-changelog
org.apache.kafka.common.errors.UnknownTopicOrPartitionException: This server does not host this topic-partition.
2026-07-31 07:26:21,258 INFO  StoreChangelogReader - stream-thread [skafka-go-streams-wordcount-1a74447b-5fdf-40ea-9611-cfd9e4fde9ec-StreamThread-1] End offset for changelog skafka-go-streams-wordcount-KSTREAM-AGGREGATE-STATE-STORE-0000000003-changelog-0 cannot be found; will retry in the next time.
2026-07-31 07:26:21,259 ERROR PartitionLeaderStrategy - [AdminClient clientId=skafka-go-streams-wordcount-1a74447b-5fdf-40ea-9611-cfd9e4fde9ec-admin] Received unknown topic error for topic skafka-go-streams-wordcount-KSTREAM-AGGREGATE-STATE-STORE-0000000003-changelog
org.apache.kafka.common.errors.UnknownTopicOrPartitionException: This server does not host this topic-partition.
2026-07-31 07:26:21,259 INFO  StoreChangelogReader - stream-thread [skafka-go-streams-wordcount-1a74447b-5fdf-40ea-9611-cfd9e4fde9ec-StreamThread-1] End offset for changelog skafka-go-streams-wordcount-KSTREAM-AGGREGATE-STATE-STORE-0000000003-changelog-0 cannot be found; will retry in the next time.
2026-07-31 07:26:21,259 ERROR PartitionLeaderStrategy - [AdminClient clientId=skafka-go-streams-wordcount-1a74447b-5fdf-40ea-9611-cfd9e4fde9ec-admin] Received unknown topic error for topic skafka-go-streams-wordcount-KSTREAM-AGGREGATE-STATE-STORE-0000000003-changelog
org.apache.kafka.common.errors.UnknownTopicOrPartitionException: This server does not host this topic-partition.
2026-07-31 07:26:21,260 INFO  StoreChangelogReader - stream-thread [skafka-go-streams-wordcount-1a74447b-5fdf-40ea-9611-cfd9e4fde9ec-StreamThread-1] End offset for changelog skafka-go-streams-wordcount-KSTREAM-AGGREGATE-STATE-STORE-0000000003-changelog-0 cannot be found; will retry in the next time.
2026-07-31 07:26:21,260 ERROR PartitionLeaderStrategy - [AdminClient clientId=skafka-go-streams-wordcount-1a74447b-5fdf-40ea-9611-cfd9e4fde9ec-admin] Received unknown topic error for topic skafka-go-streams-wordcount-KSTREAM-AGGREGATE-STATE-STORE-0000000003-changelog
org.apache.kafka.common.errors.UnknownTopicOrPartitionException: This server does not host this topic-partition.
2026-07-31 07:26:21,260 INFO  StoreChangelogReader - stream-thread [skafka-go-streams-wordcount-1a74447b-5fdf-40ea-9611-cfd9e4fde9ec-StreamThread-1] End offset for changelog skafka-go-streams-wordcount-KSTREAM-AGGREGATE-STATE-STORE-0000000003-changelog-0 cannot be found; will retry in the next time.
2026-07-31 07:26:21,260 ERROR PartitionLeaderStrategy - [AdminClient clientId=skafka-go-streams-wordcount-1a74447b-5fdf-40ea-9611-cfd9e4fde9ec-admin] Received unknown topic error for topic skafka-go-streams-wordcount-KSTREAM-AGGREGATE-STATE-STORE-0000000003-changelog
org.apache.kafka.common.errors.UnknownTopicOrPartitionException: This server does not host this topic-partition.
2026-07-31 07:26:21,261 INFO  StoreChangelogReader - stream-thread [skafka-go-streams-wordcount-1a74447b-5fdf-40ea-9611-cfd9e4fde9ec-StreamThread-1] End offset for changelog skafka-go-streams-wordcount-KSTREAM-AGGREGATE-STATE-STORE-0000000003-changelog-0 cannot be found; will retry in the next time.
2026-07-31 07:26:21,261 ERROR PartitionLeaderStrategy - [AdminClient clientId=skafka-go-streams-wordcount-1a74447b-5fdf-40ea-9611-cfd9e4fde9ec-admin] Received unknown topic error for topic skafka-go-streams-wordcount-KSTREAM-AGGREGATE-STATE-STORE-0000000003-changelog
org.apache.kafka.common.errors.UnknownTopicOrPartitionException: This server does not host this topic-partition.
2026-07-31 07:26:21,261 INFO  StoreChangelogReader - stream-thread [skafka-go-streams-wordcount-1a74447b-5fdf-40ea-9611-cfd9e4fde9ec-StreamThread-1] End offset for changelog skafka-go-streams-wordcount-KSTREAM-AGGREGATE-STATE-STORE-0000000003-changelog-0 cannot be found; will retry in the next time.
2026-07-31 07:26:21,262 ERROR PartitionLeaderStrategy - [AdminClient clientId=skafka-go-streams-wordcount-1a74447b-5fdf-40ea-9611-cfd9e4fde9ec-admin] Received unknown topic error for topic skafka-go-streams-wordcount-KSTREAM-AGGREGATE-STATE-STORE-0000000003-changelog
org.apache.kafka.common.errors.UnknownTopicOrPartitionException: This server does not host this topic-partition.
2026-07-31 07:26:21,262 INFO  StoreChangelogReader - stream-thread [skafka-go-streams-wordcount-1a74447b-5fdf-40ea-9611-cfd9e4fde9ec-StreamThread-1] End offset for changelog skafka-go-streams-wordcount-KSTREAM-AGGREGATE-STATE-STORE-0000000003-changelog-0 cannot be found; will retry in the next time.
2026-07-31 07:26:21,262 ERROR PartitionLeaderStrategy - [AdminClient clientId=skafka-go-streams-wordcount-1a74447b-5fdf-40ea-9611-cfd9e4fde9ec-admin] Received unknown topic error for topic skafka-go-streams-wordcount-KSTREAM-AGGREGATE-STATE-STORE-0000000003-changelog
org.apache.kafka.common.errors.UnknownTopicOrPartitionException: This server does not host this topic-partition.
2026-07-31 07:26:21,262 INFO  StoreChangelogReader - stream-thread [skafka-go-streams-wordcount-1a74447b-5fdf-40ea-9611-cfd9e4fde9ec-StreamThread-1] End offset for changelog skafka-go-streams-wordcount-KSTREAM-AGGREGATE-STATE-STORE-0000000003-changelog-0 cannot be found; will retry in the next time.
2026-07-31 07:26:21,263 ERROR PartitionLeaderStrategy - [AdminClient clientId=skafka-go-streams-wordcount-1a74447b-5fdf-40ea-9611-cfd9e4fde9ec-admin] Received unknown topic error for topic skafka-go-streams-wordcount-KSTREAM-AGGREGATE-STATE-STORE-0000000003-changelog
org.apache.kafka.common.errors.UnknownTopicOrPartitionException: This server does not host this topic-partition.
2026-07-31 07:26:21,263 INFO  StoreChangelogReader - stream-thread [skafka-go-streams-wordcount-1a74447b-5fdf-40ea-9611-cfd9e4fde9ec-StreamThread-1] End offset for changelog skafka-go-streams-wordcount-KSTREAM-AGGREGATE-STATE-STORE-0000000003-changelog-0 cannot be found; will retry in the next time.
2026-07-31 07:26:21,263 ERROR PartitionLeaderStrategy - [AdminClient clientId=skafka-go-streams-wordcount-1a74447b-5fdf-40ea-9611-cfd9e4fde9ec-admin] Received unknown topic error for topic skafka-go-streams-wordcount-KSTREAM-AGGREGATE-STATE-STORE-0000000003-changelog
org.apache.kafka.common.errors.UnknownTopicOrPartitionException: This server does not host this topic-partition.
2026-07-31 07:26:21,263 INFO  StoreChangelogReader - stream-thread [skafka-go-streams-wordcount-1a74447b-5fdf-40ea-9611-cfd9e4fde9ec-StreamThread-1] End offset for changelog skafka-go-streams-wordcount-KSTREAM-AGGREGATE-STATE-STORE-0000000003-changelog-0 cannot be found; will retry in the next time.
2026-07-31 07:26:21,264 ERROR PartitionLeaderStrategy - [AdminClient clientId=skafka-go-streams-wordcount-1a74447b-5fdf-40ea-9611-cfd9e4fde9ec-admin] Received unknown topic error for topic skafka-go-streams-wordcount-KSTREAM-AGGREGATE-STATE-STORE-0000000003-changelog
org.apache.kafka.common.errors.UnknownTopicOrPartitionException: This server does not host this topic-partition.
2026-07-31 07:26:21,264 INFO  StoreChangelogReader - stream-thread [skafka-go-streams-wordcount-1a74447b-5fdf-40ea-9611-cfd9e4fde9ec-StreamThread-1] End offset for changelog skafka-go-streams-wordcount-KSTREAM-AGGREGATE-STATE-STORE-0000000003-changelog-0 cannot be found; will retry in the next time.
2026-07-31 07:26:21,264 ERROR PartitionLeaderStrategy - [AdminClient clientId=skafka-go-streams-wordcount-1a74447b-5fdf-40ea-9611-cfd9e4fde9ec-admin] Received unknown topic error for topic skafka-go-streams-wordcount-KSTREAM-AGGREGATE-STATE-STORE-0000000003-changelog
org.apache.kafka.common.errors.UnknownTopicOrPartitionException: This server does not host this topic-partition.
2026-07-31 07:26:21,264 INFO  StoreChangelogReader - stream-thread [skafka-go-streams-wordcount-1a74447b-5fdf-40ea-9611-cfd9e4fde9ec-StreamThread-1] End offset for changelog skafka-go-streams-wordcount-KSTREAM-AGGREGATE-STATE-STORE-0000000003-changelog-0 cannot be found; will retry in the next time.
2026-07-31 07:26:21,264 ERROR PartitionLeaderStrategy - [AdminClient clientId=skafka-go-streams-wordcount-1a74447b-5fdf-40ea-9611-cfd9e4fde9ec-admin] Received unknown topic error for topic skafka-go-streams-wordcount-KSTREAM-AGGREGATE-STATE-STORE-0000000003-changelog
org.apache.kafka.common.errors.UnknownTopicOrPartitionException: This server does not host this topic-partition.
2026-07-31 07:26:21,264 INFO  StoreChangelogReader - stream-thread [skafka-go-streams-wordcount-1a74447b-5fdf-40ea-9611-cfd9e4fde9ec-StreamThread-1] End offset for changelog skafka-go-streams-wordcount-KSTREAM-AGGREGATE-STATE-STORE-0000000003-changelog-0 cannot be found; will retry in the next time.
2026-07-31 07:26:21,264 ERROR PartitionLeaderStrategy - [AdminClient clientId=skafka-go-streams-wordcount-1a74447b-5fdf-40ea-9611-cfd9e4fde9ec-admin] Received unknown topic error for topic skafka-go-streams-wordcount-KSTREAM-AGGREGATE-STATE-STORE-0000000003-changelog
org.apache.kafka.common.errors.UnknownTopicOrPartitionException: This server does not host this topic-partition.
2026-07-31 07:26:21,264 INFO  StoreChangelogReader - stream-thread [skafka-go-streams-wordcount-1a74447b-5fdf-40ea-9611-cfd9e4fde9ec-StreamThread-1] End offset for changelog skafka-go-streams-wordcount-KSTREAM-AGGREGATE-STATE-STORE-0000000003-changelog-0 cannot be found; will retry in the next time.
2026-07-31 07:26:21,265 ERROR PartitionLeaderStrategy - [AdminClient clientId=skafka-go-streams-wordcount-1a74447b-5fdf-40ea-9611-cfd9e4fde9ec-admin] Received unknown topic error for topic skafka-go-streams-wordcount-KSTREAM-AGGREGATE-STATE-STORE-0000000003-changelog
org.apache.kafka.common.errors.UnknownTopicOrPartitionException: This server does not host this topic-partition.
2026-07-31 07:26:21,265 INFO  StoreChangelogReader - stream-thread [skafka-go-streams-wordcount-1a74447b-5fdf-40ea-9611-cfd9e4fde9ec-StreamThread-1] End offset for changelog skafka-go-streams-wordcount-KSTREAM-AGGREGATE-STATE-STORE-0000000003-changelog-0 cannot be found; will retry in the next time.
2026-07-31 07:26:21,265 ERROR PartitionLeaderStrategy - [AdminClient clientId=skafka-go-streams-wordcount-1a74447b-5fdf-40ea-9611-cfd9e4fde9ec-admin] Received unknown topic error for topic skafka-go-streams-wordcount-KSTREAM-AGGREGATE-STATE-STORE-0000000003-changelog
org.apache.kafka.common.errors.UnknownTopicOrPartitionException: This server does not host this topic-partition.
2026-07-31 07:26:21,265 INFO  StoreChangelogReader - stream-thread [skafka-go-streams-wordcount-1a74447b-5fdf-40ea-9611-cfd9e4fde9ec-StreamThread-1] End offset for changelog skafka-go-streams-wordcount-KSTREAM-AGGREGATE-STATE-STORE-0000000003-changelog-0 cannot be found; will retry in the next time.
2026-07-31 07:26:21,265 ERROR PartitionLeaderStrategy - [AdminClient clientId=skafka-go-streams-wordcount-1a74447b-5fdf-40ea-9611-cfd9e4fde9ec-admin] Received unknown topic error for topic skafka-go-streams-wordcount-KSTREAM-AGGREGATE-STATE-STORE-0000000003-changelog
org.apache.kafka.common.errors.UnknownTopicOrPartitionException: This server does not host this topic-partition.
2026-07-31 07:26:21,265 INFO  StoreChangelogReader - stream-thread [skafka-go-streams-wordcount-1a74447b-5fdf-40ea-9611-cfd9e4fde9ec-StreamThread-1] End offset for changelog skafka-go-streams-wordcount-KSTREAM-AGGREGATE-STATE-STORE-0000000003-changelog-0 cannot be found; will retry in the next time.
2026-07-31 07:26:21,266 ERROR PartitionLeaderStrategy - [AdminClient clientId=skafka-go-streams-wordcount-1a74447b-5fdf-40ea-9611-cfd9e4fde9ec-admin] Received unknown topic error for topic skafka-go-streams-wordcount-KSTREAM-AGGREGATE-STATE-STORE-0000000003-changelog
org.apache.kafka.common.errors.UnknownTopicOrPartitionException: This server does not host this topic-partition.
2026-07-31 07:26:21,266 INFO  StoreChangelogReader - stream-thread [skafka-go-streams-wordcount-1a74447b-5fdf-40ea-9611-cfd9e4fde9ec-StreamThread-1] End offset for changelog skafka-go-streams-wordcount-KSTREAM-AGGREGATE-STATE-STORE-0000000003-changelog-0 cannot be found; will retry in the next time.
2026-07-31 07:26:21,266 ERROR PartitionLeaderStrategy - [AdminClient clientId=skafka-go-streams-wordcount-1a74447b-5fdf-40ea-9611-cfd9e4fde9ec-admin] Received unknown topic error for topic skafka-go-streams-wordcount-KSTREAM-AGGREGATE-STATE-STORE-0000000003-changelog
org.apache.kafka.common.errors.UnknownTopicOrPartitionException: This server does not host this topic-partition.
2026-07-31 07:26:21,266 INFO  StoreChangelogReader - stream-thread [skafka-go-streams-wordcount-1a74447b-5fdf-40ea-9611-cfd9e4fde9ec-StreamThread-1] End offset for changelog skafka-go-streams-wordcount-KSTREAM-AGGREGATE-STATE-STORE-0000000003-changelog-0 cannot be found; will retry in the next time.
2026-07-31 07:26:21,266 ERROR PartitionLeaderStrategy - [AdminClient clientId=skafka-go-streams-wordcount-1a74447b-5fdf-40ea-9611-cfd9e4fde9ec-admin] Received unknown topic error for topic skafka-go-streams-wordcount-KSTREAM-AGGREGATE-STATE-STORE-0000000003-changelog
org.apache.kafka.common.errors.UnknownTopicOrPartitionException: This server does not host this topic-partition.
2026-07-31 07:26:21,266 INFO  StoreChangelogReader - stream-thread [skafka-go-streams-wordcount-1a74447b-5fdf-40ea-9611-cfd9e4fde9ec-StreamThread-1] End offset for changelog skafka-go-streams-wordcount-KSTREAM-AGGREGATE-STATE-STORE-0000000003-changelog-0 cannot be found; will retry in the next time.
2026-07-31 07:26:21,267 ERROR PartitionLeaderStrategy - [AdminClient clientId=skafka-go-streams-wordcount-1a74447b-5fdf-40ea-9611-cfd9e4fde9ec-admin] Received unknown topic error for topic skafka-go-streams-wordcount-KSTREAM-AGGREGATE-STATE-STORE-0000000003-changelog
org.apache.kafka.common.errors.UnknownTopicOrPartitionException: This server does not host this topic-partition.
2026-07-31 07:26:21,267 INFO  StoreChangelogReader - stream-thread [skafka-go-streams-wordcount-1a74447b-5fdf-40ea-9611-cfd9e4fde9ec-StreamThread-1] End offset for changelog skafka-go-streams-wordcount-KSTREAM-AGGREGATE-STATE-STORE-0000000003-changelog-0 cannot be found; will retry in the next time.
2026-07-31 07:26:21,267 ERROR PartitionLeaderStrategy - [AdminClient clientId=skafka-go-streams-wordcount-1a74447b-5fdf-40ea-9611-cfd9e4fde9ec-admin] Received unknown topic error for topic skafka-go-streams-wordcount-KSTREAM-AGGREGATE-STATE-STORE-0000000003-changelog
org.apache.kafka.common.errors.UnknownTopicOrPartitionException: This server does not host this topic-partition.
2026-07-31 07:26:21,267 INFO  StoreChangelogReader - stream-thread [skafka-go-streams-wordcount-1a74447b-5fdf-40ea-9611-cfd9e4fde9ec-StreamThread-1] End offset for changelog skafka-go-streams-wordcount-KSTREAM-AGGREGATE-STATE-STORE-0000000003-changelog-0 cannot be found; will retry in the next time.
2026-07-31 07:26:21,267 ERROR PartitionLeaderStrategy - [AdminClient clientId=skafka-go-streams-wordcount-1a74447b-5fdf-40ea-9611-cfd9e4fde9ec-admin] Received unknown topic error for topic skafka-go-streams-wordcount-KSTREAM-AGGREGATE-STATE-STORE-0000000003-changelog
org.apache.kafka.common.errors.UnknownTopicOrPartitionException: This server does not host this topic-partition.
2026-07-31 07:26:21,267 INFO  StoreChangelogReader - stream-thread [skafka-go-streams-wordcount-1a74447b-5fdf-40ea-9611-cfd9e4fde9ec-StreamThread-1] End offset for changelog skafka-go-streams-wordcount-KSTREAM-AGGREGATE-STATE-STORE-0000000003-changelog-0 cannot be found; will retry in the next time.
2026-07-31 07:26:21,268 ERROR PartitionLeaderStrategy - [AdminClient clientId=skafka-go-streams-wordcount-1a74447b-5fdf-40ea-9611-cfd9e4fde9ec-admin] Received unknown topic error for topic skafka-go-streams-wordcount-KSTREAM-AGGREGATE-STATE-STORE-0000000003-changelog
org.apache.kafka.common.errors.UnknownTopicOrPartitionException: This server does not host this topic-partition.
2026-07-31 07:26:21,268 INFO  StoreChangelogReader - stream-thread [skafka-go-streams-wordcount-1a74447b-5fdf-40ea-9611-cfd9e4fde9ec-StreamThread-1] End offset for changelog skafka-go-streams-wordcount-KSTREAM-AGGREGATE-STATE-STORE-0000000003-changelog-0 cannot be found; will retry in the next time.
2026-07-31 07:26:21,268 ERROR PartitionLeaderStrategy - [AdminClient clientId=skafka-go-streams-wordcount-1a74447b-5fdf-40ea-9611-cfd9e4fde9ec-admin] Received unknown topic error for topic skafka-go-streams-wordcount-KSTREAM-AGGREGATE-STATE-STORE-0000000003-changelog
org.apache.kafka.common.errors.UnknownTopicOrPartitionException: This server does not host this topic-partition.
2026-07-31 07:26:21,268 INFO  StoreChangelogReader - stream-thread [skafka-go-streams-wordcount-1a74447b-5fdf-40ea-9611-cfd9e4fde9ec-StreamThread-1] End offset for changelog skafka-go-streams-wordcount-KSTREAM-AGGREGATE-STATE-STORE-0000000003-changelog-0 cannot be found; will retry in the next time.
2026-07-31 07:26:21,268 ERROR PartitionLeaderStrategy - [AdminClient clientId=skafka-go-streams-wordcount-1a74447b-5fdf-40ea-9611-cfd9e4fde9ec-admin] Received unknown topic error for topic skafka-go-streams-wordcount-KSTREAM-AGGREGATE-STATE-STORE-0000000003-changelog
org.apache.kafka.common.errors.UnknownTopicOrPartitionException: This server does not host this topic-partition.
2026-07-31 07:26:21,269 INFO  StoreChangelogReader - stream-thread [skafka-go-streams-wordcount-1a74447b-5fdf-40ea-9611-cfd9e4fde9ec-StreamThread-1] End offset for changelog skafka-go-streams-wordcount-KSTREAM-AGGREGATE-STATE-STORE-0000000003-changelog-0 cannot be found; will retry in the next time.
2026-07-31 07:26:21,269 ERROR PartitionLeaderStrategy - [AdminClient clientId=skafka-go-streams-wordcount-1a74447b-5fdf-40ea-9611-cfd9e4fde9ec-admin] Received unknown topic error for topic skafka-go-streams-wordcount-KSTREAM-AGGREGATE-STATE-STORE-0000000003-changelog
org.apache.kafka.common.errors.UnknownTopicOrPartitionException: This server does not host this topic-partition.
2026-07-31 07:26:21,269 INFO  StoreChangelogReader - stream-thread [skafka-go-streams-wordcount-1a74447b-5fdf-40ea-9611-cfd9e4fde9ec-StreamThread-1] End offset for changelog skafka-go-streams-wordcount-KSTREAM-AGGREGATE-STATE-STORE-0000000003-changelog-0 cannot be found; will retry in the next time.
2026-07-31 07:26:21,269 ERROR PartitionLeaderStrategy - [AdminClient clientId=skafka-go-streams-wordcount-1a74447b-5fdf-40ea-9611-cfd9e4fde9ec-admin] Received unknown topic error for topic skafka-go-streams-wordcount-KSTREAM-AGGREGATE-STATE-STORE-0000000003-changelog
org.apache.kafka.common.errors.UnknownTopicOrPartitionException: This server does not host this topic-partition.
2026-07-31 07:26:21,269 INFO  StoreChangelogReader - stream-thread [skafka-go-streams-wordcount-1a74447b-5fdf-40ea-9611-cfd9e4fde9ec-StreamThread-1] End offset for changelog skafka-go-streams-wordcount-KSTREAM-AGGREGATE-STATE-STORE-0000000003-changelog-0 cannot be found; will retry in the next time.
2026-07-31 07:26:21,304 ERROR PartitionLeaderStrategy - [AdminClient clientId=skafka-go-streams-wordcount-1a74447b-5fdf-40ea-9611-cfd9e4fde9ec-admin] Received unknown topic error for topic skafka-go-streams-wordcount-KSTREAM-AGGREGATE-STATE-STORE-0000000003-changelog
org.apache.kafka.common.errors.UnknownTopicOrPartitionException: This server does not host this topic-partition.
2026-07-31 07:26:21,304 INFO  StoreChangelogReader - stream-thread [skafka-go-streams-wordcount-1a74447b-5fdf-40ea-9611-cfd9e4fde9ec-StreamThread-1] End offset for changelog skafka-go-streams-wordcount-KSTREAM-AGGREGATE-STATE-STORE-0000000003-changelog-0 cannot be found; will retry in the next time.
2026-07-31 07:26:21,307 ERROR PartitionLeaderStrategy - [AdminClient clientId=skafka-go-streams-wordcount-1a74447b-5fdf-40ea-9611-cfd9e4fde9ec-admin] Received unknown topic error for topic skafka-go-streams-wordcount-KSTREAM-AGGREGATE-STATE-STORE-0000000003-changelog
org.apache.kafka.common.errors.UnknownTopicOrPartitionException: This server does not host this topic-partition.
2026-07-31 07:26:21,307 INFO  StoreChangelogReader - stream-thread [skafka-go-streams-wordcount-1a74447b-5fdf-40ea-9611-cfd9e4fde9ec-StreamThread-1] End offset for changelog skafka-go-streams-wordcount-KSTREAM-AGGREGATE-STATE-STORE-0000000003-changelog-0 cannot be found; will retry in the next time.
2026-07-31 07:26:21,308 ERROR PartitionLeaderStrategy - [AdminClient clientId=skafka-go-streams-wordcount-1a74447b-5fdf-40ea-9611-cfd9e4fde9ec-admin] Received unknown topic error for topic skafka-go-streams-wordcount-KSTREAM-AGGREGATE-STATE-STORE-0000000003-changelog
org.apache.kafka.common.errors.UnknownTopicOrPartitionException: This server does not host this topic-partition.
2026-07-31 07:26:21,308 INFO  StoreChangelogReader - stream-thread [skafka-go-streams-wordcount-1a74447b-5fdf-40ea-9611-cfd9e4fde9ec-StreamThread-1] End offset for changelog skafka-go-streams-wordcount-KSTREAM-AGGREGATE-STATE-STORE-0000000003-changelog-0 cannot be found; will retry in the next time.
2026-07-31 07:26:21,309 ERROR PartitionLeaderStrategy - [AdminClient clientId=skafka-go-streams-wordcount-1a74447b-5fdf-40ea-9611-cfd9e4fde9ec-admin] Received unknown topic error for topic skafka-go-streams-wordcount-KSTREAM-AGGREGATE-STATE-STORE-0000000003-changelog
org.apache.kafka.common.errors.UnknownTopicOrPartitionException: This server does not host this topic-partition.
2026-07-31 07:26:21,309 INFO  StoreChangelogReader - stream-thread [skafka-go-streams-wordcount-1a74447b-5fdf-40ea-9611-cfd9e4fde9ec-StreamThread-1] End offset for changelog skafka-go-streams-wordcount-KSTREAM-AGGREGATE-STATE-STORE-0000000003-changelog-0 cannot be found; will retry in the next time.
2026-07-31 07:26:21,309 ERROR PartitionLeaderStrategy - [AdminClient clientId=skafka-go-streams-wordcount-1a74447b-5fdf-40ea-9611-cfd9e4fde9ec-admin] Received unknown topic error for topic skafka-go-streams-wordcount-KSTREAM-AGGREGATE-STATE-STORE-0000000003-changelog
org.apache.kafka.common.errors.UnknownTopicOrPartitionException: This server does not host this topic-partition.
2026-07-31 07:26:21,309 INFO  StoreChangelogReader - stream-thread [skafka-go-streams-wordcount-1a74447b-5fdf-40ea-9611-cfd9e4fde9ec-StreamThread-1] End offset for changelog skafka-go-streams-wordcount-KSTREAM-AGGREGATE-STATE-STORE-0000000003-changelog-0 cannot be found; will retry in the next time.
2026-07-31 07:26:21,310 ERROR PartitionLeaderStrategy - [AdminClient clientId=skafka-go-streams-wordcount-1a74447b-5fdf-40ea-9611-cfd9e4fde9ec-admin] Received unknown topic error for topic skafka-go-streams-wordcount-KSTREAM-AGGREGATE-STATE-STORE-0000000003-changelog
org.apache.kafka.common.errors.UnknownTopicOrPartitionException: This server does not host this topic-partition.
2026-07-31 07:26:21,310 INFO  StoreChangelogReader - stream-thread [skafka-go-streams-wordcount-1a74447b-5fdf-40ea-9611-cfd9e4fde9ec-StreamThread-1] End offset for changelog skafka-go-streams-wordcount-KSTREAM-AGGREGATE-STATE-STORE-0000000003-changelog-0 cannot be found; will retry in the next time.
2026-07-31 07:26:21,310 ERROR PartitionLeaderStrategy - [AdminClient clientId=skafka-go-streams-wordcount-1a74447b-5fdf-40ea-9611-cfd9e4fde9ec-admin] Received unknown topic error for topic skafka-go-streams-wordcount-KSTREAM-AGGREGATE-STATE-STORE-0000000003-changelog
org.apache.kafka.common.errors.UnknownTopicOrPartitionException: This server does not host this topic-partition.
2026-07-31 07:26:21,310 INFO  StoreChangelogReader - stream-thread [skafka-go-streams-wordcount-1a74447b-5fdf-40ea-9611-cfd9e4fde9ec-StreamThread-1] End offset for changelog skafka-go-streams-wordcount-KSTREAM-AGGREGATE-STATE-STORE-0000000003-changelog-0 cannot be found; will retry in the next time.
2026-07-31 07:26:21,310 ERROR PartitionLeaderStrategy - [AdminClient clientId=skafka-go-streams-wordcount-1a74447b-5fdf-40ea-9611-cfd9e4fde9ec-admin] Received unknown topic error for topic skafka-go-streams-wordcount-KSTREAM-AGGREGATE-STATE-STORE-0000000003-changelog
org.apache.kafka.common.errors.UnknownTopicOrPartitionException: This server does not host this topic-partition.
2026-07-31 07:26:21,310 INFO  StoreChangelogReader - stream-thread [skafka-go-streams-wordcount-1a74447b-5fdf-40ea-9611-cfd9e4fde9ec-StreamThread-1] End offset for changelog skafka-go-streams-wordcount-KSTREAM-AGGREGATE-STATE-STORE-0000000003-changelog-0 cannot be found; will retry in the next time.
2026-07-31 07:26:21,311 ERROR PartitionLeaderStrategy - [AdminClient clientId=skafka-go-streams-wordcount-1a74447b-5fdf-40ea-9611-cfd9e4fde9ec-admin] Received unknown topic error for topic skafka-go-streams-wordcount-KSTREAM-AGGREGATE-STATE-STORE-0000000003-changelog
org.apache.kafka.common.errors.UnknownTopicOrPartitionException: This server does not host this topic-partition.
2026-07-31 07:26:21,311 INFO  StoreChangelogReader - stream-thread [skafka-go-streams-wordcount-1a74447b-5fdf-40ea-9611-cfd9e4fde9ec-StreamThread-1] End offset for changelog skafka-go-streams-wordcount-KSTREAM-AGGREGATE-STATE-STORE-0000000003-changelog-0 cannot be found; will retry in the next time.
2026-07-31 07:26:21,311 ERROR PartitionLeaderStrategy - [AdminClient clientId=skafka-go-streams-wordcount-1a74447b-5fdf-40ea-9611-cfd9e4fde9ec-admin] Received unknown topic error for topic skafka-go-streams-wordcount-KSTREAM-AGGREGATE-STATE-STORE-0000000003-changelog
org.apache.kafka.common.errors.UnknownTopicOrPartitionException: This server does not host this topic-partition.
2026-07-31 07:26:21,311 INFO  StoreChangelogReader - stream-thread [skafka-go-streams-wordcount-1a74447b-5fdf-40ea-9611-cfd9e4fde9ec-StreamThread-1] End offset for changelog skafka-go-streams-wordcount-KSTREAM-AGGREGATE-STATE-STORE-0000000003-changelog-0 cannot be found; will retry in the next time.
2026-07-31 07:26:21,311 ERROR PartitionLeaderStrategy - [AdminClient clientId=skafka-go-streams-wordcount-1a74447b-5fdf-40ea-9611-cfd9e4fde9ec-admin] Received unknown topic error for topic skafka-go-streams-wordcount-KSTREAM-AGGREGATE-STATE-STORE-0000000003-changelog
org.apache.kafka.common.errors.UnknownTopicOrPartitionException: This server does not host this topic-partition.
2026-07-31 07:26:21,311 INFO  StoreChangelogReader - stream-thread [skafka-go-streams-wordcount-1a74447b-5fdf-40ea-9611-cfd9e4fde9ec-StreamThread-1] End offset for changelog skafka-go-streams-wordcount-KSTREAM-AGGREGATE-STATE-STORE-0000000003-changelog-0 cannot be found; will retry in the next time.
2026-07-31 07:26:21,312 ERROR PartitionLeaderStrategy - [AdminClient clientId=skafka-go-streams-wordcount-1a74447b-5fdf-40ea-9611-cfd9e4fde9ec-admin] Received unknown topic error for topic skafka-go-streams-wordcount-KSTREAM-AGGREGATE-STATE-STORE-0000000003-changelog
org.apache.kafka.common.errors.UnknownTopicOrPartitionException: This server does not host this topic-partition.
2026-07-31 07:26:21,312 INFO  StoreChangelogReader - stream-thread [skafka-go-streams-wordcount-1a74447b-5fdf-40ea-9611-cfd9e4fde9ec-StreamThread-1] End offset for changelog skafka-go-streams-wordcount-KSTREAM-AGGREGATE-STATE-STORE-0000000003-changelog-0 cannot be found; will retry in the next time.
2026-07-31 07:26:21,312 ERROR PartitionLeaderStrategy - [AdminClient clientId=skafka-go-streams-wordcount-1a74447b-5fdf-40ea-9611-cfd9e4fde9ec-admin] Received unknown topic error for topic skafka-go-streams-wordcount-KSTREAM-AGGREGATE-STATE-STORE-0000000003-changelog
org.apache.kafka.common.errors.UnknownTopicOrPartitionException: This server does not host this topic-partition.
2026-07-31 07:26:21,312 INFO  StoreChangelogReader - stream-thread [skafka-go-streams-wordcount-1a74447b-5fdf-40ea-9611-cfd9e4fde9ec-StreamThread-1] End offset for changelog skafka-go-streams-wordcount-KSTREAM-AGGREGATE-STATE-STORE-0000000003-changelog-0 cannot be found; will retry in the next time.
2026-07-31 07:26:21,312 ERROR PartitionLeaderStrategy - [AdminClient clientId=skafka-go-streams-wordcount-1a74447b-5fdf-40ea-9611-cfd9e4fde9ec-admin] Received unknown topic error for topic skafka-go-streams-wordcount-KSTREAM-AGGREGATE-STATE-STORE-0000000003-changelog
org.apache.kafka.common.errors.UnknownTopicOrPartitionException: This server does not host this topic-partition.
2026-07-31 07:26:21,312 INFO  StoreChangelogReader - stream-thread [skafka-go-streams-wordcount-1a74447b-5fdf-40ea-9611-cfd9e4fde9ec-StreamThread-1] End offset for changelog skafka-go-streams-wordcount-KSTREAM-AGGREGATE-STATE-STORE-0000000003-changelog-0 cannot be found; will retry in the next time.
2026-07-31 07:26:21,312 ERROR PartitionLeaderStrategy - [AdminClient clientId=skafka-go-streams-wordcount-1a74447b-5fdf-40ea-9611-cfd9e4fde9ec-admin] Received unknown topic error for topic skafka-go-streams-wordcount-KSTREAM-AGGREGATE-STATE-STORE-0000000003-changelog
org.apache.kafka.common.errors.UnknownTopicOrPartitionException: This server does not host this topic-partition.
2026-07-31 07:26:21,312 INFO  StoreChangelogReader - stream-thread [skafka-go-streams-wordcount-1a74447b-5fdf-40ea-9611-cfd9e4fde9ec-StreamThread-1] End offset for changelog skafka-go-streams-wordcount-KSTREAM-AGGREGATE-STATE-STORE-0000000003-changelog-0 cannot be found; will retry in the next time.
2026-07-31 07:26:21,313 INFO  InternalTopicManager - stream-thread [main] Could not create topic skafka-go-streams-wordcount-KSTREAM-AGGREGATE-STATE-STORE-0000000003-changelog. Topic is probably marked for deletion (number of partitions is unknown).
Will retry to create this topic in 100 ms (to let broker finish async delete operation first).
Error message was: org.apache.kafka.common.errors.TopicExistsException: Topic with this name already exists.
2026-07-31 07:26:21,313 INFO  InternalTopicManager - stream-thread [main] Topics [skafka-go-streams-wordcount-KSTREAM-AGGREGATE-STATE-STORE-0000000003-changelog] could not be made ready. Will retry in 100 milliseconds. Remaining time in milliseconds: 149995
2026-07-31 07:26:21,313 ERROR PartitionLeaderStrategy - [AdminClient clientId=skafka-go-streams-wordcount-1a74447b-5fdf-40ea-9611-cfd9e4fde9ec-admin] Received unknown topic error for topic skafka-go-streams-wordcount-KSTREAM-AGGREGATE-STATE-STORE-0000000003-changelog
org.apache.kafka.common.errors.UnknownTopicOrPartitionException: This server does not host this topic-partition.
2026-07-31 07:26:21,313 INFO  StoreChangelogReader - stream-thread [skafka-go-streams-wordcount-1a74447b-5fdf-40ea-9611-cfd9e4fde9ec-StreamThread-1] End offset for changelog skafka-go-streams-wordcount-KSTREAM-AGGREGATE-STATE-STORE-0000000003-changelog-0 cannot be found; will retry in the next time.
2026-07-31 07:26:21,313 ERROR PartitionLeaderStrategy - [AdminClient clientId=skafka-go-streams-wordcount-1a74447b-5fdf-40ea-9611-cfd9e4fde9ec-admin] Received unknown topic error for topic skafka-go-streams-wordcount-KSTREAM-AGGREGATE-STATE-STORE-0000000003-changelog
org.apache.kafka.common.errors.UnknownTopicOrPartitionException: This server does not host this topic-partition.
2026-07-31 07:26:21,313 INFO  StoreChangelogReader - stream-thread [skafka-go-streams-wordcount-1a74447b-5fdf-40ea-9611-cfd9e4fde9ec-StreamThread-1] End offset for changelog skafka-go-streams-wordcount-KSTREAM-AGGREGATE-STATE-STORE-0000000003-changelog-0 cannot be found; will retry in the next time.
2026-07-31 07:26:21,313 ERROR PartitionLeaderStrategy - [AdminClient clientId=skafka-go-streams-wordcount-1a74447b-5fdf-40ea-9611-cfd9e4fde9ec-admin] Received unknown topic error for topic skafka-go-streams-wordcount-KSTREAM-AGGREGATE-STATE-STORE-0000000003-changelog
org.apache.kafka.common.errors.UnknownTopicOrPartitionException: This server does not host this topic-partition.
2026-07-31 07:26:21,313 INFO  StoreChangelogReader - stream-thread [skafka-go-streams-wordcount-1a74447b-5fdf-40ea-9611-cfd9e4fde9ec-StreamThread-1] End offset for changelog skafka-go-streams-wordcount-KSTREAM-AGGREGATE-STATE-STORE-0000000003-changelog-0 cannot be found; will retry in the next time.
2026-07-31 07:26:21,314 ERROR PartitionLeaderStrategy - [AdminClient clientId=skafka-go-streams-wordcount-1a74447b-5fdf-40ea-9611-cfd9e4fde9ec-admin] Received unknown topic error for topic skafka-go-streams-wordcount-KSTREAM-AGGREGATE-STATE-STORE-0000000003-changelog
org.apache.kafka.common.errors.UnknownTopicOrPartitionException: This server does not host this topic-partition.
2026-07-31 07:26:21,314 INFO  StoreChangelogReader - stream-thread [skafka-go-streams-wordcount-1a74447b-5fdf-40ea-9611-cfd9e4fde9ec-StreamThread-1] End offset for changelog skafka-go-streams-wordcount-KSTREAM-AGGREGATE-STATE-STORE-0000000003-changelog-0 cannot be found; will retry in the next time.
2026-07-31 07:26:21,314 ERROR PartitionLeaderStrategy - [AdminClient clientId=skafka-go-streams-wordcount-1a74447b-5fdf-40ea-9611-cfd9e4fde9ec-admin] Received unknown topic error for topic skafka-go-streams-wordcount-KSTREAM-AGGREGATE-STATE-STORE-0000000003-changelog
org.apache.kafka.common.errors.UnknownTopicOrPartitionException: This server does not host this topic-partition.
2026-07-31 07:26:21,314 INFO  StoreChangelogReader - stream-thread [skafka-go-streams-wordcount-1a74447b-5fdf-40ea-9611-cfd9e4fde9ec-StreamThread-1] End offset for changelog skafka-go-streams-wordcount-KSTREAM-AGGREGATE-STATE-STORE-0000000003-changelog-0 cannot be found; will retry in the next time.
2026-07-31 07:26:21,314 ERROR PartitionLeaderStrategy - [AdminClient clientId=skafka-go-streams-wordcount-1a74447b-5fdf-40ea-9611-cfd9e4fde9ec-admin] Received unknown topic error for topic skafka-go-streams-wordcount-KSTREAM-AGGREGATE-STATE-STORE-0000000003-changelog
org.apache.kafka.common.errors.UnknownTopicOrPartitionException: This server does not host this topic-partition.
2026-07-31 07:26:21,314 INFO  StoreChangelogReader - stream-thread [skafka-go-streams-wordcount-1a74447b-5fdf-40ea-9611-cfd9e4fde9ec-StreamThread-1] End offset for changelog skafka-go-streams-wordcount-KSTREAM-AGGREGATE-STATE-STORE-0000000003-changelog-0 cannot be found; will retry in the next time.
2026-07-31 07:26:21,314 ERROR PartitionLeaderStrategy - [AdminClient clientId=skafka-go-streams-wordcount-1a74447b-5fdf-40ea-9611-cfd9e4fde9ec-admin] Received unknown topic error for topic skafka-go-streams-wordcount-KSTREAM-AGGREGATE-STATE-STORE-0000000003-changelog
org.apache.kafka.common.errors.UnknownTopicOrPartitionException: This server does not host this topic-partition.
2026-07-31 07:26:21,314 INFO  StoreChangelogReader - stream-thread [skafka-go-streams-wordcount-1a74447b-5fdf-40ea-9611-cfd9e4fde9ec-StreamThread-1] End offset for changelog skafka-go-streams-wordcount-KSTREAM-AGGREGATE-STATE-STORE-0000000003-changelog-0 cannot be found; will retry in the next time.
2026-07-31 07:26:21,315 ERROR PartitionLeaderStrategy - [AdminClient clientId=skafka-go-streams-wordcount-1a74447b-5fdf-40ea-9611-cfd9e4fde9ec-admin] Received unknown topic error for topic skafka-go-streams-wordcount-KSTREAM-AGGREGATE-STATE-STORE-0000000003-changelog
org.apache.kafka.common.errors.UnknownTopicOrPartitionException: This server does not host this topic-partition.
2026-07-31 07:26:21,315 INFO  StoreChangelogReader - stream-thread [skafka-go-streams-wordcount-1a74447b-5fdf-40ea-9611-cfd9e4fde9ec-StreamThread-1] End offset for changelog skafka-go-streams-wordcount-KSTREAM-AGGREGATE-STATE-STORE-0000000003-changelog-0 cannot be found; will retry in the next time.
2026-07-31 07:26:21,315 ERROR PartitionLeaderStrategy - [AdminClient clientId=skafka-go-streams-wordcount-1a74447b-5fdf-40ea-9611-cfd9e4fde9ec-admin] Received unknown topic error for topic skafka-go-streams-wordcount-KSTREAM-AGGREGATE-STATE-STORE-0000000003-changelog
org.apache.kafka.common.errors.UnknownTopicOrPartitionException: This server does not host this topic-partition.
2026-07-31 07:26:21,315 INFO  StoreChangelogReader - stream-thread [skafka-go-streams-wordcount-1a74447b-5fdf-40ea-9611-cfd9e4fde9ec-StreamThread-1] End offset for changelog skafka-go-streams-wordcount-KSTREAM-AGGREGATE-STATE-STORE-0000000003-changelog-0 cannot be found; will retry in the next time.
2026-07-31 07:26:21,315 ERROR PartitionLeaderStrategy - [AdminClient clientId=skafka-go-streams-wordcount-1a74447b-5fdf-40ea-9611-cfd9e4fde9ec-admin] Received unknown topic error for topic skafka-go-streams-wordcount-KSTREAM-AGGREGATE-STATE-STORE-0000000003-changelog
org.apache.kafka.common.errors.UnknownTopicOrPartitionException: This server does not host this topic-partition.
2026-07-31 07:26:21,315 INFO  StoreChangelogReader - stream-thread [skafka-go-streams-wordcount-1a74447b-5fdf-40ea-9611-cfd9e4fde9ec-StreamThread-1] End offset for changelog skafka-go-streams-wordcount-KSTREAM-AGGREGATE-STATE-STORE-0000000003-changelog-0 cannot be found; will retry in the next time.
2026-07-31 07:26:21,315 ERROR PartitionLeaderStrategy - [AdminClient clientId=skafka-go-streams-wordcount-1a74447b-5fdf-40ea-9611-cfd9e4fde9ec-admin] Received unknown topic error for topic skafka-go-streams-wordcount-KSTREAM-AGGREGATE-STATE-STORE-0000000003-changelog
org.apache.kafka.common.errors.UnknownTopicOrPartitionException: This server does not host this topic-partition.
2026-07-31 07:26:21,315 INFO  StoreChangelogReader - stream-thread [skafka-go-streams-wordcount-1a74447b-5fdf-40ea-9611-cfd9e4fde9ec-StreamThread-1] End offset for changelog skafka-go-streams-wordcount-KSTREAM-AGGREGATE-STATE-STORE-0000000003-changelog-0 cannot be found; will retry in the next time.
2026-07-31 07:26:21,316 ERROR PartitionLeaderStrategy - [AdminClient clientId=skafka-go-streams-wordcount-1a74447b-5fdf-40ea-9611-cfd9e4fde9ec-admin] Received unknown topic error for topic skafka-go-streams-wordcount-KSTREAM-AGGREGATE-STATE-STORE-0000000003-changelog
org.apache.kafka.common.errors.UnknownTopicOrPartitionException: This server does not host this topic-partition.
2026-07-31 07:26:21,316 INFO  StoreChangelogReader - stream-thread [skafka-go-streams-wordcount-1a74447b-5fdf-40ea-9611-cfd9e4fde9ec-StreamThread-1] End offset for changelog skafka-go-streams-wordcount-KSTREAM-AGGREGATE-STATE-STORE-0000000003-changelog-0 cannot be found; will retry in the next time.
2026-07-31 07:26:21,318 ERROR PartitionLeaderStrategy - [AdminClient clientId=skafka-go-streams-wordcount-1a74447b-5fdf-40ea-9611-cfd9e4fde9ec-admin] Received unknown topic error for topic skafka-go-streams-wordcount-KSTREAM-AGGREGATE-STATE-STORE-0000000003-changelog
org.apache.kafka.common.errors.UnknownTopicOrPartitionException: This server does not host this topic-partition.
2026-07-31 07:26:21,318 INFO  StoreChangelogReader - stream-thread [skafka-go-streams-wordcount-1a74447b-5fdf-40ea-9611-cfd9e4fde9ec-StreamThread-1] End offset for changelog skafka-go-streams-wordcount-KSTREAM-AGGREGATE-STATE-STORE-0000000003-changelog-0 cannot be found; will retry in the next time.
2026-07-31 07:26:21,318 ERROR PartitionLeaderStrategy - [AdminClient clientId=skafka-go-streams-wordcount-1a74447b-5fdf-40ea-9611-cfd9e4fde9ec-admin] Received unknown topic error for topic skafka-go-streams-wordcount-KSTREAM-AGGREGATE-STATE-STORE-0000000003-changelog
org.apache.kafka.common.errors.UnknownTopicOrPartitionException: This server does not host this topic-partition.
2026-07-31 07:26:21,318 INFO  StoreChangelogReader - stream-thread [skafka-go-streams-wordcount-1a74447b-5fdf-40ea-9611-cfd9e4fde9ec-StreamThread-1] End offset for changelog skafka-go-streams-wordcount-KSTREAM-AGGREGATE-STATE-STORE-0000000003-changelog-0 cannot be found; will retry in the next time.
2026-07-31 07:26:21,319 ERROR PartitionLeaderStrategy - [AdminClient clientId=skafka-go-streams-wordcount-1a74447b-5fdf-40ea-9611-cfd9e4fde9ec-admin] Received unknown topic error for topic skafka-go-streams-wordcount-KSTREAM-AGGREGATE-STATE-STORE-0000000003-changelog
org.apache.kafka.common.errors.UnknownTopicOrPartitionException: This server does not host this topic-partition.
2026-07-31 07:26:21,319 INFO  StoreChangelogReader - stream-thread [skafka-go-streams-wordcount-1a74447b-5fdf-40ea-9611-cfd9e4fde9ec-StreamThread-1] End offset for changelog skafka-go-streams-wordcount-KSTREAM-AGGREGATE-STATE-STORE-0000000003-changelog-0 cannot be found; will retry in the next time.
2026-07-31 07:26:21,319 ERROR PartitionLeaderStrategy - [AdminClient clientId=skafka-go-streams-wordcount-1a74447b-5fdf-40ea-9611-cfd9e4fde9ec-admin] Received unknown topic error for topic skafka-go-streams-wordcount-KSTREAM-AGGREGATE-STATE-STORE-0000000003-changelog
org.apache.kafka.common.errors.UnknownTopicOrPartitionException: This server does not host this topic-partition.
2026-07-31 07:26:21,319 INFO  StoreChangelogReader - stream-thread [skafka-go-streams-wordcount-1a74447b-5fdf-40ea-9611-cfd9e4fde9ec-StreamThread-1] End offset for changelog skafka-go-streams-wordcount-KSTREAM-AGGREGATE-STATE-STORE-0000000003-changelog-0 cannot be found; will retry in the next time.
2026-07-31 07:26:21,320 ERROR PartitionLeaderStrategy - [AdminClient clientId=skafka-go-streams-wordcount-1a74447b-5fdf-40ea-9611-cfd9e4fde9ec-admin] Received unknown topic error for topic skafka-go-streams-wordcount-KSTREAM-AGGREGATE-STATE-STORE-0000000003-changelog
org.apache.kafka.common.errors.UnknownTopicOrPartitionException: This server does not host this topic-partition.
2026-07-31 07:26:21,320 INFO  StoreChangelogReader - stream-thread [skafka-go-streams-wordcount-1a74447b-5fdf-40ea-9611-cfd9e4fde9ec-StreamThread-1] End offset for changelog skafka-go-streams-wordcount-KSTREAM-AGGREGATE-STATE-STORE-0000000003-changelog-0 cannot be found; will retry in the next time.
2026-07-31 07:26:21,320 ERROR PartitionLeaderStrategy - [AdminClient clientId=skafka-go-streams-wordcount-1a74447b-5fdf-40ea-9611-cfd9e4fde9ec-admin] Received unknown topic error for topic skafka-go-streams-wordcount-KSTREAM-AGGREGATE-STATE-STORE-0000000003-changelog
org.apache.kafka.common.errors.UnknownTopicOrPartitionException: This server does not host this topic-partition.
2026-07-31 07:26:21,321 INFO  StoreChangelogReader - stream-thread [skafka-go-streams-wordcount-1a74447b-5fdf-40ea-9611-cfd9e4fde9ec-StreamThread-1] End offset for changelog skafka-go-streams-wordcount-KSTREAM-AGGREGATE-STATE-STORE-0000000003-changelog-0 cannot be found; will retry in the next time.
2026-07-31 07:26:21,321 ERROR PartitionLeaderStrategy - [AdminClient clientId=skafka-go-streams-wordcount-1a74447b-5fdf-40ea-9611-cfd9e4fde9ec-admin] Received unknown topic error for topic skafka-go-streams-wordcount-KSTREAM-AGGREGATE-STATE-STORE-0000000003-changelog
org.apache.kafka.common.errors.UnknownTopicOrPartitionException: This server does not host this topic-partition.
2026-07-31 07:26:21,321 INFO  StoreChangelogReader - stream-thread [skafka-go-streams-wordcount-1a74447b-5fdf-40ea-9611-cfd9e4fde9ec-StreamThread-1] End offset for changelog skafka-go-streams-wordcount-KSTREAM-AGGREGATE-STATE-STORE-0000000003-changelog-0 cannot be found; will retry in the next time.
2026-07-31 07:26:21,321 ERROR PartitionLeaderStrategy - [AdminClient clientId=skafka-go-streams-wordcount-1a74447b-5fdf-40ea-9611-cfd9e4fde9ec-admin] Received unknown topic error for topic skafka-go-streams-wordcount-KSTREAM-AGGREGATE-STATE-STORE-0000000003-changelog
org.apache.kafka.common.errors.UnknownTopicOrPartitionException: This server does not host this topic-partition.
2026-07-31 07:26:21,321 INFO  StoreChangelogReader - stream-thread [skafka-go-streams-wordcount-1a74447b-5fdf-40ea-9611-cfd9e4fde9ec-StreamThread-1] End offset for changelog skafka-go-streams-wordcount-KSTREAM-AGGREGATE-STATE-STORE-0000000003-changelog-0 cannot be found; will retry in the next time.
2026-07-31 07:26:21,321 ERROR PartitionLeaderStrategy - [AdminClient clientId=skafka-go-streams-wordcount-1a74447b-5fdf-40ea-9611-cfd9e4fde9ec-admin] Received unknown topic error for topic skafka-go-streams-wordcount-KSTREAM-AGGREGATE-STATE-STORE-0000000003-changelog
org.apache.kafka.common.errors.UnknownTopicOrPartitionException: This server does not host this topic-partition.
2026-07-31 07:26:21,322 INFO  StoreChangelogReader - stream-thread [skafka-go-streams-wordcount-1a74447b-5fdf-40ea-9611-cfd9e4fde9ec-StreamThread-1] End offset for changelog skafka-go-streams-wordcount-KSTREAM-AGGREGATE-STATE-STORE-0000000003-changelog-0 cannot be found; will retry in the next time.
2026-07-31 07:26:21,322 ERROR PartitionLeaderStrategy - [AdminClient clientId=skafka-go-streams-wordcount-1a74447b-5fdf-40ea-9611-cfd9e4fde9ec-admin] Received unknown topic error for topic skafka-go-streams-wordcount-KSTREAM-AGGREGATE-STATE-STORE-0000000003-changelog
org.apache.kafka.common.errors.UnknownTopicOrPartitionException: This server does not host this topic-partition.
2026-07-31 07:26:21,322 INFO  StoreChangelogReader - stream-thread [skafka-go-streams-wordcount-1a74447b-5fdf-40ea-9611-cfd9e4fde9ec-StreamThread-1] End offset for changelog skafka-go-streams-wordcount-KSTREAM-AGGREGATE-STATE-STORE-0000000003-changelog-0 cannot be found; will retry in the next time.
2026-07-31 07:26:21,323 ERROR PartitionLeaderStrategy - [AdminClient clientId=skafka-go-streams-wordcount-1a74447b-5fdf-40ea-9611-cfd9e4fde9ec-admin] Received unknown topic error for topic skafka-go-streams-wordcount-KSTREAM-AGGREGATE-STATE-STORE-0000000003-changelog
org.apache.kafka.common.errors.UnknownTopicOrPartitionException: This server does not host this topic-partition.
2026-07-31 07:26:21,323 INFO  StoreChangelogReader - stream-thread [skafka-go-streams-wordcount-1a74447b-5fdf-40ea-9611-cfd9e4fde9ec-StreamThread-1] End offset for changelog skafka-go-streams-wordcount-KSTREAM-AGGREGATE-STATE-STORE-0000000003-changelog-0 cannot be found; will retry in the next time.
2026-07-31 07:26:21,323 ERROR PartitionLeaderStrategy - [AdminClient clientId=skafka-go-streams-wordcount-1a74447b-5fdf-40ea-9611-cfd9e4fde9ec-admin] Received unknown topic error for topic skafka-go-streams-wordcount-KSTREAM-AGGREGATE-STATE-STORE-0000000003-changelog
org.apache.kafka.common.errors.UnknownTopicOrPartitionException: This server does not host this topic-partition.
2026-07-31 07:26:21,323 INFO  StoreChangelogReader - stream-thread [skafka-go-streams-wordcount-1a74447b-5fdf-40ea-9611-cfd9e4fde9ec-StreamThread-1] End offset for changelog skafka-go-streams-wordcount-KSTREAM-AGGREGATE-STATE-STORE-0000000003-changelog-0 cannot be found; will retry in the next time.
2026-07-31 07:26:21,324 ERROR PartitionLeaderStrategy - [AdminClient clientId=skafka-go-streams-wordcount-1a74447b-5fdf-40ea-9611-cfd9e4fde9ec-admin] Received unknown topic error for topic skafka-go-streams-wordcount-KSTREAM-AGGREGATE-STATE-STORE-0000000003-changelog
org.apache.kafka.common.errors.UnknownTopicOrPartitionException: This server does not host this topic-partition.
2026-07-31 07:26:21,324 INFO  StoreChangelogReader - stream-thread [skafka-go-streams-wordcount-1a74447b-5fdf-40ea-9611-cfd9e4fde9ec-StreamThread-1] End offset for changelog skafka-go-streams-wordcount-KSTREAM-AGGREGATE-STATE-STORE-0000000003-changelog-0 cannot be found; will retry in the next time.
2026-07-31 07:26:21,324 ERROR PartitionLeaderStrategy - [AdminClient clientId=skafka-go-streams-wordcount-1a74447b-5fdf-40ea-9611-cfd9e4fde9ec-admin] Received unknown topic error for topic skafka-go-streams-wordcount-KSTREAM-AGGREGATE-STATE-STORE-0000000003-changelog
org.apache.kafka.common.errors.UnknownTopicOrPartitionException: This server does not host this topic-partition.
2026-07-31 07:26:21,324 INFO  StoreChangelogReader - stream-thread [skafka-go-streams-wordcount-1a74447b-5fdf-40ea-9611-cfd9e4fde9ec-StreamThread-1] End offset for changelog skafka-go-streams-wordcount-KSTREAM-AGGREGATE-STATE-STORE-0000000003-changelog-0 cannot be found; will retry in the next time.
2026-07-31 07:26:21,324 ERROR PartitionLeaderStrategy - [AdminClient clientId=skafka-go-streams-wordcount-1a74447b-5fdf-40ea-9611-cfd9e4fde9ec-admin] Received unknown topic error for topic skafka-go-streams-wordcount-KSTREAM-AGGREGATE-STATE-STORE-0000000003-changelog
org.apache.kafka.common.errors.UnknownTopicOrPartitionException: This server does not host this topic-partition.
2026-07-31 07:26:21,325 INFO  StoreChangelogReader - stream-thread [skafka-go-streams-wordcount-1a74447b-5fdf-40ea-9611-cfd9e4fde9ec-StreamThread-1] End offset for changelog skafka-go-streams-wordcount-KSTREAM-AGGREGATE-STATE-STORE-0000000003-changelog-0 cannot be found; will retry in the next time.
2026-07-31 07:26:21,325 ERROR PartitionLeaderStrategy - [AdminClient clientId=skafka-go-streams-wordcount-1a74447b-5fdf-40ea-9611-cfd9e4fde9ec-admin] Received unknown topic error for topic skafka-go-streams-wordcount-KSTREAM-AGGREGATE-STATE-STORE-0000000003-changelog
org.apache.kafka.common.errors.UnknownTopicOrPartitionException: This server does not host this topic-partition.
2026-07-31 07:26:21,326 INFO  StoreChangelogReader - stream-thread [skafka-go-streams-wordcount-1a74447b-5fdf-40ea-9611-cfd9e4fde9ec-StreamThread-1] End offset for changelog skafka-go-streams-wordcount-KSTREAM-AGGREGATE-STATE-STORE-0000000003-changelog-0 cannot be found; will retry in the next time.
2026-07-31 07:26:21,326 ERROR PartitionLeaderStrategy - [AdminClient clientId=skafka-go-streams-wordcount-1a74447b-5fdf-40ea-9611-cfd9e4fde9ec-admin] Received unknown topic error for topic skafka-go-streams-wordcount-KSTREAM-AGGREGATE-STATE-STORE-0000000003-changelog
org.apache.kafka.common.errors.UnknownTopicOrPartitionException: This server does not host this topic-partition.
2026-07-31 07:26:21,326 INFO  StoreChangelogReader - stream-thread [skafka-go-streams-wordcount-1a74447b-5fdf-40ea-9611-cfd9e4fde9ec-StreamThread-1] End offset for changelog skafka-go-streams-wordcount-KSTREAM-AGGREGATE-STATE-STORE-0000000003-changelog-0 cannot be found; will retry in the next time.
2026-07-31 07:26:21,326 ERROR PartitionLeaderStrategy - [AdminClient clientId=skafka-go-streams-wordcount-1a74447b-5fdf-40ea-9611-cfd9e4fde9ec-admin] Received unknown topic error for topic skafka-go-streams-wordcount-KSTREAM-AGGREGATE-STATE-STORE-0000000003-changelog
org.apache.kafka.common.errors.UnknownTopicOrPartitionException: This server does not host this topic-partition.
2026-07-31 07:26:21,326 INFO  StoreChangelogReader - stream-thread [skafka-go-streams-wordcount-1a74447b-5fdf-40ea-9611-cfd9e4fde9ec-StreamThread-1] End offset for changelog skafka-go-streams-wordcount-KSTREAM-AGGREGATE-STATE-STORE-0000000003-changelog-0 cannot be found; will retry in the next time.
2026-07-31 07:26:21,327 ERROR PartitionLeaderStrategy - [AdminClient clientId=skafka-go-streams-wordcount-1a74447b-5fdf-40ea-9611-cfd9e4fde9ec-admin] Received unknown topic error for topic skafka-go-streams-wordcount-KSTREAM-AGGREGATE-STATE-STORE-0000000003-changelog
org.apache.kafka.common.errors.UnknownTopicOrPartitionException: This server does not host this topic-partition.
2026-07-31 07:26:21,327 INFO  StoreChangelogReader - stream-thread [skafka-go-streams-wordcount-1a74447b-5fdf-40ea-9611-cfd9e4fde9ec-StreamThread-1] End offset for changelog skafka-go-streams-wordcount-KSTREAM-AGGREGATE-STATE-STORE-0000000003-changelog-0 cannot be found; will retry in the next time.
2026-07-31 07:26:21,327 ERROR PartitionLeaderStrategy - [AdminClient clientId=skafka-go-streams-wordcount-1a74447b-5fdf-40ea-9611-cfd9e4fde9ec-admin] Received unknown topic error for topic skafka-go-streams-wordcount-KSTREAM-AGGREGATE-STATE-STORE-0000000003-changelog
org.apache.kafka.common.errors.UnknownTopicOrPartitionException: This server does not host this topic-partition.
2026-07-31 07:26:21,327 INFO  StoreChangelogReader - stream-thread [skafka-go-streams-wordcount-1a74447b-5fdf-40ea-9611-cfd9e4fde9ec-StreamThread-1] End offset for changelog skafka-go-streams-wordcount-KSTREAM-AGGREGATE-STATE-STORE-0000000003-changelog-0 cannot be found; will retry in the next time.
2026-07-31 07:26:21,328 ERROR PartitionLeaderStrategy - [AdminClient clientId=skafka-go-streams-wordcount-1a74447b-5fdf-40ea-9611-cfd9e4fde9ec-admin] Received unknown topic error for topic skafka-go-streams-wordcount-KSTREAM-AGGREGATE-STATE-STORE-0000000003-changelog
org.apache.kafka.common.errors.UnknownTopicOrPartitionException: This server does not host this topic-partition.
2026-07-31 07:26:21,328 INFO  StoreChangelogReader - stream-thread [skafka-go-streams-wordcount-1a74447b-5fdf-40ea-9611-cfd9e4fde9ec-StreamThread-1] End offset for changelog skafka-go-streams-wordcount-KSTREAM-AGGREGATE-STATE-STORE-0000000003-changelog-0 cannot be found; will retry in the next time.
2026-07-31 07:26:21,328 ERROR PartitionLeaderStrategy - [AdminClient clientId=skafka-go-streams-wordcount-1a74447b-5fdf-40ea-9611-cfd9e4fde9ec-admin] Received unknown topic error for topic skafka-go-streams-wordcount-KSTREAM-AGGREGATE-STATE-STORE-0000000003-changelog
org.apache.kafka.common.errors.UnknownTopicOrPartitionException: This server does not host this topic-partition.
2026-07-31 07:26:21,328 INFO  StoreChangelogReader - stream-thread [skafka-go-streams-wordcount-1a74447b-5fdf-40ea-9611-cfd9e4fde9ec-StreamThread-1] End offset for changelog skafka-go-streams-wordcount-KSTREAM-AGGREGATE-STATE-STORE-0000000003-changelog-0 cannot be found; will retry in the next time.
2026-07-31 07:26:21,329 ERROR PartitionLeaderStrategy - [AdminClient clientId=skafka-go-streams-wordcount-1a74447b-5fdf-40ea-9611-cfd9e4fde9ec-admin] Received unknown topic error for topic skafka-go-streams-wordcount-KSTREAM-AGGREGATE-STATE-STORE-0000000003-changelog
org.apache.kafka.common.errors.UnknownTopicOrPartitionException: This server does not host this topic-partition.
2026-07-31 07:26:21,356 INFO  StoreChangelogReader - stream-thread [skafka-go-streams-wordcount-1a74447b-5fdf-40ea-9611-cfd9e4fde9ec-StreamThread-1] End offset for changelog skafka-go-streams-wordcount-KSTREAM-AGGREGATE-STATE-STORE-0000000003-changelog-0 cannot be found; will retry in the next time.
2026-07-31 07:26:21,408 INFO  StoreChangelogReader - stream-thread [skafka-go-streams-wordcount-1a74447b-5fdf-40ea-9611-cfd9e4fde9ec-StreamThread-1] End offset for changelog skafka-go-streams-wordcount-KSTREAM-AGGREGATE-STATE-STORE-0000000003-changelog-0 initialized as 0.
2026-07-31 07:26:21,408 INFO  ClassicKafkaConsumer - [Consumer clientId=skafka-go-streams-wordcount-1a74447b-5fdf-40ea-9611-cfd9e4fde9ec-StreamThread-1-restore-consumer, groupId=null] Assigned to partition(s): skafka-go-streams-wordcount-KSTREAM-AGGREGATE-STATE-STORE-0000000003-changelog-0
2026-07-31 07:26:21,408 INFO  SubscriptionState - [Consumer clientId=skafka-go-streams-wordcount-1a74447b-5fdf-40ea-9611-cfd9e4fde9ec-StreamThread-1-restore-consumer, groupId=null] Seeking to earliest offset of partition skafka-go-streams-wordcount-KSTREAM-AGGREGATE-STATE-STORE-0000000003-changelog-0
2026-07-31 07:26:21,410 INFO  Metadata - [Consumer clientId=skafka-go-streams-wordcount-1a74447b-5fdf-40ea-9611-cfd9e4fde9ec-StreamThread-1-restore-consumer, groupId=null] Cluster ID: skafka-go
2026-07-31 07:26:21,413 INFO  SubscriptionState - [Consumer clientId=skafka-go-streams-wordcount-1a74447b-5fdf-40ea-9611-cfd9e4fde9ec-StreamThread-1-restore-consumer, groupId=null] Resetting offset for partition skafka-go-streams-wordcount-KSTREAM-AGGREGATE-STATE-STORE-0000000003-changelog-0 to position FetchPosition{offset=0, offsetEpoch=Optional.empty, currentLeader=LeaderAndEpoch{leader=Optional[skafka-go-2.skafka-go-headless.skafka-go.svc.cluster.local:9092 (id: 2 rack: null)], epoch=0}}.
2026-07-31 07:26:21,414 INFO  StreamsPartitionAssignor - stream-thread [skafka-go-streams-wordcount-1a74447b-5fdf-40ea-9611-cfd9e4fde9ec-StreamThread-1-consumer] 1 client nodes and 1 consumers participating in this rebalance: 
1a74447b-5fdf-40ea-9611-cfd9e4fde9ec: [skafka-go-streams-wordcount-1a74447b-5fdf-40ea-9611-cfd9e4fde9ec-StreamThread-1-consumer-b0d61925ebf9a663].
2026-07-31 07:26:21,414 INFO  StreamsPartitionAssignor - stream-thread [skafka-go-streams-wordcount-1a74447b-5fdf-40ea-9611-cfd9e4fde9ec-StreamThread-1-consumer] Assigning stateful tasks: [1_0]
and stateless tasks: [0_0]
2026-07-31 07:26:21,414 INFO  AssignorConfiguration - stream-thread [skafka-go-streams-wordcount-1a74447b-5fdf-40ea-9611-cfd9e4fde9ec-StreamThread-1-consumer] No custom task assignors found, defaulting to internal task assignment with internal.task.assignor.class
2026-07-31 07:26:21,414 INFO  HighAvailabilityTaskAssignor - Decided on assignment: {1a74447b-5fdf-40ea-9611-cfd9e4fde9ec=[activeTasks: ([0_0, 1_0]) standbyTasks: ([]) prevActiveTasks: ([0_0, 1_0]) prevStandbyTasks: ([]) changelogOffsetTotalsByTask: ([1_0=0]) taskLagTotals: ([1_0=0]) clientTags: ([]) capacity: 1 assigned: 2]} with no followup probing rebalance.
2026-07-31 07:26:21,414 INFO  StreamsPartitionAssignor - stream-thread [skafka-go-streams-wordcount-1a74447b-5fdf-40ea-9611-cfd9e4fde9ec-StreamThread-1-consumer] Assigned 2 total tasks including 1 stateful tasks to 1 client nodes.
2026-07-31 07:26:21,414 INFO  StreamsPartitionAssignor - stream-thread [skafka-go-streams-wordcount-1a74447b-5fdf-40ea-9611-cfd9e4fde9ec-StreamThread-1-consumer] Assignment of tasks to nodes: 1a74447b-5fdf-40ea-9611-cfd9e4fde9ec=[activeTasks: ([0_0, 1_0]) standbyTasks: ([])]
2026-07-31 07:26:21,414 INFO  StreamsPartitionAssignor - stream-thread [skafka-go-streams-wordcount-1a74447b-5fdf-40ea-9611-cfd9e4fde9ec-StreamThread-1-consumer] Client 1a74447b-5fdf-40ea-9611-cfd9e4fde9ec per-consumer assignment:
	prev owned active {skafka-go-streams-wordcount-1a74447b-5fdf-40ea-9611-cfd9e4fde9ec-StreamThread-1-consumer-b0d61925ebf9a663=[1_0, 0_0]}
	prev owned standby {skafka-go-streams-wordcount-1a74447b-5fdf-40ea-9611-cfd9e4fde9ec-StreamThread-1-consumer-b0d61925ebf9a663=[]}
	assigned active {skafka-go-streams-wordcount-1a74447b-5fdf-40ea-9611-cfd9e4fde9ec-StreamThread-1-consumer-b0d61925ebf9a663=[1_0, 0_0]}
	revoking active {}
	assigned standby {}

2026-07-31 07:26:21,414 INFO  StreamsPartitionAssignor - stream-thread [skafka-go-streams-wordcount-1a74447b-5fdf-40ea-9611-cfd9e4fde9ec-StreamThread-1-consumer] Finished stable assignment of tasks, no followup rebalances required.
2026-07-31 07:26:21,414 INFO  ConsumerCoordinator - [Consumer clientId=skafka-go-streams-wordcount-1a74447b-5fdf-40ea-9611-cfd9e4fde9ec-StreamThread-1-consumer, groupId=skafka-go-streams-wordcount] Finished assignment for group at generation 2: {skafka-go-streams-wordcount-1a74447b-5fdf-40ea-9611-cfd9e4fde9ec-StreamThread-1-consumer-b0d61925ebf9a663=Assignment(partitions=[skafka-go-streams-wordcount-KSTREAM-AGGREGATE-STATE-STORE-0000000003-repartition-0, streams-plaintext-input-0], userDataSize=64)}
2026-07-31 07:26:21,415 INFO  ConsumerCoordinator - [Consumer clientId=skafka-go-streams-wordcount-1a74447b-5fdf-40ea-9611-cfd9e4fde9ec-StreamThread-1-consumer, groupId=skafka-go-streams-wordcount] SyncGroup failed: This is not the correct coordinator. Marking coordinator unknown. Sent generation was Generation{generationId=2, memberId='skafka-go-streams-wordcount-1a74447b-5fdf-40ea-9611-cfd9e4fde9ec-StreamThread-1-consumer-b0d61925ebf9a663', protocol='stream'}
2026-07-31 07:26:21,415 INFO  ConsumerCoordinator - [Consumer clientId=skafka-go-streams-wordcount-1a74447b-5fdf-40ea-9611-cfd9e4fde9ec-StreamThread-1-consumer, groupId=skafka-go-streams-wordcount] Group coordinator skafka-go-1.skafka-go-headless.skafka-go.svc.cluster.local:9092 (id: 2147483646 rack: null) is unavailable or invalid due to cause: error response NOT_COORDINATOR. isDisconnected: false. Rediscovery will be attempted.
2026-07-31 07:26:21,415 INFO  ConsumerCoordinator - [Consumer clientId=skafka-go-streams-wordcount-1a74447b-5fdf-40ea-9611-cfd9e4fde9ec-StreamThread-1-consumer, groupId=skafka-go-streams-wordcount] Requesting disconnect from last known coordinator skafka-go-1.skafka-go-headless.skafka-go.svc.cluster.local:9092 (id: 2147483646 rack: null)
2026-07-31 07:26:21,415 INFO  NetworkClient - [Consumer clientId=skafka-go-streams-wordcount-1a74447b-5fdf-40ea-9611-cfd9e4fde9ec-StreamThread-1-consumer, groupId=skafka-go-streams-wordcount] Client requested disconnect from node 2147483646
2026-07-31 07:26:21,431 INFO  ConsumerCoordinator - [Consumer clientId=skafka-go-streams-wordcount-1a74447b-5fdf-40ea-9611-cfd9e4fde9ec-StreamThread-1-consumer, groupId=skafka-go-streams-wordcount] Discovered group coordinator skafka-go-0.skafka-go-headless.skafka-go.svc.cluster.local:9092 (id: 2147483647 rack: null)
2026-07-31 07:26:21,432 INFO  ConsumerCoordinator - [Consumer clientId=skafka-go-streams-wordcount-1a74447b-5fdf-40ea-9611-cfd9e4fde9ec-StreamThread-1-consumer, groupId=skafka-go-streams-wordcount] Found no committed offset for partition streams-plaintext-input-0
2026-07-31 07:26:21,434 INFO  StreamTask - stream-thread [skafka-go-streams-wordcount-1a74447b-5fdf-40ea-9611-cfd9e4fde9ec-StreamThread-1] task [0_0] Restored and ready to run
2026-07-31 07:26:21,434 INFO  ConsumerCoordinator - [Consumer clientId=skafka-go-streams-wordcount-1a74447b-5fdf-40ea-9611-cfd9e4fde9ec-StreamThread-1-consumer, groupId=skafka-go-streams-wordcount] Request joining group due to: rebalance failed due to 'This is not the correct coordinator.' (NotCoordinatorException)
2026-07-31 07:26:21,514 INFO  StoreChangelogReader - stream-thread [skafka-go-streams-wordcount-1a74447b-5fdf-40ea-9611-cfd9e4fde9ec-StreamThread-1] Finished restoring changelog skafka-go-streams-wordcount-KSTREAM-AGGREGATE-STATE-STORE-0000000003-changelog-0 to store KSTREAM-AGGREGATE-STATE-STORE-0000000003 with a total number of 0 records
2026-07-31 07:26:21,521 INFO  ClassicKafkaConsumer - [Consumer clientId=skafka-go-streams-wordcount-1a74447b-5fdf-40ea-9611-cfd9e4fde9ec-StreamThread-1-restore-consumer, groupId=null] Unsubscribed all topics or patterns and assigned partitions
2026-07-31 07:26:21,521 INFO  DefaultStateUpdater - state-updater [skafka-go-streams-wordcount-1a74447b-5fdf-40ea-9611-cfd9e4fde9ec-StateUpdater-1] Stateful active task 1_0 completed restoration
2026-07-31 07:26:21,534 INFO  ClassicKafkaConsumer - [Consumer clientId=skafka-go-streams-wordcount-1a74447b-5fdf-40ea-9611-cfd9e4fde9ec-StreamThread-1-consumer, groupId=skafka-go-streams-wordcount] Requesting the log end offset for streams-plaintext-input-0 in order to compute lag
2026-07-31 07:26:21,536 INFO  ConsumerCoordinator - [Consumer clientId=skafka-go-streams-wordcount-1a74447b-5fdf-40ea-9611-cfd9e4fde9ec-StreamThread-1-consumer, groupId=skafka-go-streams-wordcount] Found no committed offset for partition skafka-go-streams-wordcount-KSTREAM-AGGREGATE-STATE-STORE-0000000003-repartition-0
2026-07-31 07:26:21,543 INFO  StreamTask - stream-thread [skafka-go-streams-wordcount-1a74447b-5fdf-40ea-9611-cfd9e4fde9ec-StreamThread-1] task [1_0] Restored and ready to run
2026-07-31 07:26:21,543 INFO  StreamThread - stream-thread [skafka-go-streams-wordcount-1a74447b-5fdf-40ea-9611-cfd9e4fde9ec-StreamThread-1] State transition from PARTITIONS_ASSIGNED to RUNNING
2026-07-31 07:26:21,544 INFO  KafkaStreams - stream-client [skafka-go-streams-wordcount-1a74447b-5fdf-40ea-9611-cfd9e4fde9ec] State transition from REBALANCING to RUNNING
2026-07-31 07:26:21,544 INFO  ConsumerCoordinator - [Consumer clientId=skafka-go-streams-wordcount-1a74447b-5fdf-40ea-9611-cfd9e4fde9ec-StreamThread-1-consumer, groupId=skafka-go-streams-wordcount] (Re-)joining group
2026-07-31 07:26:21,656 INFO  ClassicKafkaConsumer - [Consumer clientId=skafka-go-streams-wordcount-1a74447b-5fdf-40ea-9611-cfd9e4fde9ec-StreamThread-1-consumer, groupId=skafka-go-streams-wordcount] Requesting the log end offset for skafka-go-streams-wordcount-KSTREAM-AGGREGATE-STATE-STORE-0000000003-repartition-0 in order to compute lag
2026-07-31 07:26:24,554 INFO  ConsumerCoordinator - [Consumer clientId=skafka-go-streams-wordcount-1a74447b-5fdf-40ea-9611-cfd9e4fde9ec-StreamThread-1-consumer, groupId=skafka-go-streams-wordcount] Successfully joined group with generation Generation{generationId=1, memberId='skafka-go-streams-wordcount-1a74447b-5fdf-40ea-9611-cfd9e4fde9ec-StreamThread-1-consumer-b0d61925ebf9a663', protocol='stream'}
2026-07-31 07:26:24,557 INFO  StreamsPartitionAssignor - stream-thread [skafka-go-streams-wordcount-1a74447b-5fdf-40ea-9611-cfd9e4fde9ec-StreamThread-1-consumer] 1 client nodes and 1 consumers participating in this rebalance: 
1a74447b-5fdf-40ea-9611-cfd9e4fde9ec: [skafka-go-streams-wordcount-1a74447b-5fdf-40ea-9611-cfd9e4fde9ec-StreamThread-1-consumer-b0d61925ebf9a663].
2026-07-31 07:26:24,557 INFO  StreamsPartitionAssignor - stream-thread [skafka-go-streams-wordcount-1a74447b-5fdf-40ea-9611-cfd9e4fde9ec-StreamThread-1-consumer] Assigning stateful tasks: [1_0]
and stateless tasks: [0_0]
2026-07-31 07:26:24,557 INFO  AssignorConfiguration - stream-thread [skafka-go-streams-wordcount-1a74447b-5fdf-40ea-9611-cfd9e4fde9ec-StreamThread-1-consumer] No custom task assignors found, defaulting to internal task assignment with internal.task.assignor.class
2026-07-31 07:26:24,558 INFO  HighAvailabilityTaskAssignor - Decided on assignment: {1a74447b-5fdf-40ea-9611-cfd9e4fde9ec=[activeTasks: ([0_0, 1_0]) standbyTasks: ([]) prevActiveTasks: ([0_0, 1_0]) prevStandbyTasks: ([]) changelogOffsetTotalsByTask: ([1_0=-2]) taskLagTotals: ([1_0=-2]) clientTags: ([]) capacity: 1 assigned: 2]} with no followup probing rebalance.
2026-07-31 07:26:24,558 INFO  StreamsPartitionAssignor - stream-thread [skafka-go-streams-wordcount-1a74447b-5fdf-40ea-9611-cfd9e4fde9ec-StreamThread-1-consumer] Assigned 2 total tasks including 1 stateful tasks to 1 client nodes.
2026-07-31 07:26:24,558 INFO  StreamsPartitionAssignor - stream-thread [skafka-go-streams-wordcount-1a74447b-5fdf-40ea-9611-cfd9e4fde9ec-StreamThread-1-consumer] Assignment of tasks to nodes: 1a74447b-5fdf-40ea-9611-cfd9e4fde9ec=[activeTasks: ([0_0, 1_0]) standbyTasks: ([])]
2026-07-31 07:26:24,558 INFO  StreamsPartitionAssignor - stream-thread [skafka-go-streams-wordcount-1a74447b-5fdf-40ea-9611-cfd9e4fde9ec-StreamThread-1-consumer] Client 1a74447b-5fdf-40ea-9611-cfd9e4fde9ec per-consumer assignment:
	prev owned active {skafka-go-streams-wordcount-1a74447b-5fdf-40ea-9611-cfd9e4fde9ec-StreamThread-1-consumer-b0d61925ebf9a663=[1_0, 0_0]}
	prev owned standby {skafka-go-streams-wordcount-1a74447b-5fdf-40ea-9611-cfd9e4fde9ec-StreamThread-1-consumer-b0d61925ebf9a663=[]}
	assigned active {skafka-go-streams-wordcount-1a74447b-5fdf-40ea-9611-cfd9e4fde9ec-StreamThread-1-consumer-b0d61925ebf9a663=[1_0, 0_0]}
	revoking active {}
	assigned standby {}

2026-07-31 07:26:24,558 INFO  StreamsPartitionAssignor - stream-thread [skafka-go-streams-wordcount-1a74447b-5fdf-40ea-9611-cfd9e4fde9ec-StreamThread-1-consumer] Finished stable assignment of tasks, no followup rebalances required.
2026-07-31 07:26:24,558 INFO  ConsumerCoordinator - [Consumer clientId=skafka-go-streams-wordcount-1a74447b-5fdf-40ea-9611-cfd9e4fde9ec-StreamThread-1-consumer, groupId=skafka-go-streams-wordcount] Finished assignment for group at generation 1: {skafka-go-streams-wordcount-1a74447b-5fdf-40ea-9611-cfd9e4fde9ec-StreamThread-1-consumer-b0d61925ebf9a663=Assignment(partitions=[skafka-go-streams-wordcount-KSTREAM-AGGREGATE-STATE-STORE-0000000003-repartition-0, streams-plaintext-input-0], userDataSize=64)}
2026-07-31 07:26:24,558 INFO  ConsumerCoordinator - [Consumer clientId=skafka-go-streams-wordcount-1a74447b-5fdf-40ea-9611-cfd9e4fde9ec-StreamThread-1-consumer, groupId=skafka-go-streams-wordcount] Successfully synced group in generation Generation{generationId=1, memberId='skafka-go-streams-wordcount-1a74447b-5fdf-40ea-9611-cfd9e4fde9ec-StreamThread-1-consumer-b0d61925ebf9a663', protocol='stream'}
2026-07-31 07:26:24,558 INFO  ConsumerCoordinator - [Consumer clientId=skafka-go-streams-wordcount-1a74447b-5fdf-40ea-9611-cfd9e4fde9ec-StreamThread-1-consumer, groupId=skafka-go-streams-wordcount] Updating assignment with
	Assigned partitions:                       [skafka-go-streams-wordcount-KSTREAM-AGGREGATE-STATE-STORE-0000000003-repartition-0, streams-plaintext-input-0]
	Current owned partitions:                  [skafka-go-streams-wordcount-KSTREAM-AGGREGATE-STATE-STORE-0000000003-repartition-0, streams-plaintext-input-0]
	Added partitions (assigned - owned):       []
	Revoked partitions (owned - assigned):     []

2026-07-31 07:26:24,558 INFO  ConsumerCoordinator - [Consumer clientId=skafka-go-streams-wordcount-1a74447b-5fdf-40ea-9611-cfd9e4fde9ec-StreamThread-1-consumer, groupId=skafka-go-streams-wordcount] Notifying assignor about the new Assignment(partitions=[skafka-go-streams-wordcount-KSTREAM-AGGREGATE-STATE-STORE-0000000003-repartition-0, streams-plaintext-input-0], userDataSize=64)
2026-07-31 07:26:24,558 INFO  StreamsPartitionAssignor - stream-thread [skafka-go-streams-wordcount-1a74447b-5fdf-40ea-9611-cfd9e4fde9ec-StreamThread-1-consumer] No followup rebalance was requested, resetting the rebalance schedule.
2026-07-31 07:26:24,558 INFO  TaskManager - stream-thread [skafka-go-streams-wordcount-1a74447b-5fdf-40ea-9611-cfd9e4fde9ec-StreamThread-1] Handle new assignment with:
	New active tasks: [1_0, 0_0]
	New standby tasks: []
	Existing active tasks: [1_0, 0_0]
	Existing standby tasks: []
2026-07-31 07:26:24,559 INFO  ConsumerRebalanceListenerInvoker - [Consumer clientId=skafka-go-streams-wordcount-1a74447b-5fdf-40ea-9611-cfd9e4fde9ec-StreamThread-1-consumer, groupId=skafka-go-streams-wordcount] Adding newly assigned partitions: 
2026-07-31 07:26:24,559 INFO  StreamThread - stream-thread [skafka-go-streams-wordcount-1a74447b-5fdf-40ea-9611-cfd9e4fde9ec-StreamThread-1] State transition from RUNNING to PARTITIONS_ASSIGNED
2026-07-31 07:26:24,559 INFO  KafkaStreams - stream-client [skafka-go-streams-wordcount-1a74447b-5fdf-40ea-9611-cfd9e4fde9ec] State transition from RUNNING to REBALANCING
2026-07-31 07:26:24,560 WARN  OffsetsForLeaderEpochUtils - Attempt to fetch offsets for partition streams-plaintext-input-0 failed due to: Topic deletion is disabled., retrying.
2026-07-31 07:26:24,561 INFO  SubscriptionState - [Consumer clientId=skafka-go-streams-wordcount-1a74447b-5fdf-40ea-9611-cfd9e4fde9ec-StreamThread-1-consumer, groupId=skafka-go-streams-wordcount] Resetting offset for partition skafka-go-streams-wordcount-KSTREAM-AGGREGATE-STATE-STORE-0000000003-repartition-0 to position FetchPosition{offset=0, offsetEpoch=Optional.empty, currentLeader=LeaderAndEpoch{leader=Optional[skafka-go-2.skafka-go-headless.skafka-go.svc.cluster.local:9092 (id: 2 rack: null)], epoch=0}}.
2026-07-31 07:26:24,569 INFO  StreamThread - stream-thread [skafka-go-streams-wordcount-1a74447b-5fdf-40ea-9611-cfd9e4fde9ec-StreamThread-1] State transition from PARTITIONS_ASSIGNED to RUNNING
2026-07-31 07:26:24,569 INFO  KafkaStreams - stream-client [skafka-go-streams-wordcount-1a74447b-5fdf-40ea-9611-cfd9e4fde9ec] State transition from REBALANCING to RUNNING
2026-07-31 07:26:24,660 WARN  OffsetsForLeaderEpochUtils - Attempt to fetch offsets for partition streams-plaintext-input-0 failed due to: Topic deletion is disabled., retrying.
2026-07-31 07:26:24,760 WARN  OffsetsForLeaderEpochUtils - Attempt to fetch offsets for partition streams-plaintext-input-0 failed due to: Topic deletion is disabled., retrying.
2026-07-31 07:26:24,860 WARN  OffsetsForLeaderEpochUtils - Attempt to fetch offsets for partition streams-plaintext-input-0 failed due to: Topic deletion is disabled., retrying.
2026-07-31 07:26:24,960 WARN  OffsetsForLeaderEpochUtils - Attempt to fetch offsets for partition streams-plaintext-input-0 failed due to: Topic deletion is disabled., retrying.
2026-07-31 07:26:25,060 WARN  OffsetsForLeaderEpochUtils - Attempt to fetch offsets for partition streams-plaintext-input-0 failed due to: Topic deletion is disabled., retrying.
2026-07-31 07:26:25,160 WARN  OffsetsForLeaderEpochUtils - Attempt to fetch offsets for partition streams-plaintext-input-0 failed due to: Topic deletion is disabled., retrying.
2026-07-31 07:26:25,260 WARN  OffsetsForLeaderEpochUtils - Attempt to fetch offsets for partition streams-plaintext-input-0 failed due to: Topic deletion is disabled., retrying.
2026-07-31 07:26:25,360 WARN  OffsetsForLeaderEpochUtils - Attempt to fetch offsets for partition streams-plaintext-input-0 failed due to: Topic deletion is disabled., retrying.
2026-07-31 07:26:25,460 WARN  OffsetsForLeaderEpochUtils - Attempt to fetch offsets for partition streams-plaintext-input-0 failed due to: Topic deletion is disabled., retrying.
2026-07-31 07:26:25,560 WARN  OffsetsForLeaderEpochUtils - Attempt to fetch offsets for partition streams-plaintext-input-0 failed due to: Topic deletion is disabled., retrying.
2026-07-31 07:26:25,660 WARN  OffsetsForLeaderEpochUtils - Attempt to fetch offsets for partition streams-plaintext-input-0 failed due to: Topic deletion is disabled., retrying.
2026-07-31 07:26:25,760 WARN  OffsetsForLeaderEpochUtils - Attempt to fetch offsets for partition streams-plaintext-input-0 failed due to: Topic deletion is disabled., retrying.
2026-07-31 07:26:25,860 WARN  OffsetsForLeaderEpochUtils - Attempt to fetch offsets for partition streams-plaintext-input-0 failed due to: Topic deletion is disabled., retrying.
2026-07-31 07:26:25,960 WARN  OffsetsForLeaderEpochUtils - Attempt to fetch offsets for partition streams-plaintext-input-0 failed due to: Topic deletion is disabled., retrying.
2026-07-31 07:26:26,060 WARN  OffsetsForLeaderEpochUtils - Attempt to fetch offsets for partition streams-plaintext-input-0 failed due to: Topic deletion is disabled., retrying.
2026-07-31 07:26:26,160 WARN  OffsetsForLeaderEpochUtils - Attempt to fetch offsets for partition streams-plaintext-input-0 failed due to: Topic deletion is disabled., retrying.
2026-07-31 07:26:26,260 WARN  OffsetsForLeaderEpochUtils - Attempt to fetch offsets for partition streams-plaintext-input-0 failed due to: Topic deletion is disabled., retrying.
2026-07-31 07:26:26,360 WARN  OffsetsForLeaderEpochUtils - Attempt to fetch offsets for partition streams-plaintext-input-0 failed due to: Topic deletion is disabled., retrying.
2026-07-31 07:26:26,460 WARN  OffsetsForLeaderEpochUtils - Attempt to fetch offsets for partition streams-plaintext-input-0 failed due to: Topic deletion is disabled., retrying.
2026-07-31 07:26:26,560 WARN  OffsetsForLeaderEpochUtils - Attempt to fetch offsets for partition streams-plaintext-input-0 failed due to: Topic deletion is disabled., retrying.
2026-07-31 07:26:26,660 WARN  OffsetsForLeaderEpochUtils - Attempt to fetch offsets for partition streams-plaintext-input-0 failed due to: Topic deletion is disabled., retrying.
2026-07-31 07:26:26,760 WARN  OffsetsForLeaderEpochUtils - Attempt to fetch offsets for partition streams-plaintext-input-0 failed due to: Topic deletion is disabled., retrying.
2026-07-31 07:26:26,860 WARN  OffsetsForLeaderEpochUtils - Attempt to fetch offsets for partition streams-plaintext-input-0 failed due to: Topic deletion is disabled., retrying.
2026-07-31 07:26:26,960 WARN  OffsetsForLeaderEpochUtils - Attempt to fetch offsets for partition streams-plaintext-input-0 failed due to: Topic deletion is disabled., retrying.
2026-07-31 07:26:27,060 WARN  OffsetsForLeaderEpochUtils - Attempt to fetch offsets for partition streams-plaintext-input-0 failed due to: Topic deletion is disabled., retrying.
2026-07-31 07:26:27,160 WARN  OffsetsForLeaderEpochUtils - Attempt to fetch offsets for partition streams-plaintext-input-0 failed due to: Topic deletion is disabled., retrying.
2026-07-31 07:26:27,261 WARN  OffsetsForLeaderEpochUtils - Attempt to fetch offsets for partition streams-plaintext-input-0 failed due to: Topic deletion is disabled., retrying.
2026-07-31 07:26:27,361 WARN  OffsetsForLeaderEpochUtils - Attempt to fetch offsets for partition streams-plaintext-input-0 failed due to: Topic deletion is disabled., retrying.
2026-07-31 07:26:27,461 WARN  OffsetsForLeaderEpochUtils - Attempt to fetch offsets for partition streams-plaintext-input-0 failed due to: Topic deletion is disabled., retrying.
2026-07-31 07:26:27,561 WARN  OffsetsForLeaderEpochUtils - Attempt to fetch offsets for partition streams-plaintext-input-0 failed due to: Topic deletion is disabled., retrying.
2026-07-31 07:26:27,661 WARN  OffsetsForLeaderEpochUtils - Attempt to fetch offsets for partition streams-plaintext-input-0 failed due to: Topic deletion is disabled., retrying.
2026-07-31 07:26:27,761 WARN  OffsetsForLeaderEpochUtils - Attempt to fetch offsets for partition streams-plaintext-input-0 failed due to: Topic deletion is disabled., retrying.
2026-07-31 07:26:27,861 WARN  OffsetsForLeaderEpochUtils - Attempt to fetch offsets for partition streams-plaintext-input-0 failed due to: Topic deletion is disabled., retrying.
2026-07-31 07:26:27,961 WARN  OffsetsForLeaderEpochUtils - Attempt to fetch offsets for partition streams-plaintext-input-0 failed due to: Topic deletion is disabled., retrying.
2026-07-31 07:26:28,061 WARN  OffsetsForLeaderEpochUtils - Attempt to fetch offsets for partition streams-plaintext-input-0 failed due to: Topic deletion is disabled., retrying.
2026-07-31 07:26:28,161 WARN  OffsetsForLeaderEpochUtils - Attempt to fetch offsets for partition streams-plaintext-input-0 failed due to: Topic deletion is disabled., retrying.
2026-07-31 07:26:28,261 WARN  OffsetsForLeaderEpochUtils - Attempt to fetch offsets for partition streams-plaintext-input-0 failed due to: Topic deletion is disabled., retrying.
2026-07-31 07:26:28,361 WARN  OffsetsForLeaderEpochUtils - Attempt to fetch offsets for partition streams-plaintext-input-0 failed due to: Topic deletion is disabled., retrying.
2026-07-31 07:26:28,461 WARN  OffsetsForLeaderEpochUtils - Attempt to fetch offsets for partition streams-plaintext-input-0 failed due to: Topic deletion is disabled., retrying.
2026-07-31 07:26:28,561 WARN  OffsetsForLeaderEpochUtils - Attempt to fetch offsets for partition streams-plaintext-input-0 failed due to: Topic deletion is disabled., retrying.
2026-07-31 07:26:28,661 WARN  OffsetsForLeaderEpochUtils - Attempt to fetch offsets for partition streams-plaintext-input-0 failed due to: Topic deletion is disabled., retrying.
2026-07-31 07:26:28,761 WARN  OffsetsForLeaderEpochUtils - Attempt to fetch offsets for partition streams-plaintext-input-0 failed due to: Topic deletion is disabled., retrying.
2026-07-31 07:26:28,861 WARN  OffsetsForLeaderEpochUtils - Attempt to fetch offsets for partition streams-plaintext-input-0 failed due to: Topic deletion is disabled., retrying.
2026-07-31 07:26:28,961 WARN  OffsetsForLeaderEpochUtils - Attempt to fetch offsets for partition streams-plaintext-input-0 failed due to: Topic deletion is disabled., retrying.
2026-07-31 07:26:29,061 WARN  OffsetsForLeaderEpochUtils - Attempt to fetch offsets for partition streams-plaintext-input-0 failed due to: Topic deletion is disabled., retrying.
2026-07-31 07:26:29,161 WARN  OffsetsForLeaderEpochUtils - Attempt to fetch offsets for partition streams-plaintext-input-0 failed due to: Topic deletion is disabled., retrying.
2026-07-31 07:26:29,261 WARN  OffsetsForLeaderEpochUtils - Attempt to fetch offsets for partition streams-plaintext-input-0 failed due to: Topic deletion is disabled., retrying.
2026-07-31 07:26:29,361 WARN  OffsetsForLeaderEpochUtils - Attempt to fetch offsets for partition streams-plaintext-input-0 failed due to: Topic deletion is disabled., retrying.
2026-07-31 07:26:29,461 WARN  OffsetsForLeaderEpochUtils - Attempt to fetch offsets for partition streams-plaintext-input-0 failed due to: Topic deletion is disabled., retrying.
2026-07-31 07:26:29,561 WARN  OffsetsForLeaderEpochUtils - Attempt to fetch offsets for partition streams-plaintext-input-0 failed due to: Topic deletion is disabled., retrying.
2026-07-31 07:26:29,661 WARN  OffsetsForLeaderEpochUtils - Attempt to fetch offsets for partition streams-plaintext-input-0 failed due to: Topic deletion is disabled., retrying.
2026-07-31 07:26:29,761 WARN  OffsetsForLeaderEpochUtils - Attempt to fetch offsets for partition streams-plaintext-input-0 failed due to: Topic deletion is disabled., retrying.
2026-07-31 07:26:29,861 WARN  OffsetsForLeaderEpochUtils - Attempt to fetch offsets for partition streams-plaintext-input-0 failed due to: Topic deletion is disabled., retrying.
2026-07-31 07:26:29,961 WARN  OffsetsForLeaderEpochUtils - Attempt to fetch offsets for partition streams-plaintext-input-0 failed due to: Topic deletion is disabled., retrying.
2026-07-31 07:26:30,061 WARN  OffsetsForLeaderEpochUtils - Attempt to fetch offsets for partition streams-plaintext-input-0 failed due to: Topic deletion is disabled., retrying.
2026-07-31 07:26:30,161 WARN  OffsetsForLeaderEpochUtils - Attempt to fetch offsets for partition streams-plaintext-input-0 failed due to: Topic deletion is disabled., retrying.
2026-07-31 07:26:30,261 WARN  OffsetsForLeaderEpochUtils - Attempt to fetch offsets for partition streams-plaintext-input-0 failed due to: Topic deletion is disabled., retrying.
2026-07-31 07:26:30,361 WARN  OffsetsForLeaderEpochUtils - Attempt to fetch offsets for partition streams-plaintext-input-0 failed due to: Topic deletion is disabled., retrying.
2026-07-31 07:26:30,461 WARN  OffsetsForLeaderEpochUtils - Attempt to fetch offsets for partition streams-plaintext-input-0 failed due to: Topic deletion is disabled., retrying.
2026-07-31 07:26:30,561 WARN  OffsetsForLeaderEpochUtils - Attempt to fetch offsets for partition streams-plaintext-input-0 failed due to: Topic deletion is disabled., retrying.
2026-07-31 07:26:30,661 WARN  OffsetsForLeaderEpochUtils - Attempt to fetch offsets for partition streams-plaintext-input-0 failed due to: Topic deletion is disabled., retrying.
2026-07-31 07:26:30,761 WARN  OffsetsForLeaderEpochUtils - Attempt to fetch offsets for partition streams-plaintext-input-0 failed due to: Topic deletion is disabled., retrying.
2026-07-31 07:26:30,861 WARN  OffsetsForLeaderEpochUtils - Attempt to fetch offsets for partition streams-plaintext-input-0 failed due to: Topic deletion is disabled., retrying.
2026-07-31 07:26:30,961 WARN  OffsetsForLeaderEpochUtils - Attempt to fetch offsets for partition streams-plaintext-input-0 failed due to: Topic deletion is disabled., retrying.
2026-07-31 07:26:31,061 WARN  OffsetsForLeaderEpochUtils - Attempt to fetch offsets for partition streams-plaintext-input-0 failed due to: Topic deletion is disabled., retrying.
2026-07-31 07:26:31,161 WARN  OffsetsForLeaderEpochUtils - Attempt to fetch offsets for partition streams-plaintext-input-0 failed due to: Topic deletion is disabled., retrying.
2026-07-31 07:26:31,261 WARN  OffsetsForLeaderEpochUtils - Attempt to fetch offsets for partition streams-plaintext-input-0 failed due to: Topic deletion is disabled., retrying.
2026-07-31 07:26:31,361 WARN  OffsetsForLeaderEpochUtils - Attempt to fetch offsets for partition streams-plaintext-input-0 failed due to: Topic deletion is disabled., retrying.
2026-07-31 07:26:31,461 WARN  OffsetsForLeaderEpochUtils - Attempt to fetch offsets for partition streams-plaintext-input-0 failed due to: Topic deletion is disabled., retrying.
2026-07-31 07:26:31,561 WARN  OffsetsForLeaderEpochUtils - Attempt to fetch offsets for partition streams-plaintext-input-0 failed due to: Topic deletion is disabled., retrying.
2026-07-31 07:26:31,661 WARN  OffsetsForLeaderEpochUtils - Attempt to fetch offsets for partition streams-plaintext-input-0 failed due to: Topic deletion is disabled., retrying.
2026-07-31 07:26:31,761 WARN  OffsetsForLeaderEpochUtils - Attempt to fetch offsets for partition streams-plaintext-input-0 failed due to: Topic deletion is disabled., retrying.
2026-07-31 07:26:31,861 WARN  OffsetsForLeaderEpochUtils - Attempt to fetch offsets for partition streams-plaintext-input-0 failed due to: Topic deletion is disabled., retrying.
2026-07-31 07:26:31,961 WARN  OffsetsForLeaderEpochUtils - Attempt to fetch offsets for partition streams-plaintext-input-0 failed due to: Topic deletion is disabled., retrying.
2026-07-31 07:26:32,061 WARN  OffsetsForLeaderEpochUtils - Attempt to fetch offsets for partition streams-plaintext-input-0 failed due to: Topic deletion is disabled., retrying.
2026-07-31 07:26:32,161 WARN  OffsetsForLeaderEpochUtils - Attempt to fetch offsets for partition streams-plaintext-input-0 failed due to: Topic deletion is disabled., retrying.
2026-07-31 07:26:32,261 WARN  OffsetsForLeaderEpochUtils - Attempt to fetch offsets for partition streams-plaintext-input-0 failed due to: Topic deletion is disabled., retrying.
2026-07-31 07:26:32,361 WARN  OffsetsForLeaderEpochUtils - Attempt to fetch offsets for partition streams-plaintext-input-0 failed due to: Topic deletion is disabled., retrying.
2026-07-31 07:26:32,461 WARN  OffsetsForLeaderEpochUtils - Attempt to fetch offsets for partition streams-plaintext-input-0 failed due to: Topic deletion is disabled., retrying.
2026-07-31 07:26:32,561 WARN  OffsetsForLeaderEpochUtils - Attempt to fetch offsets for partition streams-plaintext-input-0 failed due to: Topic deletion is disabled., retrying.
2026-07-31 07:26:32,661 WARN  OffsetsForLeaderEpochUtils - Attempt to fetch offsets for partition streams-plaintext-input-0 failed due to: Topic deletion is disabled., retrying.
2026-07-31 07:26:32,761 WARN  OffsetsForLeaderEpochUtils - Attempt to fetch offsets for partition streams-plaintext-input-0 failed due to: Topic deletion is disabled., retrying.
2026-07-31 07:26:32,861 WARN  OffsetsForLeaderEpochUtils - Attempt to fetch offsets for partition streams-plaintext-input-0 failed due to: Topic deletion is disabled., retrying.
2026-07-31 07:26:32,961 WARN  OffsetsForLeaderEpochUtils - Attempt to fetch offsets for partition streams-plaintext-input-0 failed due to: Topic deletion is disabled., retrying.
2026-07-31 07:26:33,061 WARN  OffsetsForLeaderEpochUtils - Attempt to fetch offsets for partition streams-plaintext-input-0 failed due to: Topic deletion is disabled., retrying.
2026-07-31 07:26:33,161 WARN  OffsetsForLeaderEpochUtils - Attempt to fetch offsets for partition streams-plaintext-input-0 failed due to: Topic deletion is disabled., retrying.
2026-07-31 07:26:33,261 WARN  OffsetsForLeaderEpochUtils - Attempt to fetch offsets for partition streams-plaintext-input-0 failed due to: Topic deletion is disabled., retrying.
2026-07-31 07:26:33,361 WARN  OffsetsForLeaderEpochUtils - Attempt to fetch offsets for partition streams-plaintext-input-0 failed due to: Topic deletion is disabled., retrying.
2026-07-31 07:26:33,461 WARN  OffsetsForLeaderEpochUtils - Attempt to fetch offsets for partition streams-plaintext-input-0 failed due to: Topic deletion is disabled., retrying.
2026-07-31 07:26:33,561 WARN  OffsetsForLeaderEpochUtils - Attempt to fetch offsets for partition streams-plaintext-input-0 failed due to: Topic deletion is disabled., retrying.
2026-07-31 07:26:33,661 WARN  OffsetsForLeaderEpochUtils - Attempt to fetch offsets for partition streams-plaintext-input-0 failed due to: Topic deletion is disabled., retrying.
2026-07-31 07:26:33,761 WARN  OffsetsForLeaderEpochUtils - Attempt to fetch offsets for partition streams-plaintext-input-0 failed due to: Topic deletion is disabled., retrying.
2026-07-31 07:26:33,861 WARN  OffsetsForLeaderEpochUtils - Attempt to fetch offsets for partition streams-plaintext-input-0 failed due to: Topic deletion is disabled., retrying.
2026-07-31 07:26:33,961 WARN  OffsetsForLeaderEpochUtils - Attempt to fetch offsets for partition streams-plaintext-input-0 failed due to: Topic deletion is disabled., retrying.
2026-07-31 07:26:34,061 WARN  OffsetsForLeaderEpochUtils - Attempt to fetch offsets for partition streams-plaintext-input-0 failed due to: Topic deletion is disabled., retrying.
2026-07-31 07:26:34,161 WARN  OffsetsForLeaderEpochUtils - Attempt to fetch offsets for partition streams-plaintext-input-0 failed due to: Topic deletion is disabled., retrying.
2026-07-31 07:26:34,261 WARN  OffsetsForLeaderEpochUtils - Attempt to fetch offsets for partition streams-plaintext-input-0 failed due to: Topic deletion is disabled., retrying.
2026-07-31 07:26:34,361 WARN  OffsetsForLeaderEpochUtils - Attempt to fetch offsets for partition streams-plaintext-input-0 failed due to: Topic deletion is disabled., retrying.
2026-07-31 07:26:34,461 WARN  OffsetsForLeaderEpochUtils - Attempt to fetch offsets for partition streams-plaintext-input-0 failed due to: Topic deletion is disabled., retrying.
2026-07-31 07:26:34,561 WARN  OffsetsForLeaderEpochUtils - Attempt to fetch offsets for partition streams-plaintext-input-0 failed due to: Topic deletion is disabled., retrying.
2026-07-31 07:26:34,661 WARN  OffsetsForLeaderEpochUtils - Attempt to fetch offsets for partition streams-plaintext-input-0 failed due to: Topic deletion is disabled., retrying.
2026-07-31 07:26:34,761 WARN  OffsetsForLeaderEpochUtils - Attempt to fetch offsets for partition streams-plaintext-input-0 failed due to: Topic deletion is disabled., retrying.
2026-07-31 07:26:34,861 WARN  OffsetsForLeaderEpochUtils - Attempt to fetch offsets for partition streams-plaintext-input-0 failed due to: Topic deletion is disabled., retrying.
2026-07-31 07:26:34,961 WARN  OffsetsForLeaderEpochUtils - Attempt to fetch offsets for partition streams-plaintext-input-0 failed due to: Topic deletion is disabled., retrying.
2026-07-31 07:26:35,061 WARN  OffsetsForLeaderEpochUtils - Attempt to fetch offsets for partition streams-plaintext-input-0 failed due to: Topic deletion is disabled., retrying.
2026-07-31 07:26:35,161 WARN  OffsetsForLeaderEpochUtils - Attempt to fetch offsets for partition streams-plaintext-input-0 failed due to: Topic deletion is disabled., retrying.
2026-07-31 07:26:35,261 WARN  OffsetsForLeaderEpochUtils - Attempt to fetch offsets for partition streams-plaintext-input-0 failed due to: Topic deletion is disabled., retrying.
2026-07-31 07:26:35,361 WARN  OffsetsForLeaderEpochUtils - Attempt to fetch offsets for partition streams-plaintext-input-0 failed due to: Topic deletion is disabled., retrying.
2026-07-31 07:26:35,461 WARN  OffsetsForLeaderEpochUtils - Attempt to fetch offsets for partition streams-plaintext-input-0 failed due to: Topic deletion is disabled., retrying.
2026-07-31 07:26:35,561 WARN  OffsetsForLeaderEpochUtils - Attempt to fetch offsets for partition streams-plaintext-input-0 failed due to: Topic deletion is disabled., retrying.
2026-07-31 07:26:35,661 WARN  OffsetsForLeaderEpochUtils - Attempt to fetch offsets for partition streams-plaintext-input-0 failed due to: Topic deletion is disabled., retrying.
2026-07-31 07:26:35,761 WARN  OffsetsForLeaderEpochUtils - Attempt to fetch offsets for partition streams-plaintext-input-0 failed due to: Topic deletion is disabled., retrying.
2026-07-31 07:26:35,861 WARN  OffsetsForLeaderEpochUtils - Attempt to fetch offsets for partition streams-plaintext-input-0 failed due to: Topic deletion is disabled., retrying.
2026-07-31 07:26:35,961 WARN  OffsetsForLeaderEpochUtils - Attempt to fetch offsets for partition streams-plaintext-input-0 failed due to: Topic deletion is disabled., retrying.
2026-07-31 07:26:36,061 WARN  OffsetsForLeaderEpochUtils - Attempt to fetch offsets for partition streams-plaintext-input-0 failed due to: Topic deletion is disabled., retrying.
2026-07-31 07:26:36,161 WARN  OffsetsForLeaderEpochUtils - Attempt to fetch offsets for partition streams-plaintext-input-0 failed due to: Topic deletion is disabled., retrying.
2026-07-31 07:26:36,261 WARN  OffsetsForLeaderEpochUtils - Attempt to fetch offsets for partition streams-plaintext-input-0 failed due to: Topic deletion is disabled., retrying.
2026-07-31 07:26:36,361 WARN  OffsetsForLeaderEpochUtils - Attempt to fetch offsets for partition streams-plaintext-input-0 failed due to: Topic deletion is disabled., retrying.
2026-07-31 07:26:36,461 WARN  OffsetsForLeaderEpochUtils - Attempt to fetch offsets for partition streams-plaintext-input-0 failed due to: Topic deletion is disabled., retrying.
2026-07-31 07:26:36,561 WARN  OffsetsForLeaderEpochUtils - Attempt to fetch offsets for partition streams-plaintext-input-0 failed due to: Topic deletion is disabled., retrying.
2026-07-31 07:26:36,661 WARN  OffsetsForLeaderEpochUtils - Attempt to fetch offsets for partition streams-plaintext-input-0 failed due to: Topic deletion is disabled., retrying.
2026-07-31 07:26:36,761 WARN  OffsetsForLeaderEpochUtils - Attempt to fetch offsets for partition streams-plaintext-input-0 failed due to: Topic deletion is disabled., retrying.
2026-07-31 07:26:36,861 WARN  OffsetsForLeaderEpochUtils - Attempt to fetch offsets for partition streams-plaintext-input-0 failed due to: Topic deletion is disabled., retrying.
2026-07-31 07:26:36,961 WARN  OffsetsForLeaderEpochUtils - Attempt to fetch offsets for partition streams-plaintext-input-0 failed due to: Topic deletion is disabled., retrying.
2026-07-31 07:26:37,061 WARN  OffsetsForLeaderEpochUtils - Attempt to fetch offsets for partition streams-plaintext-input-0 failed due to: Topic deletion is disabled., retrying.
2026-07-31 07:26:37,161 WARN  OffsetsForLeaderEpochUtils - Attempt to fetch offsets for partition streams-plaintext-input-0 failed due to: Topic deletion is disabled., retrying.
2026-07-31 07:26:37,261 WARN  OffsetsForLeaderEpochUtils - Attempt to fetch offsets for partition streams-plaintext-input-0 failed due to: Topic deletion is disabled., retrying.
2026-07-31 07:26:37,361 WARN  OffsetsForLeaderEpochUtils - Attempt to fetch offsets for partition streams-plaintext-input-0 failed due to: Topic deletion is disabled., retrying.
2026-07-31 07:26:37,461 WARN  OffsetsForLeaderEpochUtils - Attempt to fetch offsets for partition streams-plaintext-input-0 failed due to: Topic deletion is disabled., retrying.
2026-07-31 07:26:37,561 WARN  OffsetsForLeaderEpochUtils - Attempt to fetch offsets for partition streams-plaintext-input-0 failed due to: Topic deletion is disabled., retrying.
2026-07-31 07:26:37,661 WARN  OffsetsForLeaderEpochUtils - Attempt to fetch offsets for partition streams-plaintext-input-0 failed due to: Topic deletion is disabled., retrying.
2026-07-31 07:26:37,761 WARN  OffsetsForLeaderEpochUtils - Attempt to fetch offsets for partition streams-plaintext-input-0 failed due to: Topic deletion is disabled., retrying.
2026-07-31 07:26:37,861 WARN  OffsetsForLeaderEpochUtils - Attempt to fetch offsets for partition streams-plaintext-input-0 failed due to: Topic deletion is disabled., retrying.
2026-07-31 07:26:37,961 WARN  OffsetsForLeaderEpochUtils - Attempt to fetch offsets for partition streams-plaintext-input-0 failed due to: Topic deletion is disabled., retrying.
2026-07-31 07:26:38,061 WARN  OffsetsForLeaderEpochUtils - Attempt to fetch offsets for partition streams-plaintext-input-0 failed due to: Topic deletion is disabled., retrying.
2026-07-31 07:26:38,161 WARN  OffsetsForLeaderEpochUtils - Attempt to fetch offsets for partition streams-plaintext-input-0 failed due to: Topic deletion is disabled., retrying.
2026-07-31 07:26:38,261 WARN  OffsetsForLeaderEpochUtils - Attempt to fetch offsets for partition streams-plaintext-input-0 failed due to: Topic deletion is disabled., retrying.
2026-07-31 07:26:38,361 WARN  OffsetsForLeaderEpochUtils - Attempt to fetch offsets for partition streams-plaintext-input-0 failed due to: Topic deletion is disabled., retrying.
2026-07-31 07:26:38,461 WARN  OffsetsForLeaderEpochUtils - Attempt to fetch offsets for partition streams-plaintext-input-0 failed due to: Topic deletion is disabled., retrying.
2026-07-31 07:26:38,561 WARN  OffsetsForLeaderEpochUtils - Attempt to fetch offsets for partition streams-plaintext-input-0 failed due to: Topic deletion is disabled., retrying.
2026-07-31 07:26:38,661 WARN  OffsetsForLeaderEpochUtils - Attempt to fetch offsets for partition streams-plaintext-input-0 failed due to: Topic deletion is disabled., retrying.
2026-07-31 07:26:38,761 WARN  OffsetsForLeaderEpochUtils - Attempt to fetch offsets for partition streams-plaintext-input-0 failed due to: Topic deletion is disabled., retrying.
2026-07-31 07:26:38,861 WARN  OffsetsForLeaderEpochUtils - Attempt to fetch offsets for partition streams-plaintext-input-0 failed due to: Topic deletion is disabled., retrying.
2026-07-31 07:26:38,961 WARN  OffsetsForLeaderEpochUtils - Attempt to fetch offsets for partition streams-plaintext-input-0 failed due to: Topic deletion is disabled., retrying.
2026-07-31 07:26:39,061 WARN  OffsetsForLeaderEpochUtils - Attempt to fetch offsets for partition streams-plaintext-input-0 failed due to: Topic deletion is disabled., retrying.
2026-07-31 07:26:39,161 WARN  OffsetsForLeaderEpochUtils - Attempt to fetch offsets for partition streams-plaintext-input-0 failed due to: Topic deletion is disabled., retrying.
2026-07-31 07:26:39,261 WARN  OffsetsForLeaderEpochUtils - Attempt to fetch offsets for partition streams-plaintext-input-0 failed due to: Topic deletion is disabled., retrying.
2026-07-31 07:26:39,361 WARN  OffsetsForLeaderEpochUtils - Attempt to fetch offsets for partition streams-plaintext-input-0 failed due to: Topic deletion is disabled., retrying.
2026-07-31 07:26:39,461 WARN  OffsetsForLeaderEpochUtils - Attempt to fetch offsets for partition streams-plaintext-input-0 failed due to: Topic deletion is disabled., retrying.
2026-07-31 07:26:39,561 WARN  OffsetsForLeaderEpochUtils - Attempt to fetch offsets for partition streams-plaintext-input-0 failed due to: Topic deletion is disabled., retrying.
2026-07-31 07:26:39,661 WARN  OffsetsForLeaderEpochUtils - Attempt to fetch offsets for partition streams-plaintext-input-0 failed due to: Topic deletion is disabled., retrying.
2026-07-31 07:26:39,761 WARN  OffsetsForLeaderEpochUtils - Attempt to fetch offsets for partition streams-plaintext-input-0 failed due to: Topic deletion is disabled., retrying.
2026-07-31 07:26:39,861 WARN  OffsetsForLeaderEpochUtils - Attempt to fetch offsets for partition streams-plaintext-input-0 failed due to: Topic deletion is disabled., retrying.
2026-07-31 07:26:39,961 WARN  OffsetsForLeaderEpochUtils - Attempt to fetch offsets for partition streams-plaintext-input-0 failed due to: Topic deletion is disabled., retrying.
2026-07-31 07:26:40,061 WARN  OffsetsForLeaderEpochUtils - Attempt to fetch offsets for partition streams-plaintext-input-0 failed due to: Topic deletion is disabled., retrying.
2026-07-31 07:26:40,161 WARN  OffsetsForLeaderEpochUtils - Attempt to fetch offsets for partition streams-plaintext-input-0 failed due to: Topic deletion is disabled., retrying.
2026-07-31 07:26:40,261 WARN  OffsetsForLeaderEpochUtils - Attempt to fetch offsets for partition streams-plaintext-input-0 failed due to: Topic deletion is disabled., retrying.
2026-07-31 07:26:40,361 WARN  OffsetsForLeaderEpochUtils - Attempt to fetch offsets for partition streams-plaintext-input-0 failed due to: Topic deletion is disabled., retrying.
2026-07-31 07:26:40,461 WARN  OffsetsForLeaderEpochUtils - Attempt to fetch offsets for partition streams-plaintext-input-0 failed due to: Topic deletion is disabled., retrying.
2026-07-31 07:26:40,561 WARN  OffsetsForLeaderEpochUtils - Attempt to fetch offsets for partition streams-plaintext-input-0 failed due to: Topic deletion is disabled., retrying.
2026-07-31 07:26:40,661 WARN  OffsetsForLeaderEpochUtils - Attempt to fetch offsets for partition streams-plaintext-input-0 failed due to: Topic deletion is disabled., retrying.
2026-07-31 07:26:40,761 WARN  OffsetsForLeaderEpochUtils - Attempt to fetch offsets for partition streams-plaintext-input-0 failed due to: Topic deletion is disabled., retrying.
2026-07-31 07:26:40,861 WARN  OffsetsForLeaderEpochUtils - Attempt to fetch offsets for partition streams-plaintext-input-0 failed due to: Topic deletion is disabled., retrying.
2026-07-31 07:26:40,961 WARN  OffsetsForLeaderEpochUtils - Attempt to fetch offsets for partition streams-plaintext-input-0 failed due to: Topic deletion is disabled., retrying.
2026-07-31 07:26:41,061 WARN  OffsetsForLeaderEpochUtils - Attempt to fetch offsets for partition streams-plaintext-input-0 failed due to: Topic deletion is disabled., retrying.
2026-07-31 07:26:41,161 WARN  OffsetsForLeaderEpochUtils - Attempt to fetch offsets for partition streams-plaintext-input-0 failed due to: Topic deletion is disabled., retrying.
2026-07-31 07:26:41,261 WARN  OffsetsForLeaderEpochUtils - Attempt to fetch offsets for partition streams-plaintext-input-0 failed due to: Topic deletion is disabled., retrying.
2026-07-31 07:26:41,361 WARN  OffsetsForLeaderEpochUtils - Attempt to fetch offsets for partition streams-plaintext-input-0 failed due to: Topic deletion is disabled., retrying.
2026-07-31 07:26:41,461 WARN  OffsetsForLeaderEpochUtils - Attempt to fetch offsets for partition streams-plaintext-input-0 failed due to: Topic deletion is disabled., retrying.
2026-07-31 07:26:41,561 WARN  OffsetsForLeaderEpochUtils - Attempt to fetch offsets for partition streams-plaintext-input-0 failed due to: Topic deletion is disabled., retrying.
2026-07-31 07:26:41,661 WARN  OffsetsForLeaderEpochUtils - Attempt to fetch offsets for partition streams-plaintext-input-0 failed due to: Topic deletion is disabled., retrying.
2026-07-31 07:26:41,761 WARN  OffsetsForLeaderEpochUtils - Attempt to fetch offsets for partition streams-plaintext-input-0 failed due to: Topic deletion is disabled., retrying.
2026-07-31 07:26:41,861 WARN  OffsetsForLeaderEpochUtils - Attempt to fetch offsets for partition streams-plaintext-input-0 failed due to: Topic deletion is disabled., retrying.
2026-07-31 07:26:41,961 WARN  OffsetsForLeaderEpochUtils - Attempt to fetch offsets for partition streams-plaintext-input-0 failed due to: Topic deletion is disabled., retrying.
2026-07-31 07:26:42,061 WARN  OffsetsForLeaderEpochUtils - Attempt to fetch offsets for partition streams-plaintext-input-0 failed due to: Topic deletion is disabled., retrying.
2026-07-31 07:26:42,161 WARN  OffsetsForLeaderEpochUtils - Attempt to fetch offsets for partition streams-plaintext-input-0 failed due to: Topic deletion is disabled., retrying.
2026-07-31 07:26:42,261 WARN  OffsetsForLeaderEpochUtils - Attempt to fetch offsets for partition streams-plaintext-input-0 failed due to: Topic deletion is disabled., retrying.
2026-07-31 07:26:42,361 WARN  OffsetsForLeaderEpochUtils - Attempt to fetch offsets for partition streams-plaintext-input-0 failed due to: Topic deletion is disabled., retrying.
2026-07-31 07:26:42,461 WARN  OffsetsForLeaderEpochUtils - Attempt to fetch offsets for partition streams-plaintext-input-0 failed due to: Topic deletion is disabled., retrying.
2026-07-31 07:26:42,561 WARN  OffsetsForLeaderEpochUtils - Attempt to fetch offsets for partition streams-plaintext-input-0 failed due to: Topic deletion is disabled., retrying.
2026-07-31 07:26:42,661 WARN  OffsetsForLeaderEpochUtils - Attempt to fetch offsets for partition streams-plaintext-input-0 failed due to: Topic deletion is disabled., retrying.
2026-07-31 07:26:42,761 WARN  OffsetsForLeaderEpochUtils - Attempt to fetch offsets for partition streams-plaintext-input-0 failed due to: Topic deletion is disabled., retrying.
2026-07-31 07:26:42,861 WARN  OffsetsForLeaderEpochUtils - Attempt to fetch offsets for partition streams-plaintext-input-0 failed due to: Topic deletion is disabled., retrying.
2026-07-31 07:26:42,961 WARN  OffsetsForLeaderEpochUtils - Attempt to fetch offsets for partition streams-plaintext-input-0 failed due to: Topic deletion is disabled., retrying.
2026-07-31 07:26:43,061 WARN  OffsetsForLeaderEpochUtils - Attempt to fetch offsets for partition streams-plaintext-input-0 failed due to: Topic deletion is disabled., retrying.
2026-07-31 07:26:43,161 WARN  OffsetsForLeaderEpochUtils - Attempt to fetch offsets for partition streams-plaintext-input-0 failed due to: Topic deletion is disabled., retrying.
2026-07-31 07:26:43,261 WARN  OffsetsForLeaderEpochUtils - Attempt to fetch offsets for partition streams-plaintext-input-0 failed due to: Topic deletion is disabled., retrying.
2026-07-31 07:26:43,361 WARN  OffsetsForLeaderEpochUtils - Attempt to fetch offsets for partition streams-plaintext-input-0 failed due to: Topic deletion is disabled., retrying.
2026-07-31 07:26:43,461 WARN  OffsetsForLeaderEpochUtils - Attempt to fetch offsets for partition streams-plaintext-input-0 failed due to: Topic deletion is disabled., retrying.
2026-07-31 07:26:43,561 WARN  OffsetsForLeaderEpochUtils - Attempt to fetch offsets for partition streams-plaintext-input-0 failed due to: Topic deletion is disabled., retrying.
2026-07-31 07:26:43,661 WARN  OffsetsForLeaderEpochUtils - Attempt to fetch offsets for partition streams-plaintext-input-0 failed due to: Topic deletion is disabled., retrying.
2026-07-31 07:26:43,761 WARN  OffsetsForLeaderEpochUtils - Attempt to fetch offsets for partition streams-plaintext-input-0 failed due to: Topic deletion is disabled., retrying.
2026-07-31 07:26:43,861 WARN  OffsetsForLeaderEpochUtils - Attempt to fetch offsets for partition streams-plaintext-input-0 failed due to: Topic deletion is disabled., retrying.
2026-07-31 07:26:43,961 WARN  OffsetsForLeaderEpochUtils - Attempt to fetch offsets for partition streams-plaintext-input-0 failed due to: Topic deletion is disabled., retrying.
2026-07-31 07:26:44,061 WARN  OffsetsForLeaderEpochUtils - Attempt to fetch offsets for partition streams-plaintext-input-0 failed due to: Topic deletion is disabled., retrying.
2026-07-31 07:26:44,161 WARN  OffsetsForLeaderEpochUtils - Attempt to fetch offsets for partition streams-plaintext-input-0 failed due to: Topic deletion is disabled., retrying.
2026-07-31 07:26:44,261 WARN  OffsetsForLeaderEpochUtils - Attempt to fetch offsets for partition streams-plaintext-input-0 failed due to: Topic deletion is disabled., retrying.
2026-07-31 07:26:44,363 WARN  OffsetsForLeaderEpochUtils - Attempt to fetch offsets for partition streams-plaintext-input-0 failed due to: Topic deletion is disabled., retrying.
2026-07-31 07:26:44,463 WARN  OffsetsForLeaderEpochUtils - Attempt to fetch offsets for partition streams-plaintext-input-0 failed due to: Topic deletion is disabled., retrying.
2026-07-31 07:26:44,563 WARN  OffsetsForLeaderEpochUtils - Attempt to fetch offsets for partition streams-plaintext-input-0 failed due to: Topic deletion is disabled., retrying.
2026-07-31 07:26:44,663 WARN  OffsetsForLeaderEpochUtils - Attempt to fetch offsets for partition streams-plaintext-input-0 failed due to: Topic deletion is disabled., retrying.
2026-07-31 07:26:44,763 WARN  OffsetsForLeaderEpochUtils - Attempt to fetch offsets for partition streams-plaintext-input-0 failed due to: Topic deletion is disabled., retrying.
2026-07-31 07:26:44,863 WARN  OffsetsForLeaderEpochUtils - Attempt to fetch offsets for partition streams-plaintext-input-0 failed due to: Topic deletion is disabled., retrying.
2026-07-31 07:26:44,963 WARN  OffsetsForLeaderEpochUtils - Attempt to fetch offsets for partition streams-plaintext-input-0 failed due to: Topic deletion is disabled., retrying.
2026-07-31 07:26:45,063 WARN  OffsetsForLeaderEpochUtils - Attempt to fetch offsets for partition streams-plaintext-input-0 failed due to: Topic deletion is disabled., retrying.
2026-07-31 07:26:45,163 WARN  OffsetsForLeaderEpochUtils - Attempt to fetch offsets for partition streams-plaintext-input-0 failed due to: Topic deletion is disabled., retrying.
2026-07-31 07:26:45,263 WARN  OffsetsForLeaderEpochUtils - Attempt to fetch offsets for partition streams-plaintext-input-0 failed due to: Topic deletion is disabled., retrying.
2026-07-31 07:26:45,363 WARN  OffsetsForLeaderEpochUtils - Attempt to fetch offsets for partition streams-plaintext-input-0 failed due to: Topic deletion is disabled., retrying.
2026-07-31 07:26:45,463 WARN  OffsetsForLeaderEpochUtils - Attempt to fetch offsets for partition streams-plaintext-input-0 failed due to: Topic deletion is disabled., retrying.
2026-07-31 07:26:45,563 WARN  OffsetsForLeaderEpochUtils - Attempt to fetch offsets for partition streams-plaintext-input-0 failed due to: Topic deletion is disabled., retrying.
2026-07-31 07:26:45,663 WARN  OffsetsForLeaderEpochUtils - Attempt to fetch offsets for partition streams-plaintext-input-0 failed due to: Topic deletion is disabled., retrying.
2026-07-31 07:26:45,763 WARN  OffsetsForLeaderEpochUtils - Attempt to fetch offsets for partition streams-plaintext-input-0 failed due to: Topic deletion is disabled., retrying.
2026-07-31 07:26:45,863 WARN  OffsetsForLeaderEpochUtils - Attempt to fetch offsets for partition streams-plaintext-input-0 failed due to: Topic deletion is disabled., retrying.
2026-07-31 07:26:45,963 WARN  OffsetsForLeaderEpochUtils - Attempt to fetch offsets for partition streams-plaintext-input-0 failed due to: Topic deletion is disabled., retrying.
2026-07-31 07:26:46,063 WARN  OffsetsForLeaderEpochUtils - Attempt to fetch offsets for partition streams-plaintext-input-0 failed due to: Topic deletion is disabled., retrying.
2026-07-31 07:26:46,163 WARN  OffsetsForLeaderEpochUtils - Attempt to fetch offsets for partition streams-plaintext-input-0 failed due to: Topic deletion is disabled., retrying.
2026-07-31 07:26:46,263 WARN  OffsetsForLeaderEpochUtils - Attempt to fetch offsets for partition streams-plaintext-input-0 failed due to: Topic deletion is disabled., retrying.
2026-07-31 07:26:46,363 WARN  OffsetsForLeaderEpochUtils - Attempt to fetch offsets for partition streams-plaintext-input-0 failed due to: Topic deletion is disabled., retrying.
2026-07-31 07:26:46,463 WARN  OffsetsForLeaderEpochUtils - Attempt to fetch offsets for partition streams-plaintext-input-0 failed due to: Topic deletion is disabled., retrying.
2026-07-31 07:26:46,563 WARN  OffsetsForLeaderEpochUtils - Attempt to fetch offsets for partition streams-plaintext-input-0 failed due to: Topic deletion is disabled., retrying.
2026-07-31 07:26:46,663 WARN  OffsetsForLeaderEpochUtils - Attempt to fetch offsets for partition streams-plaintext-input-0 failed due to: Topic deletion is disabled., retrying.
2026-07-31 07:26:46,763 WARN  OffsetsForLeaderEpochUtils - Attempt to fetch offsets for partition streams-plaintext-input-0 failed due to: Topic deletion is disabled., retrying.
2026-07-31 07:26:46,863 WARN  OffsetsForLeaderEpochUtils - Attempt to fetch offsets for partition streams-plaintext-input-0 failed due to: Topic deletion is disabled., retrying.
2026-07-31 07:26:46,963 WARN  OffsetsForLeaderEpochUtils - Attempt to fetch offsets for partition streams-plaintext-input-0 failed due to: Topic deletion is disabled., retrying.
2026-07-31 07:26:47,063 WARN  OffsetsForLeaderEpochUtils - Attempt to fetch offsets for partition streams-plaintext-input-0 failed due to: Topic deletion is disabled., retrying.
2026-07-31 07:26:47,163 WARN  OffsetsForLeaderEpochUtils - Attempt to fetch offsets for partition streams-plaintext-input-0 failed due to: Topic deletion is disabled., retrying.
2026-07-31 07:26:47,263 WARN  OffsetsForLeaderEpochUtils - Attempt to fetch offsets for partition streams-plaintext-input-0 failed due to: Topic deletion is disabled., retrying.
2026-07-31 07:26:47,363 WARN  OffsetsForLeaderEpochUtils - Attempt to fetch offsets for partition streams-plaintext-input-0 failed due to: Topic deletion is disabled., retrying.
2026-07-31 07:26:47,463 WARN  OffsetsForLeaderEpochUtils - Attempt to fetch offsets for partition streams-plaintext-input-0 failed due to: Topic deletion is disabled., retrying.
2026-07-31 07:26:47,563 WARN  OffsetsForLeaderEpochUtils - Attempt to fetch offsets for partition streams-plaintext-input-0 failed due to: Topic deletion is disabled., retrying.
2026-07-31 07:26:47,663 WARN  OffsetsForLeaderEpochUtils - Attempt to fetch offsets for partition streams-plaintext-input-0 failed due to: Topic deletion is disabled., retrying.
2026-07-31 07:26:47,763 WARN  OffsetsForLeaderEpochUtils - Attempt to fetch offsets for partition streams-plaintext-input-0 failed due to: Topic deletion is disabled., retrying.
2026-07-31 07:26:47,863 WARN  OffsetsForLeaderEpochUtils - Attempt to fetch offsets for partition streams-plaintext-input-0 failed due to: Topic deletion is disabled., retrying.
2026-07-31 07:26:47,963 WARN  OffsetsForLeaderEpochUtils - Attempt to fetch offsets for partition streams-plaintext-input-0 failed due to: Topic deletion is disabled., retrying.
2026-07-31 07:26:48,063 WARN  OffsetsForLeaderEpochUtils - Attempt to fetch offsets for partition streams-plaintext-input-0 failed due to: Topic deletion is disabled., retrying.
2026-07-31 07:26:48,163 WARN  OffsetsForLeaderEpochUtils - Attempt to fetch offsets for partition streams-plaintext-input-0 failed due to: Topic deletion is disabled., retrying.
2026-07-31 07:26:48,263 WARN  OffsetsForLeaderEpochUtils - Attempt to fetch offsets for partition streams-plaintext-input-0 failed due to: Topic deletion is disabled., retrying.
2026-07-31 07:26:48,363 WARN  OffsetsForLeaderEpochUtils - Attempt to fetch offsets for partition streams-plaintext-input-0 failed due to: Topic deletion is disabled., retrying.
2026-07-31 07:26:48,463 WARN  OffsetsForLeaderEpochUtils - Attempt to fetch offsets for partition streams-plaintext-input-0 failed due to: Topic deletion is disabled., retrying.
2026-07-31 07:26:48,563 WARN  OffsetsForLeaderEpochUtils - Attempt to fetch offsets for partition streams-plaintext-input-0 failed due to: Topic deletion is disabled., retrying.
2026-07-31 07:26:48,663 WARN  OffsetsForLeaderEpochUtils - Attempt to fetch offsets for partition streams-plaintext-input-0 failed due to: Topic deletion is disabled., retrying.
2026-07-31 07:26:48,763 WARN  OffsetsForLeaderEpochUtils - Attempt to fetch offsets for partition streams-plaintext-input-0 failed due to: Topic deletion is disabled., retrying.
2026-07-31 07:26:48,863 WARN  OffsetsForLeaderEpochUtils - Attempt to fetch offsets for partition streams-plaintext-input-0 failed due to: Topic deletion is disabled., retrying.
2026-07-31 07:26:48,963 WARN  OffsetsForLeaderEpochUtils - Attempt to fetch offsets for partition streams-plaintext-input-0 failed due to: Topic deletion is disabled., retrying.
2026-07-31 07:26:49,063 WARN  OffsetsForLeaderEpochUtils - Attempt to fetch offsets for partition streams-plaintext-input-0 failed due to: Topic deletion is disabled., retrying.
2026-07-31 07:26:49,163 WARN  OffsetsForLeaderEpochUtils - Attempt to fetch offsets for partition streams-plaintext-input-0 failed due to: Topic deletion is disabled., retrying.
2026-07-31 07:26:49,263 WARN  OffsetsForLeaderEpochUtils - Attempt to fetch offsets for partition streams-plaintext-input-0 failed due to: Topic deletion is disabled., retrying.
2026-07-31 07:26:49,363 WARN  OffsetsForLeaderEpochUtils - Attempt to fetch offsets for partition streams-plaintext-input-0 failed due to: Topic deletion is disabled., retrying.
2026-07-31 07:26:49,463 WARN  OffsetsForLeaderEpochUtils - Attempt to fetch offsets for partition streams-plaintext-input-0 failed due to: Topic deletion is disabled., retrying.
2026-07-31 07:26:49,563 WARN  OffsetsForLeaderEpochUtils - Attempt to fetch offsets for partition streams-plaintext-input-0 failed due to: Topic deletion is disabled., retrying.
2026-07-31 07:26:49,663 WARN  OffsetsForLeaderEpochUtils - Attempt to fetch offsets for partition streams-plaintext-input-0 failed due to: Topic deletion is disabled., retrying.
2026-07-31 07:26:49,763 WARN  OffsetsForLeaderEpochUtils - Attempt to fetch offsets for partition streams-plaintext-input-0 failed due to: Topic deletion is disabled., retrying.
2026-07-31 07:26:49,863 WARN  OffsetsForLeaderEpochUtils - Attempt to fetch offsets for partition streams-plaintext-input-0 failed due to: Topic deletion is disabled., retrying.
2026-07-31 07:26:49,963 WARN  OffsetsForLeaderEpochUtils - Attempt to fetch offsets for partition streams-plaintext-input-0 failed due to: Topic deletion is disabled., retrying.
2026-07-31 07:26:50,063 WARN  OffsetsForLeaderEpochUtils - Attempt to fetch offsets for partition streams-plaintext-input-0 failed due to: Topic deletion is disabled., retrying.
2026-07-31 07:26:50,163 WARN  OffsetsForLeaderEpochUtils - Attempt to fetch offsets for partition streams-plaintext-input-0 failed due to: Topic deletion is disabled., retrying.
2026-07-31 07:26:50,263 WARN  OffsetsForLeaderEpochUtils - Attempt to fetch offsets for partition streams-plaintext-input-0 failed due to: Topic deletion is disabled., retrying.
2026-07-31 07:26:50,363 WARN  OffsetsForLeaderEpochUtils - Attempt to fetch offsets for partition streams-plaintext-input-0 failed due to: Topic deletion is disabled., retrying.
2026-07-31 07:26:50,463 WARN  OffsetsForLeaderEpochUtils - Attempt to fetch offsets for partition streams-plaintext-input-0 failed due to: Topic deletion is disabled., retrying.
2026-07-31 07:26:50,563 WARN  OffsetsForLeaderEpochUtils - Attempt to fetch offsets for partition streams-plaintext-input-0 failed due to: Topic deletion is disabled., retrying.
2026-07-31 07:26:50,663 WARN  OffsetsForLeaderEpochUtils - Attempt to fetch offsets for partition streams-plaintext-input-0 failed due to: Topic deletion is disabled., retrying.
2026-07-31 07:26:50,763 WARN  OffsetsForLeaderEpochUtils - Attempt to fetch offsets for partition streams-plaintext-input-0 failed due to: Topic deletion is disabled., retrying.
2026-07-31 07:26:50,863 WARN  OffsetsForLeaderEpochUtils - Attempt to fetch offsets for partition streams-plaintext-input-0 failed due to: Topic deletion is disabled., retrying.
2026-07-31 07:26:50,963 WARN  OffsetsForLeaderEpochUtils - Attempt to fetch offsets for partition streams-plaintext-input-0 failed due to: Topic deletion is disabled., retrying.
2026-07-31 07:26:51,063 WARN  OffsetsForLeaderEpochUtils - Attempt to fetch offsets for partition streams-plaintext-input-0 failed due to: Topic deletion is disabled., retrying.
2026-07-31 07:26:51,163 WARN  OffsetsForLeaderEpochUtils - Attempt to fetch offsets for partition streams-plaintext-input-0 failed due to: Topic deletion is disabled., retrying.
2026-07-31 07:26:51,263 WARN  OffsetsForLeaderEpochUtils - Attempt to fetch offsets for partition streams-plaintext-input-0 failed due to: Topic deletion is disabled., retrying.
2026-07-31 07:26:51,363 WARN  OffsetsForLeaderEpochUtils - Attempt to fetch offsets for partition streams-plaintext-input-0 failed due to: Topic deletion is disabled., retrying.
2026-07-31 07:26:51,463 WARN  OffsetsForLeaderEpochUtils - Attempt to fetch offsets for partition streams-plaintext-input-0 failed due to: Topic deletion is disabled., retrying.
2026-07-31 07:26:51,563 WARN  OffsetsForLeaderEpochUtils - Attempt to fetch offsets for partition streams-plaintext-input-0 failed due to: Topic deletion is disabled., retrying.
2026-07-31 07:26:51,663 WARN  OffsetsForLeaderEpochUtils - Attempt to fetch offsets for partition streams-plaintext-input-0 failed due to: Topic deletion is disabled., retrying.
2026-07-31 07:26:51,763 WARN  OffsetsForLeaderEpochUtils - Attempt to fetch offsets for partition streams-plaintext-input-0 failed due to: Topic deletion is disabled., retrying.
2026-07-31 07:26:51,863 WARN  OffsetsForLeaderEpochUtils - Attempt to fetch offsets for partition streams-plaintext-input-0 failed due to: Topic deletion is disabled., retrying.
2026-07-31 07:26:51,963 WARN  OffsetsForLeaderEpochUtils - Attempt to fetch offsets for partition streams-plaintext-input-0 failed due to: Topic deletion is disabled., retrying.
2026-07-31 07:26:52,063 WARN  OffsetsForLeaderEpochUtils - Attempt to fetch offsets for partition streams-plaintext-input-0 failed due to: Topic deletion is disabled., retrying.
2026-07-31 07:26:52,163 WARN  OffsetsForLeaderEpochUtils - Attempt to fetch offsets for partition streams-plaintext-input-0 failed due to: Topic deletion is disabled., retrying.
2026-07-31 07:26:52,263 WARN  OffsetsForLeaderEpochUtils - Attempt to fetch offsets for partition streams-plaintext-input-0 failed due to: Topic deletion is disabled., retrying.
2026-07-31 07:26:52,363 WARN  OffsetsForLeaderEpochUtils - Attempt to fetch offsets for partition streams-plaintext-input-0 failed due to: Topic deletion is disabled., retrying.
2026-07-31 07:26:52,463 WARN  OffsetsForLeaderEpochUtils - Attempt to fetch offsets for partition streams-plaintext-input-0 failed due to: Topic deletion is disabled., retrying.
2026-07-31 07:26:52,563 WARN  OffsetsForLeaderEpochUtils - Attempt to fetch offsets for partition streams-plaintext-input-0 failed due to: Topic deletion is disabled., retrying.
2026-07-31 07:26:52,663 WARN  OffsetsForLeaderEpochUtils - Attempt to fetch offsets for partition streams-plaintext-input-0 failed due to: Topic deletion is disabled., retrying.
2026-07-31 07:26:52,763 WARN  OffsetsForLeaderEpochUtils - Attempt to fetch offsets for partition streams-plaintext-input-0 failed due to: Topic deletion is disabled., retrying.
2026-07-31 07:26:52,863 WARN  OffsetsForLeaderEpochUtils - Attempt to fetch offsets for partition streams-plaintext-input-0 failed due to: Topic deletion is disabled., retrying.
2026-07-31 07:26:52,963 WARN  OffsetsForLeaderEpochUtils - Attempt to fetch offsets for partition streams-plaintext-input-0 failed due to: Topic deletion is disabled., retrying.
2026-07-31 07:26:53,063 WARN  OffsetsForLeaderEpochUtils - Attempt to fetch offsets for partition streams-plaintext-input-0 failed due to: Topic deletion is disabled., retrying.
2026-07-31 07:26:53,163 WARN  OffsetsForLeaderEpochUtils - Attempt to fetch offsets for partition streams-plaintext-input-0 failed due to: Topic deletion is disabled., retrying.
2026-07-31 07:26:53,263 WARN  OffsetsForLeaderEpochUtils - Attempt to fetch offsets for partition streams-plaintext-input-0 failed due to: Topic deletion is disabled., retrying.
2026-07-31 07:26:53,363 WARN  OffsetsForLeaderEpochUtils - Attempt to fetch offsets for partition streams-plaintext-input-0 failed due to: Topic deletion is disabled., retrying.
2026-07-31 07:26:53,463 WARN  OffsetsForLeaderEpochUtils - Attempt to fetch offsets for partition streams-plaintext-input-0 failed due to: Topic deletion is disabled., retrying.
2026-07-31 07:26:53,563 WARN  OffsetsForLeaderEpochUtils - Attempt to fetch offsets for partition streams-plaintext-input-0 failed due to: Topic deletion is disabled., retrying.
2026-07-31 07:26:53,663 WARN  OffsetsForLeaderEpochUtils - Attempt to fetch offsets for partition streams-plaintext-input-0 failed due to: Topic deletion is disabled., retrying.
2026-07-31 07:26:53,763 WARN  OffsetsForLeaderEpochUtils - Attempt to fetch offsets for partition streams-plaintext-input-0 failed due to: Topic deletion is disabled., retrying.
2026-07-31 07:26:53,863 WARN  OffsetsForLeaderEpochUtils - Attempt to fetch offsets for partition streams-plaintext-input-0 failed due to: Topic deletion is disabled., retrying.
2026-07-31 07:26:53,963 WARN  OffsetsForLeaderEpochUtils - Attempt to fetch offsets for partition streams-plaintext-input-0 failed due to: Topic deletion is disabled., retrying.
2026-07-31 07:26:54,063 WARN  OffsetsForLeaderEpochUtils - Attempt to fetch offsets for partition streams-plaintext-input-0 failed due to: Topic deletion is disabled., retrying.
2026-07-31 07:26:54,163 WARN  OffsetsForLeaderEpochUtils - Attempt to fetch offsets for partition streams-plaintext-input-0 failed due to: Topic deletion is disabled., retrying.
2026-07-31 07:26:54,263 WARN  OffsetsForLeaderEpochUtils - Attempt to fetch offsets for partition streams-plaintext-input-0 failed due to: Topic deletion is disabled., retrying.
2026-07-31 07:26:54,363 WARN  OffsetsForLeaderEpochUtils - Attempt to fetch offsets for partition streams-plaintext-input-0 failed due to: Topic deletion is disabled., retrying.
2026-07-31 07:26:54,463 WARN  OffsetsForLeaderEpochUtils - Attempt to fetch offsets for partition streams-plaintext-input-0 failed due to: Topic deletion is disabled., retrying.
2026-07-31 07:26:54,563 WARN  OffsetsForLeaderEpochUtils - Attempt to fetch offsets for partition streams-plaintext-input-0 failed due to: Topic deletion is disabled., retrying.
2026-07-31 07:26:54,663 WARN  OffsetsForLeaderEpochUtils - Attempt to fetch offsets for partition streams-plaintext-input-0 failed due to: Topic deletion is disabled., retrying.
2026-07-31 07:26:54,763 WARN  OffsetsForLeaderEpochUtils - Attempt to fetch offsets for partition streams-plaintext-input-0 failed due to: Topic deletion is disabled., retrying.
2026-07-31 07:26:54,863 WARN  OffsetsForLeaderEpochUtils - Attempt to fetch offsets for partition streams-plaintext-input-0 failed due to: Topic deletion is disabled., retrying.
2026-07-31 07:26:54,963 WARN  OffsetsForLeaderEpochUtils - Attempt to fetch offsets for partition streams-plaintext-input-0 failed due to: Topic deletion is disabled., retrying.
2026-07-31 07:26:55,063 WARN  OffsetsForLeaderEpochUtils - Attempt to fetch offsets for partition streams-plaintext-input-0 failed due to: Topic deletion is disabled., retrying.
2026-07-31 07:26:55,163 WARN  OffsetsForLeaderEpochUtils - Attempt to fetch offsets for partition streams-plaintext-input-0 failed due to: Topic deletion is disabled., retrying.
2026-07-31 07:26:55,263 WARN  OffsetsForLeaderEpochUtils - Attempt to fetch offsets for partition streams-plaintext-input-0 failed due to: Topic deletion is disabled., retrying.
2026-07-31 07:26:55,363 WARN  OffsetsForLeaderEpochUtils - Attempt to fetch offsets for partition streams-plaintext-input-0 failed due to: Topic deletion is disabled., retrying.
2026-07-31 07:26:55,463 WARN  OffsetsForLeaderEpochUtils - Attempt to fetch offsets for partition streams-plaintext-input-0 failed due to: Topic deletion is disabled., retrying.
2026-07-31 07:26:55,563 WARN  OffsetsForLeaderEpochUtils - Attempt to fetch offsets for partition streams-plaintext-input-0 failed due to: Topic deletion is disabled., retrying.
2026-07-31 07:26:55,663 WARN  OffsetsForLeaderEpochUtils - Attempt to fetch offsets for partition streams-plaintext-input-0 failed due to: Topic deletion is disabled., retrying.
2026-07-31 07:26:55,763 WARN  OffsetsForLeaderEpochUtils - Attempt to fetch offsets for partition streams-plaintext-input-0 failed due to: Topic deletion is disabled., retrying.
2026-07-31 07:26:55,863 WARN  OffsetsForLeaderEpochUtils - Attempt to fetch offsets for partition streams-plaintext-input-0 failed due to: Topic deletion is disabled., retrying.
2026-07-31 07:26:55,963 WARN  OffsetsForLeaderEpochUtils - Attempt to fetch offsets for partition streams-plaintext-input-0 failed due to: Topic deletion is disabled., retrying.
2026-07-31 07:26:56,063 WARN  OffsetsForLeaderEpochUtils - Attempt to fetch offsets for partition streams-plaintext-input-0 failed due to: Topic deletion is disabled., retrying.
2026-07-31 07:26:56,163 WARN  OffsetsForLeaderEpochUtils - Attempt to fetch offsets for partition streams-plaintext-input-0 failed due to: Topic deletion is disabled., retrying.
2026-07-31 07:26:56,263 WARN  OffsetsForLeaderEpochUtils - Attempt to fetch offsets for partition streams-plaintext-input-0 failed due to: Topic deletion is disabled., retrying.
2026-07-31 07:26:56,363 WARN  OffsetsForLeaderEpochUtils - Attempt to fetch offsets for partition streams-plaintext-input-0 failed due to: Topic deletion is disabled., retrying.
2026-07-31 07:26:56,463 WARN  OffsetsForLeaderEpochUtils - Attempt to fetch offsets for partition streams-plaintext-input-0 failed due to: Topic deletion is disabled., retrying.
2026-07-31 07:26:56,563 WARN  OffsetsForLeaderEpochUtils - Attempt to fetch offsets for partition streams-plaintext-input-0 failed due to: Topic deletion is disabled., retrying.
2026-07-31 07:26:56,663 WARN  OffsetsForLeaderEpochUtils - Attempt to fetch offsets for partition streams-plaintext-input-0 failed due to: Topic deletion is disabled., retrying.
2026-07-31 07:26:56,763 WARN  OffsetsForLeaderEpochUtils - Attempt to fetch offsets for partition streams-plaintext-input-0 failed due to: Topic deletion is disabled., retrying.
2026-07-31 07:26:56,863 WARN  OffsetsForLeaderEpochUtils - Attempt to fetch offsets for partition streams-plaintext-input-0 failed due to: Topic deletion is disabled., retrying.
2026-07-31 07:26:56,963 WARN  OffsetsForLeaderEpochUtils - Attempt to fetch offsets for partition streams-plaintext-input-0 failed due to: Topic deletion is disabled., retrying.
2026-07-31 07:26:57,063 WARN  OffsetsForLeaderEpochUtils - Attempt to fetch offsets for partition streams-plaintext-input-0 failed due to: Topic deletion is disabled., retrying.
2026-07-31 07:26:57,163 WARN  OffsetsForLeaderEpochUtils - Attempt to fetch offsets for partition streams-plaintext-input-0 failed due to: Topic deletion is disabled., retrying.
2026-07-31 07:26:57,263 WARN  OffsetsForLeaderEpochUtils - Attempt to fetch offsets for partition streams-plaintext-input-0 failed due to: Topic deletion is disabled., retrying.
2026-07-31 07:26:57,363 WARN  OffsetsForLeaderEpochUtils - Attempt to fetch offsets for partition streams-plaintext-input-0 failed due to: Topic deletion is disabled., retrying.
2026-07-31 07:26:57,463 WARN  OffsetsForLeaderEpochUtils - Attempt to fetch offsets for partition streams-plaintext-input-0 failed due to: Topic deletion is disabled., retrying.
2026-07-31 07:26:57,563 WARN  OffsetsForLeaderEpochUtils - Attempt to fetch offsets for partition streams-plaintext-input-0 failed due to: Topic deletion is disabled., retrying.
2026-07-31 07:26:57,663 WARN  OffsetsForLeaderEpochUtils - Attempt to fetch offsets for partition streams-plaintext-input-0 failed due to: Topic deletion is disabled., retrying.
2026-07-31 07:26:57,763 WARN  OffsetsForLeaderEpochUtils - Attempt to fetch offsets for partition streams-plaintext-input-0 failed due to: Topic deletion is disabled., retrying.
2026-07-31 07:26:57,864 WARN  OffsetsForLeaderEpochUtils - Attempt to fetch offsets for partition streams-plaintext-input-0 failed due to: Topic deletion is disabled., retrying.
2026-07-31 07:26:57,964 WARN  OffsetsForLeaderEpochUtils - Attempt to fetch offsets for partition streams-plaintext-input-0 failed due to: Topic deletion is disabled., retrying.
2026-07-31 07:26:58,064 WARN  OffsetsForLeaderEpochUtils - Attempt to fetch offsets for partition streams-plaintext-input-0 failed due to: Topic deletion is disabled., retrying.
2026-07-31 07:26:58,164 WARN  OffsetsForLeaderEpochUtils - Attempt to fetch offsets for partition streams-plaintext-input-0 failed due to: Topic deletion is disabled., retrying.
2026-07-31 07:26:58,264 WARN  OffsetsForLeaderEpochUtils - Attempt to fetch offsets for partition streams-plaintext-input-0 failed due to: Topic deletion is disabled., retrying.
2026-07-31 07:26:58,364 WARN  OffsetsForLeaderEpochUtils - Attempt to fetch offsets for partition streams-plaintext-input-0 failed due to: Topic deletion is disabled., retrying.
2026-07-31 07:26:58,464 WARN  OffsetsForLeaderEpochUtils - Attempt to fetch offsets for partition streams-plaintext-input-0 failed due to: Topic deletion is disabled., retrying.
2026-07-31 07:26:58,564 WARN  OffsetsForLeaderEpochUtils - Attempt to fetch offsets for partition streams-plaintext-input-0 failed due to: Topic deletion is disabled., retrying.
2026-07-31 07:26:58,664 WARN  OffsetsForLeaderEpochUtils - Attempt to fetch offsets for partition streams-plaintext-input-0 failed due to: Topic deletion is disabled., retrying.
2026-07-31 07:26:58,764 WARN  OffsetsForLeaderEpochUtils - Attempt to fetch offsets for partition streams-plaintext-input-0 failed due to: Topic deletion is disabled., retrying.
2026-07-31 07:26:58,864 WARN  OffsetsForLeaderEpochUtils - Attempt to fetch offsets for partition streams-plaintext-input-0 failed due to: Topic deletion is disabled., retrying.
2026-07-31 07:26:58,964 WARN  OffsetsForLeaderEpochUtils - Attempt to fetch offsets for partition streams-plaintext-input-0 failed due to: Topic deletion is disabled., retrying.
2026-07-31 07:26:59,064 WARN  OffsetsForLeaderEpochUtils - Attempt to fetch offsets for partition streams-plaintext-input-0 failed due to: Topic deletion is disabled., retrying.
2026-07-31 07:26:59,164 WARN  OffsetsForLeaderEpochUtils - Attempt to fetch offsets for partition streams-plaintext-input-0 failed due to: Topic deletion is disabled., retrying.
2026-07-31 07:26:59,264 WARN  OffsetsForLeaderEpochUtils - Attempt to fetch offsets for partition streams-plaintext-input-0 failed due to: Topic deletion is disabled., retrying.
2026-07-31 07:26:59,364 WARN  OffsetsForLeaderEpochUtils - Attempt to fetch offsets for partition streams-plaintext-input-0 failed due to: Topic deletion is disabled., retrying.
2026-07-31 07:26:59,464 WARN  OffsetsForLeaderEpochUtils - Attempt to fetch offsets for partition streams-plaintext-input-0 failed due to: Topic deletion is disabled., retrying.
2026-07-31 07:26:59,564 WARN  OffsetsForLeaderEpochUtils - Attempt to fetch offsets for partition streams-plaintext-input-0 failed due to: Topic deletion is disabled., retrying.
2026-07-31 07:26:59,664 WARN  OffsetsForLeaderEpochUtils - Attempt to fetch offsets for partition streams-plaintext-input-0 failed due to: Topic deletion is disabled., retrying.
2026-07-31 07:26:59,764 WARN  OffsetsForLeaderEpochUtils - Attempt to fetch offsets for partition streams-plaintext-input-0 failed due to: Topic deletion is disabled., retrying.
2026-07-31 07:26:59,864 WARN  OffsetsForLeaderEpochUtils - Attempt to fetch offsets for partition streams-plaintext-input-0 failed due to: Topic deletion is disabled., retrying.
2026-07-31 07:26:59,964 WARN  OffsetsForLeaderEpochUtils - Attempt to fetch offsets for partition streams-plaintext-input-0 failed due to: Topic deletion is disabled., retrying.
2026-07-31 07:27:00,064 WARN  OffsetsForLeaderEpochUtils - Attempt to fetch offsets for partition streams-plaintext-input-0 failed due to: Topic deletion is disabled., retrying.
2026-07-31 07:27:00,164 WARN  OffsetsForLeaderEpochUtils - Attempt to fetch offsets for partition streams-plaintext-input-0 failed due to: Topic deletion is disabled., retrying.
2026-07-31 07:27:00,264 WARN  OffsetsForLeaderEpochUtils - Attempt to fetch offsets for partition streams-plaintext-input-0 failed due to: Topic deletion is disabled., retrying.
2026-07-31 07:27:00,364 WARN  OffsetsForLeaderEpochUtils - Attempt to fetch offsets for partition streams-plaintext-input-0 failed due to: Topic deletion is disabled., retrying.
2026-07-31 07:27:00,464 WARN  OffsetsForLeaderEpochUtils - Attempt to fetch offsets for partition streams-plaintext-input-0 failed due to: Topic deletion is disabled., retrying.
2026-07-31 07:27:00,564 WARN  OffsetsForLeaderEpochUtils - Attempt to fetch offsets for partition streams-plaintext-input-0 failed due to: Topic deletion is disabled., retrying.
2026-07-31 07:27:00,664 WARN  OffsetsForLeaderEpochUtils - Attempt to fetch offsets for partition streams-plaintext-input-0 failed due to: Topic deletion is disabled., retrying.
2026-07-31 07:27:00,764 WARN  OffsetsForLeaderEpochUtils - Attempt to fetch offsets for partition streams-plaintext-input-0 failed due to: Topic deletion is disabled., retrying.
2026-07-31 07:27:00,864 WARN  OffsetsForLeaderEpochUtils - Attempt to fetch offsets for partition streams-plaintext-input-0 failed due to: Topic deletion is disabled., retrying.
2026-07-31 07:27:00,964 WARN  OffsetsForLeaderEpochUtils - Attempt to fetch offsets for partition streams-plaintext-input-0 failed due to: Topic deletion is disabled., retrying.
2026-07-31 07:27:01,064 WARN  OffsetsForLeaderEpochUtils - Attempt to fetch offsets for partition streams-plaintext-input-0 failed due to: Topic deletion is disabled., retrying.
2026-07-31 07:27:01,164 WARN  OffsetsForLeaderEpochUtils - Attempt to fetch offsets for partition streams-plaintext-input-0 failed due to: Topic deletion is disabled., retrying.
2026-07-31 07:27:01,264 WARN  OffsetsForLeaderEpochUtils - Attempt to fetch offsets for partition streams-plaintext-input-0 failed due to: Topic deletion is disabled., retrying.
2026-07-31 07:27:01,364 WARN  OffsetsForLeaderEpochUtils - Attempt to fetch offsets for partition streams-plaintext-input-0 failed due to: Topic deletion is disabled., retrying.
2026-07-31 07:27:01,464 WARN  OffsetsForLeaderEpochUtils - Attempt to fetch offsets for partition streams-plaintext-input-0 failed due to: Topic deletion is disabled., retrying.
2026-07-31 07:27:01,564 WARN  OffsetsForLeaderEpochUtils - Attempt to fetch offsets for partition streams-plaintext-input-0 failed due to: Topic deletion is disabled., retrying.
2026-07-31 07:27:01,664 WARN  OffsetsForLeaderEpochUtils - Attempt to fetch offsets for partition streams-plaintext-input-0 failed due to: Topic deletion is disabled., retrying.
2026-07-31 07:27:01,764 WARN  OffsetsForLeaderEpochUtils - Attempt to fetch offsets for partition streams-plaintext-input-0 failed due to: Topic deletion is disabled., retrying.
2026-07-31 07:27:01,864 WARN  OffsetsForLeaderEpochUtils - Attempt to fetch offsets for partition streams-plaintext-input-0 failed due to: Topic deletion is disabled., retrying.
2026-07-31 07:27:01,964 WARN  OffsetsForLeaderEpochUtils - Attempt to fetch offsets for partition streams-plaintext-input-0 failed due to: Topic deletion is disabled., retrying.
2026-07-31 07:27:02,064 WARN  OffsetsForLeaderEpochUtils - Attempt to fetch offsets for partition streams-plaintext-input-0 failed due to: Topic deletion is disabled., retrying.
2026-07-31 07:27:02,164 WARN  OffsetsForLeaderEpochUtils - Attempt to fetch offsets for partition streams-plaintext-input-0 failed due to: Topic deletion is disabled., retrying.
2026-07-31 07:27:02,264 WARN  OffsetsForLeaderEpochUtils - Attempt to fetch offsets for partition streams-plaintext-input-0 failed due to: Topic deletion is disabled., retrying.
2026-07-31 07:27:02,364 WARN  OffsetsForLeaderEpochUtils - Attempt to fetch offsets for partition streams-plaintext-input-0 failed due to: Topic deletion is disabled., retrying.
2026-07-31 07:27:02,464 WARN  OffsetsForLeaderEpochUtils - Attempt to fetch offsets for partition streams-plaintext-input-0 failed due to: Topic deletion is disabled., retrying.
2026-07-31 07:27:02,564 WARN  OffsetsForLeaderEpochUtils - Attempt to fetch offsets for partition streams-plaintext-input-0 failed due to: Topic deletion is disabled., retrying.
2026-07-31 07:27:02,664 WARN  OffsetsForLeaderEpochUtils - Attempt to fetch offsets for partition streams-plaintext-input-0 failed due to: Topic deletion is disabled., retrying.
2026-07-31 07:27:02,764 WARN  OffsetsForLeaderEpochUtils - Attempt to fetch offsets for partition streams-plaintext-input-0 failed due to: Topic deletion is disabled., retrying.
2026-07-31 07:27:02,864 WARN  OffsetsForLeaderEpochUtils - Attempt to fetch offsets for partition streams-plaintext-input-0 failed due to: Topic deletion is disabled., retrying.
2026-07-31 07:27:02,964 WARN  OffsetsForLeaderEpochUtils - Attempt to fetch offsets for partition streams-plaintext-input-0 failed due to: Topic deletion is disabled., retrying.
2026-07-31 07:27:03,064 WARN  OffsetsForLeaderEpochUtils - Attempt to fetch offsets for partition streams-plaintext-input-0 failed due to: Topic deletion is disabled., retrying.
2026-07-31 07:27:03,164 WARN  OffsetsForLeaderEpochUtils - Attempt to fetch offsets for partition streams-plaintext-input-0 failed due to: Topic deletion is disabled., retrying.
2026-07-31 07:27:03,264 WARN  OffsetsForLeaderEpochUtils - Attempt to fetch offsets for partition streams-plaintext-input-0 failed due to: Topic deletion is disabled., retrying.
2026-07-31 07:27:03,364 WARN  OffsetsForLeaderEpochUtils - Attempt to fetch offsets for partition streams-plaintext-input-0 failed due to: Topic deletion is disabled., retrying.
2026-07-31 07:27:03,464 WARN  OffsetsForLeaderEpochUtils - Attempt to fetch offsets for partition streams-plaintext-input-0 failed due to: Topic deletion is disabled., retrying.
2026-07-31 07:27:03,564 WARN  OffsetsForLeaderEpochUtils - Attempt to fetch offsets for partition streams-plaintext-input-0 failed due to: Topic deletion is disabled., retrying.
2026-07-31 07:27:03,664 WARN  OffsetsForLeaderEpochUtils - Attempt to fetch offsets for partition streams-plaintext-input-0 failed due to: Topic deletion is disabled., retrying.
2026-07-31 07:27:03,764 WARN  OffsetsForLeaderEpochUtils - Attempt to fetch offsets for partition streams-plaintext-input-0 failed due to: Topic deletion is disabled., retrying.
2026-07-31 07:27:03,864 WARN  OffsetsForLeaderEpochUtils - Attempt to fetch offsets for partition streams-plaintext-input-0 failed due to: Topic deletion is disabled., retrying.
2026-07-31 07:27:03,964 WARN  OffsetsForLeaderEpochUtils - Attempt to fetch offsets for partition streams-plaintext-input-0 failed due to: Topic deletion is disabled., retrying.
2026-07-31 07:27:04,064 WARN  OffsetsForLeaderEpochUtils - Attempt to fetch offsets for partition streams-plaintext-input-0 failed due to: Topic deletion is disabled., retrying.
2026-07-31 07:27:04,164 WARN  OffsetsForLeaderEpochUtils - Attempt to fetch offsets for partition streams-plaintext-input-0 failed due to: Topic deletion is disabled., retrying.
2026-07-31 07:27:04,264 WARN  OffsetsForLeaderEpochUtils - Attempt to fetch offsets for partition streams-plaintext-input-0 failed due to: Topic deletion is disabled., retrying.
2026-07-31 07:27:04,364 WARN  OffsetsForLeaderEpochUtils - Attempt to fetch offsets for partition streams-plaintext-input-0 failed due to: Topic deletion is disabled., retrying.
2026-07-31 07:27:04,464 WARN  OffsetsForLeaderEpochUtils - Attempt to fetch offsets for partition streams-plaintext-input-0 failed due to: Topic deletion is disabled., retrying.
2026-07-31 07:27:04,564 WARN  OffsetsForLeaderEpochUtils - Attempt to fetch offsets for partition streams-plaintext-input-0 failed due to: Topic deletion is disabled., retrying.
2026-07-31 07:27:04,664 WARN  OffsetsForLeaderEpochUtils - Attempt to fetch offsets for partition streams-plaintext-input-0 failed due to: Topic deletion is disabled., retrying.
2026-07-31 07:27:04,764 WARN  OffsetsForLeaderEpochUtils - Attempt to fetch offsets for partition streams-plaintext-input-0 failed due to: Topic deletion is disabled., retrying.
2026-07-31 07:27:04,864 WARN  OffsetsForLeaderEpochUtils - Attempt to fetch offsets for partition streams-plaintext-input-0 failed due to: Topic deletion is disabled., retrying.
2026-07-31 07:27:04,964 WARN  OffsetsForLeaderEpochUtils - Attempt to fetch offsets for partition streams-plaintext-input-0 failed due to: Topic deletion is disabled., retrying.
2026-07-31 07:27:05,064 WARN  OffsetsForLeaderEpochUtils - Attempt to fetch offsets for partition streams-plaintext-input-0 failed due to: Topic deletion is disabled., retrying.
2026-07-31 07:27:05,164 WARN  OffsetsForLeaderEpochUtils - Attempt to fetch offsets for partition streams-plaintext-input-0 failed due to: Topic deletion is disabled., retrying.
2026-07-31 07:27:05,264 WARN  OffsetsForLeaderEpochUtils - Attempt to fetch offsets for partition streams-plaintext-input-0 failed due to: Topic deletion is disabled., retrying.
2026-07-31 07:27:05,364 WARN  OffsetsForLeaderEpochUtils - Attempt to fetch offsets for partition streams-plaintext-input-0 failed due to: Topic deletion is disabled., retrying.
2026-07-31 07:27:05,464 WARN  OffsetsForLeaderEpochUtils - Attempt to fetch offsets for partition streams-plaintext-input-0 failed due to: Topic deletion is disabled., retrying.
2026-07-31 07:27:05,564 WARN  OffsetsForLeaderEpochUtils - Attempt to fetch offsets for partition streams-plaintext-input-0 failed due to: Topic deletion is disabled., retrying.
2026-07-31 07:27:05,664 WARN  OffsetsForLeaderEpochUtils - Attempt to fetch offsets for partition streams-plaintext-input-0 failed due to: Topic deletion is disabled., retrying.
2026-07-31 07:27:05,764 WARN  OffsetsForLeaderEpochUtils - Attempt to fetch offsets for partition streams-plaintext-input-0 failed due to: Topic deletion is disabled., retrying.
2026-07-31 07:27:05,864 WARN  OffsetsForLeaderEpochUtils - Attempt to fetch offsets for partition streams-plaintext-input-0 failed due to: Topic deletion is disabled., retrying.
2026-07-31 07:27:05,964 WARN  OffsetsForLeaderEpochUtils - Attempt to fetch offsets for partition streams-plaintext-input-0 failed due to: Topic deletion is disabled., retrying.
2026-07-31 07:27:06,064 WARN  OffsetsForLeaderEpochUtils - Attempt to fetch offsets for partition streams-plaintext-input-0 failed due to: Topic deletion is disabled., retrying.
2026-07-31 07:27:06,164 WARN  OffsetsForLeaderEpochUtils - Attempt to fetch offsets for partition streams-plaintext-input-0 failed due to: Topic deletion is disabled., retrying.
2026-07-31 07:27:06,264 WARN  OffsetsForLeaderEpochUtils - Attempt to fetch offsets for partition streams-plaintext-input-0 failed due to: Topic deletion is disabled., retrying.
2026-07-31 07:27:06,364 WARN  OffsetsForLeaderEpochUtils - Attempt to fetch offsets for partition streams-plaintext-input-0 failed due to: Topic deletion is disabled., retrying.
2026-07-31 07:27:06,464 WARN  OffsetsForLeaderEpochUtils - Attempt to fetch offsets for partition streams-plaintext-input-0 failed due to: Topic deletion is disabled., retrying.
2026-07-31 07:27:06,564 WARN  OffsetsForLeaderEpochUtils - Attempt to fetch offsets for partition streams-plaintext-input-0 failed due to: Topic deletion is disabled., retrying.
2026-07-31 07:27:06,664 WARN  OffsetsForLeaderEpochUtils - Attempt to fetch offsets for partition streams-plaintext-input-0 failed due to: Topic deletion is disabled., retrying.
2026-07-31 07:27:06,764 WARN  OffsetsForLeaderEpochUtils - Attempt to fetch offsets for partition streams-plaintext-input-0 failed due to: Topic deletion is disabled., retrying.
2026-07-31 07:27:06,864 WARN  OffsetsForLeaderEpochUtils - Attempt to fetch offsets for partition streams-plaintext-input-0 failed due to: Topic deletion is disabled., retrying.
2026-07-31 07:27:06,964 WARN  OffsetsForLeaderEpochUtils - Attempt to fetch offsets for partition streams-plaintext-input-0 failed due to: Topic deletion is disabled., retrying.
2026-07-31 07:27:07,064 WARN  OffsetsForLeaderEpochUtils - Attempt to fetch offsets for partition streams-plaintext-input-0 failed due to: Topic deletion is disabled., retrying.
2026-07-31 07:27:07,164 WARN  OffsetsForLeaderEpochUtils - Attempt to fetch offsets for partition streams-plaintext-input-0 failed due to: Topic deletion is disabled., retrying.
2026-07-31 07:27:07,264 WARN  OffsetsForLeaderEpochUtils - Attempt to fetch offsets for partition streams-plaintext-input-0 failed due to: Topic deletion is disabled., retrying.
2026-07-31 07:27:07,364 WARN  OffsetsForLeaderEpochUtils - Attempt to fetch offsets for partition streams-plaintext-input-0 failed due to: Topic deletion is disabled., retrying.
2026-07-31 07:27:07,464 WARN  OffsetsForLeaderEpochUtils - Attempt to fetch offsets for partition streams-plaintext-input-0 failed due to: Topic deletion is disabled., retrying.
2026-07-31 07:27:07,564 WARN  OffsetsForLeaderEpochUtils - Attempt to fetch offsets for partition streams-plaintext-input-0 failed due to: Topic deletion is disabled., retrying.
2026-07-31 07:27:07,664 WARN  OffsetsForLeaderEpochUtils - Attempt to fetch offsets for partition streams-plaintext-input-0 failed due to: Topic deletion is disabled., retrying.
2026-07-31 07:27:07,764 WARN  OffsetsForLeaderEpochUtils - Attempt to fetch offsets for partition streams-plaintext-input-0 failed due to: Topic deletion is disabled., retrying.
2026-07-31 07:27:07,864 WARN  OffsetsForLeaderEpochUtils - Attempt to fetch offsets for partition streams-plaintext-input-0 failed due to: Topic deletion is disabled., retrying.
2026-07-31 07:27:07,964 WARN  OffsetsForLeaderEpochUtils - Attempt to fetch offsets for partition streams-plaintext-input-0 failed due to: Topic deletion is disabled., retrying.
2026-07-31 07:27:08,064 WARN  OffsetsForLeaderEpochUtils - Attempt to fetch offsets for partition streams-plaintext-input-0 failed due to: Topic deletion is disabled., retrying.
2026-07-31 07:27:08,164 WARN  OffsetsForLeaderEpochUtils - Attempt to fetch offsets for partition streams-plaintext-input-0 failed due to: Topic deletion is disabled., retrying.
2026-07-31 07:27:08,264 WARN  OffsetsForLeaderEpochUtils - Attempt to fetch offsets for partition streams-plaintext-input-0 failed due to: Topic deletion is disabled., retrying.
2026-07-31 07:27:08,364 WARN  OffsetsForLeaderEpochUtils - Attempt to fetch offsets for partition streams-plaintext-input-0 failed due to: Topic deletion is disabled., retrying.
2026-07-31 07:27:08,464 WARN  OffsetsForLeaderEpochUtils - Attempt to fetch offsets for partition streams-plaintext-input-0 failed due to: Topic deletion is disabled., retrying.
2026-07-31 07:27:08,564 WARN  OffsetsForLeaderEpochUtils - Attempt to fetch offsets for partition streams-plaintext-input-0 failed due to: Topic deletion is disabled., retrying.
2026-07-31 07:27:08,664 WARN  OffsetsForLeaderEpochUtils - Attempt to fetch offsets for partition streams-plaintext-input-0 failed due to: Topic deletion is disabled., retrying.
2026-07-31 07:27:08,764 WARN  OffsetsForLeaderEpochUtils - Attempt to fetch offsets for partition streams-plaintext-input-0 failed due to: Topic deletion is disabled., retrying.
2026-07-31 07:27:08,864 WARN  OffsetsForLeaderEpochUtils - Attempt to fetch offsets for partition streams-plaintext-input-0 failed due to: Topic deletion is disabled., retrying.
2026-07-31 07:27:08,964 WARN  OffsetsForLeaderEpochUtils - Attempt to fetch offsets for partition streams-plaintext-input-0 failed due to: Topic deletion is disabled., retrying.
2026-07-31 07:27:09,064 WARN  OffsetsForLeaderEpochUtils - Attempt to fetch offsets for partition streams-plaintext-input-0 failed due to: Topic deletion is disabled., retrying.
2026-07-31 07:27:09,164 WARN  OffsetsForLeaderEpochUtils - Attempt to fetch offsets for partition streams-plaintext-input-0 failed due to: Topic deletion is disabled., retrying.
2026-07-31 07:27:09,264 WARN  OffsetsForLeaderEpochUtils - Attempt to fetch offsets for partition streams-plaintext-input-0 failed due to: Topic deletion is disabled., retrying.
2026-07-31 07:27:09,364 WARN  OffsetsForLeaderEpochUtils - Attempt to fetch offsets for partition streams-plaintext-input-0 failed due to: Topic deletion is disabled., retrying.
2026-07-31 07:27:09,464 WARN  OffsetsForLeaderEpochUtils - Attempt to fetch offsets for partition streams-plaintext-input-0 failed due to: Topic deletion is disabled., retrying.
2026-07-31 07:27:09,564 WARN  OffsetsForLeaderEpochUtils - Attempt to fetch offsets for partition streams-plaintext-input-0 failed due to: Topic deletion is disabled., retrying.
2026-07-31 07:27:09,664 WARN  OffsetsForLeaderEpochUtils - Attempt to fetch offsets for partition streams-plaintext-input-0 failed due to: Topic deletion is disabled., retrying.
2026-07-31 07:27:09,764 WARN  OffsetsForLeaderEpochUtils - Attempt to fetch offsets for partition streams-plaintext-input-0 failed due to: Topic deletion is disabled., retrying.
2026-07-31 07:27:09,864 WARN  OffsetsForLeaderEpochUtils - Attempt to fetch offsets for partition streams-plaintext-input-0 failed due to: Topic deletion is disabled., retrying.
2026-07-31 07:27:09,964 WARN  OffsetsForLeaderEpochUtils - Attempt to fetch offsets for partition streams-plaintext-input-0 failed due to: Topic deletion is disabled., retrying.
2026-07-31 07:27:10,064 WARN  OffsetsForLeaderEpochUtils - Attempt to fetch offsets for partition streams-plaintext-input-0 failed due to: Topic deletion is disabled., retrying.
2026-07-31 07:27:10,164 WARN  OffsetsForLeaderEpochUtils - Attempt to fetch offsets for partition streams-plaintext-input-0 failed due to: Topic deletion is disabled., retrying.
2026-07-31 07:27:10,264 WARN  OffsetsForLeaderEpochUtils - Attempt to fetch offsets for partition streams-plaintext-input-0 failed due to: Topic deletion is disabled., retrying.
2026-07-31 07:27:10,364 WARN  OffsetsForLeaderEpochUtils - Attempt to fetch offsets for partition streams-plaintext-input-0 failed due to: Topic deletion is disabled., retrying.
2026-07-31 07:27:10,464 WARN  OffsetsForLeaderEpochUtils - Attempt to fetch offsets for partition streams-plaintext-input-0 failed due to: Topic deletion is disabled., retrying.
2026-07-31 07:27:10,564 WARN  OffsetsForLeaderEpochUtils - Attempt to fetch offsets for partition streams-plaintext-input-0 failed due to: Topic deletion is disabled., retrying.
2026-07-31 07:27:10,664 WARN  OffsetsForLeaderEpochUtils - Attempt to fetch offsets for partition streams-plaintext-input-0 failed due to: Topic deletion is disabled., retrying.
2026-07-31 07:27:10,764 WARN  OffsetsForLeaderEpochUtils - Attempt to fetch offsets for partition streams-plaintext-input-0 failed due to: Topic deletion is disabled., retrying.
2026-07-31 07:27:10,864 WARN  OffsetsForLeaderEpochUtils - Attempt to fetch offsets for partition streams-plaintext-input-0 failed due to: Topic deletion is disabled., retrying.
2026-07-31 07:27:10,964 WARN  OffsetsForLeaderEpochUtils - Attempt to fetch offsets for partition streams-plaintext-input-0 failed due to: Topic deletion is disabled., retrying.
2026-07-31 07:27:11,064 WARN  OffsetsForLeaderEpochUtils - Attempt to fetch offsets for partition streams-plaintext-input-0 failed due to: Topic deletion is disabled., retrying.
2026-07-31 07:27:11,164 WARN  OffsetsForLeaderEpochUtils - Attempt to fetch offsets for partition streams-plaintext-input-0 failed due to: Topic deletion is disabled., retrying.
2026-07-31 07:27:11,264 WARN  OffsetsForLeaderEpochUtils - Attempt to fetch offsets for partition streams-plaintext-input-0 failed due to: Topic deletion is disabled., retrying.
2026-07-31 07:27:11,364 WARN  OffsetsForLeaderEpochUtils - Attempt to fetch offsets for partition streams-plaintext-input-0 failed due to: Topic deletion is disabled., retrying.
2026-07-31 07:27:11,464 WARN  OffsetsForLeaderEpochUtils - Attempt to fetch offsets for partition streams-plaintext-input-0 failed due to: Topic deletion is disabled., retrying.
2026-07-31 07:27:11,564 WARN  OffsetsForLeaderEpochUtils - Attempt to fetch offsets for partition streams-plaintext-input-0 failed due to: Topic deletion is disabled., retrying.
2026-07-31 07:27:11,664 WARN  OffsetsForLeaderEpochUtils - Attempt to fetch offsets for partition streams-plaintext-input-0 failed due to: Topic deletion is disabled., retrying.
2026-07-31 07:27:11,764 WARN  OffsetsForLeaderEpochUtils - Attempt to fetch offsets for partition streams-plaintext-input-0 failed due to: Topic deletion is disabled., retrying.
2026-07-31 07:27:11,864 WARN  OffsetsForLeaderEpochUtils - Attempt to fetch offsets for partition streams-plaintext-input-0 failed due to: Topic deletion is disabled., retrying.
2026-07-31 07:27:11,964 WARN  OffsetsForLeaderEpochUtils - Attempt to fetch offsets for partition streams-plaintext-input-0 failed due to: Topic deletion is disabled., retrying.
2026-07-31 07:27:12,064 WARN  OffsetsForLeaderEpochUtils - Attempt to fetch offsets for partition streams-plaintext-input-0 failed due to: Topic deletion is disabled., retrying.
2026-07-31 07:27:12,164 WARN  OffsetsForLeaderEpochUtils - Attempt to fetch offsets for partition streams-plaintext-input-0 failed due to: Topic deletion is disabled., retrying.
2026-07-31 07:27:12,264 WARN  OffsetsForLeaderEpochUtils - Attempt to fetch offsets for partition streams-plaintext-input-0 failed due to: Topic deletion is disabled., retrying.
2026-07-31 07:27:12,364 WARN  OffsetsForLeaderEpochUtils - Attempt to fetch offsets for partition streams-plaintext-input-0 failed due to: Topic deletion is disabled., retrying.
2026-07-31 07:27:12,464 WARN  OffsetsForLeaderEpochUtils - Attempt to fetch offsets for partition streams-plaintext-input-0 failed due to: Topic deletion is disabled., retrying.
2026-07-31 07:27:12,564 WARN  OffsetsForLeaderEpochUtils - Attempt to fetch offsets for partition streams-plaintext-input-0 failed due to: Topic deletion is disabled., retrying.
2026-07-31 07:27:12,664 WARN  OffsetsForLeaderEpochUtils - Attempt to fetch offsets for partition streams-plaintext-input-0 failed due to: Topic deletion is disabled., retrying.
2026-07-31 07:27:12,764 WARN  OffsetsForLeaderEpochUtils - Attempt to fetch offsets for partition streams-plaintext-input-0 failed due to: Topic deletion is disabled., retrying.
2026-07-31 07:27:12,864 WARN  OffsetsForLeaderEpochUtils - Attempt to fetch offsets for partition streams-plaintext-input-0 failed due to: Topic deletion is disabled., retrying.
2026-07-31 07:27:12,964 WARN  OffsetsForLeaderEpochUtils - Attempt to fetch offsets for partition streams-plaintext-input-0 failed due to: Topic deletion is disabled., retrying.
2026-07-31 07:27:13,064 WARN  OffsetsForLeaderEpochUtils - Attempt to fetch offsets for partition streams-plaintext-input-0 failed due to: Topic deletion is disabled., retrying.
2026-07-31 07:27:13,164 WARN  OffsetsForLeaderEpochUtils - Attempt to fetch offsets for partition streams-plaintext-input-0 failed due to: Topic deletion is disabled., retrying.
2026-07-31 07:27:13,264 WARN  OffsetsForLeaderEpochUtils - Attempt to fetch offsets for partition streams-plaintext-input-0 failed due to: Topic deletion is disabled., retrying.
2026-07-31 07:27:13,364 WARN  OffsetsForLeaderEpochUtils - Attempt to fetch offsets for partition streams-plaintext-input-0 failed due to: Topic deletion is disabled., retrying.
2026-07-31 07:27:13,464 WARN  OffsetsForLeaderEpochUtils - Attempt to fetch offsets for partition streams-plaintext-input-0 failed due to: Topic deletion is disabled., retrying.
2026-07-31 07:27:13,564 WARN  OffsetsForLeaderEpochUtils - Attempt to fetch offsets for partition streams-plaintext-input-0 failed due to: Topic deletion is disabled., retrying.
2026-07-31 07:27:13,664 WARN  OffsetsForLeaderEpochUtils - Attempt to fetch offsets for partition streams-plaintext-input-0 failed due to: Topic deletion is disabled., retrying.
2026-07-31 07:27:13,764 WARN  OffsetsForLeaderEpochUtils - Attempt to fetch offsets for partition streams-plaintext-input-0 failed due to: Topic deletion is disabled., retrying.
2026-07-31 07:27:13,864 WARN  OffsetsForLeaderEpochUtils - Attempt to fetch offsets for partition streams-plaintext-input-0 failed due to: Topic deletion is disabled., retrying.
2026-07-31 07:27:13,964 WARN  OffsetsForLeaderEpochUtils - Attempt to fetch offsets for partition streams-plaintext-input-0 failed due to: Topic deletion is disabled., retrying.
2026-07-31 07:27:14,064 WARN  OffsetsForLeaderEpochUtils - Attempt to fetch offsets for partition streams-plaintext-input-0 failed due to: Topic deletion is disabled., retrying.
2026-07-31 07:27:14,164 WARN  OffsetsForLeaderEpochUtils - Attempt to fetch offsets for partition streams-plaintext-input-0 failed due to: Topic deletion is disabled., retrying.
2026-07-31 07:27:14,264 WARN  OffsetsForLeaderEpochUtils - Attempt to fetch offsets for partition streams-plaintext-input-0 failed due to: Topic deletion is disabled., retrying.
2026-07-31 07:27:14,364 WARN  OffsetsForLeaderEpochUtils - Attempt to fetch offsets for partition streams-plaintext-input-0 failed due to: Topic deletion is disabled., retrying.
2026-07-31 07:27:14,464 WARN  OffsetsForLeaderEpochUtils - Attempt to fetch offsets for partition streams-plaintext-input-0 failed due to: Topic deletion is disabled., retrying.
2026-07-31 07:27:14,564 WARN  OffsetsForLeaderEpochUtils - Attempt to fetch offsets for partition streams-plaintext-input-0 failed due to: Topic deletion is disabled., retrying.
2026-07-31 07:27:14,664 WARN  OffsetsForLeaderEpochUtils - Attempt to fetch offsets for partition streams-plaintext-input-0 failed due to: Topic deletion is disabled., retrying.
2026-07-31 07:27:14,764 WARN  OffsetsForLeaderEpochUtils - Attempt to fetch offsets for partition streams-plaintext-input-0 failed due to: Topic deletion is disabled., retrying.
2026-07-31 07:27:14,864 WARN  OffsetsForLeaderEpochUtils - Attempt to fetch offsets for partition streams-plaintext-input-0 failed due to: Topic deletion is disabled., retrying.
2026-07-31 07:27:14,964 WARN  OffsetsForLeaderEpochUtils - Attempt to fetch offsets for partition streams-plaintext-input-0 failed due to: Topic deletion is disabled., retrying.
2026-07-31 07:27:15,064 WARN  OffsetsForLeaderEpochUtils - Attempt to fetch offsets for partition streams-plaintext-input-0 failed due to: Topic deletion is disabled., retrying.
2026-07-31 07:27:15,164 WARN  OffsetsForLeaderEpochUtils - Attempt to fetch offsets for partition streams-plaintext-input-0 failed due to: Topic deletion is disabled., retrying.
2026-07-31 07:27:15,264 WARN  OffsetsForLeaderEpochUtils - Attempt to fetch offsets for partition streams-plaintext-input-0 failed due to: Topic deletion is disabled., retrying.
2026-07-31 07:27:15,364 WARN  OffsetsForLeaderEpochUtils - Attempt to fetch offsets for partition streams-plaintext-input-0 failed due to: Topic deletion is disabled., retrying.
2026-07-31 07:27:15,464 WARN  OffsetsForLeaderEpochUtils - Attempt to fetch offsets for partition streams-plaintext-input-0 failed due to: Topic deletion is disabled., retrying.
2026-07-31 07:27:15,564 WARN  OffsetsForLeaderEpochUtils - Attempt to fetch offsets for partition streams-plaintext-input-0 failed due to: Topic deletion is disabled., retrying.
2026-07-31 07:27:15,664 WARN  OffsetsForLeaderEpochUtils - Attempt to fetch offsets for partition streams-plaintext-input-0 failed due to: Topic deletion is disabled., retrying.
2026-07-31 07:27:15,764 WARN  OffsetsForLeaderEpochUtils - Attempt to fetch offsets for partition streams-plaintext-input-0 failed due to: Topic deletion is disabled., retrying.
2026-07-31 07:27:15,864 WARN  OffsetsForLeaderEpochUtils - Attempt to fetch offsets for partition streams-plaintext-input-0 failed due to: Topic deletion is disabled., retrying.
2026-07-31 07:27:15,964 WARN  OffsetsForLeaderEpochUtils - Attempt to fetch offsets for partition streams-plaintext-input-0 failed due to: Topic deletion is disabled., retrying.
2026-07-31 07:27:16,064 WARN  OffsetsForLeaderEpochUtils - Attempt to fetch offsets for partition streams-plaintext-input-0 failed due to: Topic deletion is disabled., retrying.
2026-07-31 07:27:16,164 WARN  OffsetsForLeaderEpochUtils - Attempt to fetch offsets for partition streams-plaintext-input-0 failed due to: Topic deletion is disabled., retrying.
2026-07-31 07:27:16,264 WARN  OffsetsForLeaderEpochUtils - Attempt to fetch offsets for partition streams-plaintext-input-0 failed due to: Topic deletion is disabled., retrying.
2026-07-31 07:27:16,364 WARN  OffsetsForLeaderEpochUtils - Attempt to fetch offsets for partition streams-plaintext-input-0 failed due to: Topic deletion is disabled., retrying.
2026-07-31 07:27:16,464 WARN  OffsetsForLeaderEpochUtils - Attempt to fetch offsets for partition streams-plaintext-input-0 failed due to: Topic deletion is disabled., retrying.
2026-07-31 07:27:16,564 WARN  OffsetsForLeaderEpochUtils - Attempt to fetch offsets for partition streams-plaintext-input-0 failed due to: Topic deletion is disabled., retrying.
2026-07-31 07:27:16,664 WARN  OffsetsForLeaderEpochUtils - Attempt to fetch offsets for partition streams-plaintext-input-0 failed due to: Topic deletion is disabled., retrying.
2026-07-31 07:27:16,764 WARN  OffsetsForLeaderEpochUtils - Attempt to fetch offsets for partition streams-plaintext-input-0 failed due to: Topic deletion is disabled., retrying.
2026-07-31 07:27:16,864 WARN  OffsetsForLeaderEpochUtils - Attempt to fetch offsets for partition streams-plaintext-input-0 failed due to: Topic deletion is disabled., retrying.
2026-07-31 07:27:16,964 WARN  OffsetsForLeaderEpochUtils - Attempt to fetch offsets for partition streams-plaintext-input-0 failed due to: Topic deletion is disabled., retrying.
2026-07-31 07:27:17,064 WARN  OffsetsForLeaderEpochUtils - Attempt to fetch offsets for partition streams-plaintext-input-0 failed due to: Topic deletion is disabled., retrying.
2026-07-31 07:27:17,164 WARN  OffsetsForLeaderEpochUtils - Attempt to fetch offsets for partition streams-plaintext-input-0 failed due to: Topic deletion is disabled., retrying.
2026-07-31 07:27:17,264 WARN  OffsetsForLeaderEpochUtils - Attempt to fetch offsets for partition streams-plaintext-input-0 failed due to: Topic deletion is disabled., retrying.
2026-07-31 07:27:17,364 WARN  OffsetsForLeaderEpochUtils - Attempt to fetch offsets for partition streams-plaintext-input-0 failed due to: Topic deletion is disabled., retrying.
2026-07-31 07:27:17,464 WARN  OffsetsForLeaderEpochUtils - Attempt to fetch offsets for partition streams-plaintext-input-0 failed due to: Topic deletion is disabled., retrying.
2026-07-31 07:27:17,564 WARN  OffsetsForLeaderEpochUtils - Attempt to fetch offsets for partition streams-plaintext-input-0 failed due to: Topic deletion is disabled., retrying.
2026-07-31 07:27:17,664 WARN  OffsetsForLeaderEpochUtils - Attempt to fetch offsets for partition streams-plaintext-input-0 failed due to: Topic deletion is disabled., retrying.
2026-07-31 07:27:17,764 WARN  OffsetsForLeaderEpochUtils - Attempt to fetch offsets for partition streams-plaintext-input-0 failed due to: Topic deletion is disabled., retrying.
2026-07-31 07:27:17,864 WARN  OffsetsForLeaderEpochUtils - Attempt to fetch offsets for partition streams-plaintext-input-0 failed due to: Topic deletion is disabled., retrying.
2026-07-31 07:27:17,964 WARN  OffsetsForLeaderEpochUtils - Attempt to fetch offsets for partition streams-plaintext-input-0 failed due to: Topic deletion is disabled., retrying.
2026-07-31 07:27:18,064 WARN  OffsetsForLeaderEpochUtils - Attempt to fetch offsets for partition streams-plaintext-input-0 failed due to: Topic deletion is disabled., retrying.
2026-07-31 07:27:18,164 WARN  OffsetsForLeaderEpochUtils - Attempt to fetch offsets for partition streams-plaintext-input-0 failed due to: Topic deletion is disabled., retrying.
2026-07-31 07:27:18,264 WARN  OffsetsForLeaderEpochUtils - Attempt to fetch offsets for partition streams-plaintext-input-0 failed due to: Topic deletion is disabled., retrying.
2026-07-31 07:27:18,364 WARN  OffsetsForLeaderEpochUtils - Attempt to fetch offsets for partition streams-plaintext-input-0 failed due to: Topic deletion is disabled., retrying.
2026-07-31 07:27:18,464 WARN  OffsetsForLeaderEpochUtils - Attempt to fetch offsets for partition streams-plaintext-input-0 failed due to: Topic deletion is disabled., retrying.
2026-07-31 07:27:18,564 WARN  OffsetsForLeaderEpochUtils - Attempt to fetch offsets for partition streams-plaintext-input-0 failed due to: Topic deletion is disabled., retrying.
2026-07-31 07:27:18,664 WARN  OffsetsForLeaderEpochUtils - Attempt to fetch offsets for partition streams-plaintext-input-0 failed due to: Topic deletion is disabled., retrying.
2026-07-31 07:27:18,764 WARN  OffsetsForLeaderEpochUtils - Attempt to fetch offsets for partition streams-plaintext-input-0 failed due to: Topic deletion is disabled., retrying.
2026-07-31 07:27:18,864 WARN  OffsetsForLeaderEpochUtils - Attempt to fetch offsets for partition streams-plaintext-input-0 failed due to: Topic deletion is disabled., retrying.
2026-07-31 07:27:18,964 WARN  OffsetsForLeaderEpochUtils - Attempt to fetch offsets for partition streams-plaintext-input-0 failed due to: Topic deletion is disabled., retrying.
2026-07-31 07:27:19,064 WARN  OffsetsForLeaderEpochUtils - Attempt to fetch offsets for partition streams-plaintext-input-0 failed due to: Topic deletion is disabled., retrying.
2026-07-31 07:27:19,164 WARN  OffsetsForLeaderEpochUtils - Attempt to fetch offsets for partition streams-plaintext-input-0 failed due to: Topic deletion is disabled., retrying.
2026-07-31 07:27:19,264 WARN  OffsetsForLeaderEpochUtils - Attempt to fetch offsets for partition streams-plaintext-input-0 failed due to: Topic deletion is disabled., retrying.
2026-07-31 07:27:19,364 WARN  OffsetsForLeaderEpochUtils - Attempt to fetch offsets for partition streams-plaintext-input-0 failed due to: Topic deletion is disabled., retrying.
2026-07-31 07:27:19,464 WARN  OffsetsForLeaderEpochUtils - Attempt to fetch offsets for partition streams-plaintext-input-0 failed due to: Topic deletion is disabled., retrying.
2026-07-31 07:27:19,564 WARN  OffsetsForLeaderEpochUtils - Attempt to fetch offsets for partition streams-plaintext-input-0 failed due to: Topic deletion is disabled., retrying.
2026-07-31 07:27:19,664 WARN  OffsetsForLeaderEpochUtils - Attempt to fetch offsets for partition streams-plaintext-input-0 failed due to: Topic deletion is disabled., retrying.
2026-07-31 07:27:19,764 WARN  OffsetsForLeaderEpochUtils - Attempt to fetch offsets for partition streams-plaintext-input-0 failed due to: Topic deletion is disabled., retrying.
2026-07-31 07:27:19,864 WARN  OffsetsForLeaderEpochUtils - Attempt to fetch offsets for partition streams-plaintext-input-0 failed due to: Topic deletion is disabled., retrying.
2026-07-31 07:27:19,964 WARN  OffsetsForLeaderEpochUtils - Attempt to fetch offsets for partition streams-plaintext-input-0 failed due to: Topic deletion is disabled., retrying.
2026-07-31 07:27:20,064 WARN  OffsetsForLeaderEpochUtils - Attempt to fetch offsets for partition streams-plaintext-input-0 failed due to: Topic deletion is disabled., retrying.
2026-07-31 07:27:20,164 WARN  OffsetsForLeaderEpochUtils - Attempt to fetch offsets for partition streams-plaintext-input-0 failed due to: Topic deletion is disabled., retrying.
2026-07-31 07:27:20,264 WARN  OffsetsForLeaderEpochUtils - Attempt to fetch offsets for partition streams-plaintext-input-0 failed due to: Topic deletion is disabled., retrying.
2026-07-31 07:27:20,364 WARN  OffsetsForLeaderEpochUtils - Attempt to fetch offsets for partition streams-plaintext-input-0 failed due to: Topic deletion is disabled., retrying.
2026-07-31 07:27:20,464 WARN  OffsetsForLeaderEpochUtils - Attempt to fetch offsets for partition streams-plaintext-input-0 failed due to: Topic deletion is disabled., retrying.
2026-07-31 07:27:20,564 WARN  OffsetsForLeaderEpochUtils - Attempt to fetch offsets for partition streams-plaintext-input-0 failed due to: Topic deletion is disabled., retrying.
2026-07-31 07:27:20,664 WARN  OffsetsForLeaderEpochUtils - Attempt to fetch offsets for partition streams-plaintext-input-0 failed due to: Topic deletion is disabled., retrying.
2026-07-31 07:27:20,764 WARN  OffsetsForLeaderEpochUtils - Attempt to fetch offsets for partition streams-plaintext-input-0 failed due to: Topic deletion is disabled., retrying.
2026-07-31 07:27:20,864 WARN  OffsetsForLeaderEpochUtils - Attempt to fetch offsets for partition streams-plaintext-input-0 failed due to: Topic deletion is disabled., retrying.
2026-07-31 07:27:20,964 WARN  OffsetsForLeaderEpochUtils - Attempt to fetch offsets for partition streams-plaintext-input-0 failed due to: Topic deletion is disabled., retrying.
2026-07-31 07:27:21,064 WARN  OffsetsForLeaderEpochUtils - Attempt to fetch offsets for partition streams-plaintext-input-0 failed due to: Topic deletion is disabled., retrying.
2026-07-31 07:27:21,164 WARN  OffsetsForLeaderEpochUtils - Attempt to fetch offsets for partition streams-plaintext-input-0 failed due to: Topic deletion is disabled., retrying.
2026-07-31 07:27:21,264 WARN  OffsetsForLeaderEpochUtils - Attempt to fetch offsets for partition streams-plaintext-input-0 failed due to: Topic deletion is disabled., retrying.
2026-07-31 07:27:21,364 WARN  OffsetsForLeaderEpochUtils - Attempt to fetch offsets for partition streams-plaintext-input-0 failed due to: Topic deletion is disabled., retrying.
2026-07-31 07:27:21,464 WARN  OffsetsForLeaderEpochUtils - Attempt to fetch offsets for partition streams-plaintext-input-0 failed due to: Topic deletion is disabled., retrying.
2026-07-31 07:27:21,564 WARN  OffsetsForLeaderEpochUtils - Attempt to fetch offsets for partition streams-plaintext-input-0 failed due to: Topic deletion is disabled., retrying.
2026-07-31 07:27:21,664 WARN  OffsetsForLeaderEpochUtils - Attempt to fetch offsets for partition streams-plaintext-input-0 failed due to: Topic deletion is disabled., retrying.
2026-07-31 07:27:21,764 WARN  OffsetsForLeaderEpochUtils - Attempt to fetch offsets for partition streams-plaintext-input-0 failed due to: Topic deletion is disabled., retrying.
2026-07-31 07:27:21,864 WARN  OffsetsForLeaderEpochUtils - Attempt to fetch offsets for partition streams-plaintext-input-0 failed due to: Topic deletion is disabled., retrying.
2026-07-31 07:27:21,964 WARN  OffsetsForLeaderEpochUtils - Attempt to fetch offsets for partition streams-plaintext-input-0 failed due to: Topic deletion is disabled., retrying.
2026-07-31 07:27:22,064 WARN  OffsetsForLeaderEpochUtils - Attempt to fetch offsets for partition streams-plaintext-input-0 failed due to: Topic deletion is disabled., retrying.
2026-07-31 07:27:22,164 WARN  OffsetsForLeaderEpochUtils - Attempt to fetch offsets for partition streams-plaintext-input-0 failed due to: Topic deletion is disabled., retrying.
2026-07-31 07:27:22,264 WARN  OffsetsForLeaderEpochUtils - Attempt to fetch offsets for partition streams-plaintext-input-0 failed due to: Topic deletion is disabled., retrying.
2026-07-31 07:27:22,364 WARN  OffsetsForLeaderEpochUtils - Attempt to fetch offsets for partition streams-plaintext-input-0 failed due to: Topic deletion is disabled., retrying.
2026-07-31 07:27:22,464 WARN  OffsetsForLeaderEpochUtils - Attempt to fetch offsets for partition streams-plaintext-input-0 failed due to: Topic deletion is disabled., retrying.
2026-07-31 07:27:22,564 WARN  OffsetsForLeaderEpochUtils - Attempt to fetch offsets for partition streams-plaintext-input-0 failed due to: Topic deletion is disabled., retrying.
2026-07-31 07:27:22,664 WARN  OffsetsForLeaderEpochUtils - Attempt to fetch offsets for partition streams-plaintext-input-0 failed due to: Topic deletion is disabled., retrying.
2026-07-31 07:27:22,764 WARN  OffsetsForLeaderEpochUtils - Attempt to fetch offsets for partition streams-plaintext-input-0 failed due to: Topic deletion is disabled., retrying.
2026-07-31 07:27:22,864 WARN  OffsetsForLeaderEpochUtils - Attempt to fetch offsets for partition streams-plaintext-input-0 failed due to: Topic deletion is disabled., retrying.
2026-07-31 07:27:22,964 WARN  OffsetsForLeaderEpochUtils - Attempt to fetch offsets for partition streams-plaintext-input-0 failed due to: Topic deletion is disabled., retrying.
2026-07-31 07:27:23,064 WARN  OffsetsForLeaderEpochUtils - Attempt to fetch offsets for partition streams-plaintext-input-0 failed due to: Topic deletion is disabled., retrying.
2026-07-31 07:27:23,164 WARN  OffsetsForLeaderEpochUtils - Attempt to fetch offsets for partition streams-plaintext-input-0 failed due to: Topic deletion is disabled., retrying.
2026-07-31 07:27:23,264 WARN  OffsetsForLeaderEpochUtils - Attempt to fetch offsets for partition streams-plaintext-input-0 failed due to: Topic deletion is disabled., retrying.
2026-07-31 07:27:23,364 WARN  OffsetsForLeaderEpochUtils - Attempt to fetch offsets for partition streams-plaintext-input-0 failed due to: Topic deletion is disabled., retrying.
2026-07-31 07:27:23,464 WARN  OffsetsForLeaderEpochUtils - Attempt to fetch offsets for partition streams-plaintext-input-0 failed due to: Topic deletion is disabled., retrying.
2026-07-31 07:27:23,564 WARN  OffsetsForLeaderEpochUtils - Attempt to fetch offsets for partition streams-plaintext-input-0 failed due to: Topic deletion is disabled., retrying.
2026-07-31 07:27:23,664 WARN  OffsetsForLeaderEpochUtils - Attempt to fetch offsets for partition streams-plaintext-input-0 failed due to: Topic deletion is disabled., retrying.
2026-07-31 07:27:23,764 WARN  OffsetsForLeaderEpochUtils - Attempt to fetch offsets for partition streams-plaintext-input-0 failed due to: Topic deletion is disabled., retrying.
2026-07-31 07:27:23,864 WARN  OffsetsForLeaderEpochUtils - Attempt to fetch offsets for partition streams-plaintext-input-0 failed due to: Topic deletion is disabled., retrying.
2026-07-31 07:27:23,964 WARN  OffsetsForLeaderEpochUtils - Attempt to fetch offsets for partition streams-plaintext-input-0 failed due to: Topic deletion is disabled., retrying.
2026-07-31 07:27:24,064 WARN  OffsetsForLeaderEpochUtils - Attempt to fetch offsets for partition streams-plaintext-input-0 failed due to: Topic deletion is disabled., retrying.
2026-07-31 07:27:24,164 WARN  OffsetsForLeaderEpochUtils - Attempt to fetch offsets for partition streams-plaintext-input-0 failed due to: Topic deletion is disabled., retrying.
2026-07-31 07:27:24,264 WARN  OffsetsForLeaderEpochUtils - Attempt to fetch offsets for partition streams-plaintext-input-0 failed due to: Topic deletion is disabled., retrying.
2026-07-31 07:27:24,364 WARN  OffsetsForLeaderEpochUtils - Attempt to fetch offsets for partition streams-plaintext-input-0 failed due to: Topic deletion is disabled., retrying.
2026-07-31 07:27:24,464 WARN  OffsetsForLeaderEpochUtils - Attempt to fetch offsets for partition streams-plaintext-input-0 failed due to: Topic deletion is disabled., retrying.
2026-07-31 07:27:24,564 WARN  OffsetsForLeaderEpochUtils - Attempt to fetch offsets for partition streams-plaintext-input-0 failed due to: Topic deletion is disabled., retrying.
2026-07-31 07:27:24,664 WARN  OffsetsForLeaderEpochUtils - Attempt to fetch offsets for partition streams-plaintext-input-0 failed due to: Topic deletion is disabled., retrying.
2026-07-31 07:27:24,764 WARN  OffsetsForLeaderEpochUtils - Attempt to fetch offsets for partition streams-plaintext-input-0 failed due to: Topic deletion is disabled., retrying.
2026-07-31 07:27:24,864 WARN  OffsetsForLeaderEpochUtils - Attempt to fetch offsets for partition streams-plaintext-input-0 failed due to: Topic deletion is disabled., retrying.
2026-07-31 07:27:24,964 WARN  OffsetsForLeaderEpochUtils - Attempt to fetch offsets for partition streams-plaintext-input-0 failed due to: Topic deletion is disabled., retrying.
2026-07-31 07:27:25,064 WARN  OffsetsForLeaderEpochUtils - Attempt to fetch offsets for partition streams-plaintext-input-0 failed due to: Topic deletion is disabled., retrying.
2026-07-31 07:27:25,164 WARN  OffsetsForLeaderEpochUtils - Attempt to fetch offsets for partition streams-plaintext-input-0 failed due to: Topic deletion is disabled., retrying.
2026-07-31 07:27:25,264 WARN  OffsetsForLeaderEpochUtils - Attempt to fetch offsets for partition streams-plaintext-input-0 failed due to: Topic deletion is disabled., retrying.
2026-07-31 07:27:25,364 WARN  OffsetsForLeaderEpochUtils - Attempt to fetch offsets for partition streams-plaintext-input-0 failed due to: Topic deletion is disabled., retrying.
2026-07-31 07:27:25,464 WARN  OffsetsForLeaderEpochUtils - Attempt to fetch offsets for partition streams-plaintext-input-0 failed due to: Topic deletion is disabled., retrying.
2026-07-31 07:27:25,564 WARN  OffsetsForLeaderEpochUtils - Attempt to fetch offsets for partition streams-plaintext-input-0 failed due to: Topic deletion is disabled., retrying.
2026-07-31 07:27:25,664 WARN  OffsetsForLeaderEpochUtils - Attempt to fetch offsets for partition streams-plaintext-input-0 failed due to: Topic deletion is disabled., retrying.
2026-07-31 07:27:25,764 WARN  OffsetsForLeaderEpochUtils - Attempt to fetch offsets for partition streams-plaintext-input-0 failed due to: Topic deletion is disabled., retrying.
2026-07-31 07:27:25,864 WARN  OffsetsForLeaderEpochUtils - Attempt to fetch offsets for partition streams-plaintext-input-0 failed due to: Topic deletion is disabled., retrying.
2026-07-31 07:27:25,964 WARN  OffsetsForLeaderEpochUtils - Attempt to fetch offsets for partition streams-plaintext-input-0 failed due to: Topic deletion is disabled., retrying.
2026-07-31 07:27:26,064 WARN  OffsetsForLeaderEpochUtils - Attempt to fetch offsets for partition streams-plaintext-input-0 failed due to: Topic deletion is disabled., retrying.
2026-07-31 07:27:26,164 WARN  OffsetsForLeaderEpochUtils - Attempt to fetch offsets for partition streams-plaintext-input-0 failed due to: Topic deletion is disabled., retrying.
2026-07-31 07:27:26,264 WARN  OffsetsForLeaderEpochUtils - Attempt to fetch offsets for partition streams-plaintext-input-0 failed due to: Topic deletion is disabled., retrying.
2026-07-31 07:27:26,364 WARN  OffsetsForLeaderEpochUtils - Attempt to fetch offsets for partition streams-plaintext-input-0 failed due to: Topic deletion is disabled., retrying.
2026-07-31 07:27:26,464 WARN  OffsetsForLeaderEpochUtils - Attempt to fetch offsets for partition streams-plaintext-input-0 failed due to: Topic deletion is disabled., retrying.
2026-07-31 07:27:26,564 WARN  OffsetsForLeaderEpochUtils - Attempt to fetch offsets for partition streams-plaintext-input-0 failed due to: Topic deletion is disabled., retrying.
2026-07-31 07:27:26,664 WARN  OffsetsForLeaderEpochUtils - Attempt to fetch offsets for partition streams-plaintext-input-0 failed due to: Topic deletion is disabled., retrying.
2026-07-31 07:27:26,764 WARN  OffsetsForLeaderEpochUtils - Attempt to fetch offsets for partition streams-plaintext-input-0 failed due to: Topic deletion is disabled., retrying.
2026-07-31 07:27:26,864 WARN  OffsetsForLeaderEpochUtils - Attempt to fetch offsets for partition streams-plaintext-input-0 failed due to: Topic deletion is disabled., retrying.
2026-07-31 07:27:26,964 WARN  OffsetsForLeaderEpochUtils - Attempt to fetch offsets for partition streams-plaintext-input-0 failed due to: Topic deletion is disabled., retrying.
2026-07-31 07:27:27,064 WARN  OffsetsForLeaderEpochUtils - Attempt to fetch offsets for partition streams-plaintext-input-0 failed due to: Topic deletion is disabled., retrying.
2026-07-31 07:27:27,164 WARN  OffsetsForLeaderEpochUtils - Attempt to fetch offsets for partition streams-plaintext-input-0 failed due to: Topic deletion is disabled., retrying.
2026-07-31 07:27:27,264 WARN  OffsetsForLeaderEpochUtils - Attempt to fetch offsets for partition streams-plaintext-input-0 failed due to: Topic deletion is disabled., retrying.
2026-07-31 07:27:27,364 WARN  OffsetsForLeaderEpochUtils - Attempt to fetch offsets for partition streams-plaintext-input-0 failed due to: Topic deletion is disabled., retrying.
2026-07-31 07:27:27,464 WARN  OffsetsForLeaderEpochUtils - Attempt to fetch offsets for partition streams-plaintext-input-0 failed due to: Topic deletion is disabled., retrying.
2026-07-31 07:27:27,564 WARN  OffsetsForLeaderEpochUtils - Attempt to fetch offsets for partition streams-plaintext-input-0 failed due to: Topic deletion is disabled., retrying.
2026-07-31 07:27:27,664 WARN  OffsetsForLeaderEpochUtils - Attempt to fetch offsets for partition streams-plaintext-input-0 failed due to: Topic deletion is disabled., retrying.
2026-07-31 07:27:27,764 WARN  OffsetsForLeaderEpochUtils - Attempt to fetch offsets for partition streams-plaintext-input-0 failed due to: Topic deletion is disabled., retrying.
2026-07-31 07:27:27,864 WARN  OffsetsForLeaderEpochUtils - Attempt to fetch offsets for partition streams-plaintext-input-0 failed due to: Topic deletion is disabled., retrying.
2026-07-31 07:27:27,964 WARN  OffsetsForLeaderEpochUtils - Attempt to fetch offsets for partition streams-plaintext-input-0 failed due to: Topic deletion is disabled., retrying.
2026-07-31 07:27:28,064 WARN  OffsetsForLeaderEpochUtils - Attempt to fetch offsets for partition streams-plaintext-input-0 failed due to: Topic deletion is disabled., retrying.
2026-07-31 07:27:28,164 WARN  OffsetsForLeaderEpochUtils - Attempt to fetch offsets for partition streams-plaintext-input-0 failed due to: Topic deletion is disabled., retrying.
2026-07-31 07:27:28,264 WARN  OffsetsForLeaderEpochUtils - Attempt to fetch offsets for partition streams-plaintext-input-0 failed due to: Topic deletion is disabled., retrying.
2026-07-31 07:27:28,364 WARN  OffsetsForLeaderEpochUtils - Attempt to fetch offsets for partition streams-plaintext-input-0 failed due to: Topic deletion is disabled., retrying.
2026-07-31 07:27:28,464 WARN  OffsetsForLeaderEpochUtils - Attempt to fetch offsets for partition streams-plaintext-input-0 failed due to: Topic deletion is disabled., retrying.
2026-07-31 07:27:28,564 WARN  OffsetsForLeaderEpochUtils - Attempt to fetch offsets for partition streams-plaintext-input-0 failed due to: Topic deletion is disabled., retrying.
2026-07-31 07:27:28,664 WARN  OffsetsForLeaderEpochUtils - Attempt to fetch offsets for partition streams-plaintext-input-0 failed due to: Topic deletion is disabled., retrying.
2026-07-31 07:27:28,764 WARN  OffsetsForLeaderEpochUtils - Attempt to fetch offsets for partition streams-plaintext-input-0 failed due to: Topic deletion is disabled., retrying.
2026-07-31 07:27:28,864 WARN  OffsetsForLeaderEpochUtils - Attempt to fetch offsets for partition streams-plaintext-input-0 failed due to: Topic deletion is disabled., retrying.
2026-07-31 07:27:28,964 WARN  OffsetsForLeaderEpochUtils - Attempt to fetch offsets for partition streams-plaintext-input-0 failed due to: Topic deletion is disabled., retrying.
2026-07-31 07:27:29,064 WARN  OffsetsForLeaderEpochUtils - Attempt to fetch offsets for partition streams-plaintext-input-0 failed due to: Topic deletion is disabled., retrying.
2026-07-31 07:27:29,164 WARN  OffsetsForLeaderEpochUtils - Attempt to fetch offsets for partition streams-plaintext-input-0 failed due to: Topic deletion is disabled., retrying.
2026-07-31 07:27:29,264 WARN  OffsetsForLeaderEpochUtils - Attempt to fetch offsets for partition streams-plaintext-input-0 failed due to: Topic deletion is disabled., retrying.
2026-07-31 07:27:29,364 WARN  OffsetsForLeaderEpochUtils - Attempt to fetch offsets for partition streams-plaintext-input-0 failed due to: Topic deletion is disabled., retrying.
2026-07-31 07:27:29,464 WARN  OffsetsForLeaderEpochUtils - Attempt to fetch offsets for partition streams-plaintext-input-0 failed due to: Topic deletion is disabled., retrying.
2026-07-31 07:27:29,564 WARN  OffsetsForLeaderEpochUtils - Attempt to fetch offsets for partition streams-plaintext-input-0 failed due to: Topic deletion is disabled., retrying.
2026-07-31 07:27:29,664 WARN  OffsetsForLeaderEpochUtils - Attempt to fetch offsets for partition streams-plaintext-input-0 failed due to: Topic deletion is disabled., retrying.
2026-07-31 07:27:29,764 WARN  OffsetsForLeaderEpochUtils - Attempt to fetch offsets for partition streams-plaintext-input-0 failed due to: Topic deletion is disabled., retrying.
2026-07-31 07:27:29,864 WARN  OffsetsForLeaderEpochUtils - Attempt to fetch offsets for partition streams-plaintext-input-0 failed due to: Topic deletion is disabled., retrying.
2026-07-31 07:27:29,964 WARN  OffsetsForLeaderEpochUtils - Attempt to fetch offsets for partition streams-plaintext-input-0 failed due to: Topic deletion is disabled., retrying.
2026-07-31 07:27:30,064 WARN  OffsetsForLeaderEpochUtils - Attempt to fetch offsets for partition streams-plaintext-input-0 failed due to: Topic deletion is disabled., retrying.
2026-07-31 07:27:30,164 WARN  OffsetsForLeaderEpochUtils - Attempt to fetch offsets for partition streams-plaintext-input-0 failed due to: Topic deletion is disabled., retrying.
2026-07-31 07:27:30,264 WARN  OffsetsForLeaderEpochUtils - Attempt to fetch offsets for partition streams-plaintext-input-0 failed due to: Topic deletion is disabled., retrying.
2026-07-31 07:27:30,364 WARN  OffsetsForLeaderEpochUtils - Attempt to fetch offsets for partition streams-plaintext-input-0 failed due to: Topic deletion is disabled., retrying.
2026-07-31 07:27:30,464 WARN  OffsetsForLeaderEpochUtils - Attempt to fetch offsets for partition streams-plaintext-input-0 failed due to: Topic deletion is disabled., retrying.
2026-07-31 07:27:30,564 WARN  OffsetsForLeaderEpochUtils - Attempt to fetch offsets for partition streams-plaintext-input-0 failed due to: Topic deletion is disabled., retrying.
2026-07-31 07:27:30,664 WARN  OffsetsForLeaderEpochUtils - Attempt to fetch offsets for partition streams-plaintext-input-0 failed due to: Topic deletion is disabled., retrying.
2026-07-31 07:27:30,764 WARN  OffsetsForLeaderEpochUtils - Attempt to fetch offsets for partition streams-plaintext-input-0 failed due to: Topic deletion is disabled., retrying.
2026-07-31 07:27:30,864 WARN  OffsetsForLeaderEpochUtils - Attempt to fetch offsets for partition streams-plaintext-input-0 failed due to: Topic deletion is disabled., retrying.
2026-07-31 07:27:30,964 WARN  OffsetsForLeaderEpochUtils - Attempt to fetch offsets for partition streams-plaintext-input-0 failed due to: Topic deletion is disabled., retrying.
2026-07-31 07:27:31,064 WARN  OffsetsForLeaderEpochUtils - Attempt to fetch offsets for partition streams-plaintext-input-0 failed due to: Topic deletion is disabled., retrying.
2026-07-31 07:27:31,164 WARN  OffsetsForLeaderEpochUtils - Attempt to fetch offsets for partition streams-plaintext-input-0 failed due to: Topic deletion is disabled., retrying.
2026-07-31 07:27:31,264 WARN  OffsetsForLeaderEpochUtils - Attempt to fetch offsets for partition streams-plaintext-input-0 failed due to: Topic deletion is disabled., retrying.
2026-07-31 07:27:31,364 WARN  OffsetsForLeaderEpochUtils - Attempt to fetch offsets for partition streams-plaintext-input-0 failed due to: Topic deletion is disabled., retrying.
2026-07-31 07:27:31,464 WARN  OffsetsForLeaderEpochUtils - Attempt to fetch offsets for partition streams-plaintext-input-0 failed due to: Topic deletion is disabled., retrying.
2026-07-31 07:27:31,564 WARN  OffsetsForLeaderEpochUtils - Attempt to fetch offsets for partition streams-plaintext-input-0 failed due to: Topic deletion is disabled., retrying.
2026-07-31 07:27:31,664 WARN  OffsetsForLeaderEpochUtils - Attempt to fetch offsets for partition streams-plaintext-input-0 failed due to: Topic deletion is disabled., retrying.
2026-07-31 07:27:31,764 WARN  OffsetsForLeaderEpochUtils - Attempt to fetch offsets for partition streams-plaintext-input-0 failed due to: Topic deletion is disabled., retrying.
2026-07-31 07:27:31,864 WARN  OffsetsForLeaderEpochUtils - Attempt to fetch offsets for partition streams-plaintext-input-0 failed due to: Topic deletion is disabled., retrying.
2026-07-31 07:27:31,964 WARN  OffsetsForLeaderEpochUtils - Attempt to fetch offsets for partition streams-plaintext-input-0 failed due to: Topic deletion is disabled., retrying.
2026-07-31 07:27:32,064 WARN  OffsetsForLeaderEpochUtils - Attempt to fetch offsets for partition streams-plaintext-input-0 failed due to: Topic deletion is disabled., retrying.
2026-07-31 07:27:32,164 WARN  OffsetsForLeaderEpochUtils - Attempt to fetch offsets for partition streams-plaintext-input-0 failed due to: Topic deletion is disabled., retrying.
2026-07-31 07:27:32,264 WARN  OffsetsForLeaderEpochUtils - Attempt to fetch offsets for partition streams-plaintext-input-0 failed due to: Topic deletion is disabled., retrying.
2026-07-31 07:27:32,364 WARN  OffsetsForLeaderEpochUtils - Attempt to fetch offsets for partition streams-plaintext-input-0 failed due to: Topic deletion is disabled., retrying.
2026-07-31 07:27:32,464 WARN  OffsetsForLeaderEpochUtils - Attempt to fetch offsets for partition streams-plaintext-input-0 failed due to: Topic deletion is disabled., retrying.
2026-07-31 07:27:32,564 WARN  OffsetsForLeaderEpochUtils - Attempt to fetch offsets for partition streams-plaintext-input-0 failed due to: Topic deletion is disabled., retrying.
2026-07-31 07:27:32,664 WARN  OffsetsForLeaderEpochUtils - Attempt to fetch offsets for partition streams-plaintext-input-0 failed due to: Topic deletion is disabled., retrying.
2026-07-31 07:27:32,764 WARN  OffsetsForLeaderEpochUtils - Attempt to fetch offsets for partition streams-plaintext-input-0 failed due to: Topic deletion is disabled., retrying.
2026-07-31 07:27:32,864 WARN  OffsetsForLeaderEpochUtils - Attempt to fetch offsets for partition streams-plaintext-input-0 failed due to: Topic deletion is disabled., retrying.
2026-07-31 07:27:32,964 WARN  OffsetsForLeaderEpochUtils - Attempt to fetch offsets for partition streams-plaintext-input-0 failed due to: Topic deletion is disabled., retrying.
2026-07-31 07:27:33,064 WARN  OffsetsForLeaderEpochUtils - Attempt to fetch offsets for partition streams-plaintext-input-0 failed due to: Topic deletion is disabled., retrying.
2026-07-31 07:27:33,164 WARN  OffsetsForLeaderEpochUtils - Attempt to fetch offsets for partition streams-plaintext-input-0 failed due to: Topic deletion is disabled., retrying.
2026-07-31 07:27:33,264 WARN  OffsetsForLeaderEpochUtils - Attempt to fetch offsets for partition streams-plaintext-input-0 failed due to: Topic deletion is disabled., retrying.
2026-07-31 07:27:33,364 WARN  OffsetsForLeaderEpochUtils - Attempt to fetch offsets for partition streams-plaintext-input-0 failed due to: Topic deletion is disabled., retrying.
2026-07-31 07:27:33,464 WARN  OffsetsForLeaderEpochUtils - Attempt to fetch offsets for partition streams-plaintext-input-0 failed due to: Topic deletion is disabled., retrying.
2026-07-31 07:27:33,564 WARN  OffsetsForLeaderEpochUtils - Attempt to fetch offsets for partition streams-plaintext-input-0 failed due to: Topic deletion is disabled., retrying.
2026-07-31 07:27:33,664 WARN  OffsetsForLeaderEpochUtils - Attempt to fetch offsets for partition streams-plaintext-input-0 failed due to: Topic deletion is disabled., retrying.
2026-07-31 07:27:33,764 WARN  OffsetsForLeaderEpochUtils - Attempt to fetch offsets for partition streams-plaintext-input-0 failed due to: Topic deletion is disabled., retrying.
2026-07-31 07:27:33,864 WARN  OffsetsForLeaderEpochUtils - Attempt to fetch offsets for partition streams-plaintext-input-0 failed due to: Topic deletion is disabled., retrying.
2026-07-31 07:27:33,964 WARN  OffsetsForLeaderEpochUtils - Attempt to fetch offsets for partition streams-plaintext-input-0 failed due to: Topic deletion is disabled., retrying.
2026-07-31 07:27:34,064 WARN  OffsetsForLeaderEpochUtils - Attempt to fetch offsets for partition streams-plaintext-input-0 failed due to: Topic deletion is disabled., retrying.
2026-07-31 07:27:34,164 WARN  OffsetsForLeaderEpochUtils - Attempt to fetch offsets for partition streams-plaintext-input-0 failed due to: Topic deletion is disabled., retrying.
2026-07-31 07:27:34,264 WARN  OffsetsForLeaderEpochUtils - Attempt to fetch offsets for partition streams-plaintext-input-0 failed due to: Topic deletion is disabled., retrying.
2026-07-31 07:27:34,364 WARN  OffsetsForLeaderEpochUtils - Attempt to fetch offsets for partition streams-plaintext-input-0 failed due to: Topic deletion is disabled., retrying.
2026-07-31 07:27:34,464 WARN  OffsetsForLeaderEpochUtils - Attempt to fetch offsets for partition streams-plaintext-input-0 failed due to: Topic deletion is disabled., retrying.
2026-07-31 07:27:34,564 WARN  OffsetsForLeaderEpochUtils - Attempt to fetch offsets for partition streams-plaintext-input-0 failed due to: Topic deletion is disabled., retrying.
2026-07-31 07:27:34,664 WARN  OffsetsForLeaderEpochUtils - Attempt to fetch offsets for partition streams-plaintext-input-0 failed due to: Topic deletion is disabled., retrying.
2026-07-31 07:27:34,764 WARN  OffsetsForLeaderEpochUtils - Attempt to fetch offsets for partition streams-plaintext-input-0 failed due to: Topic deletion is disabled., retrying.
2026-07-31 07:27:34,864 WARN  OffsetsForLeaderEpochUtils - Attempt to fetch offsets for partition streams-plaintext-input-0 failed due to: Topic deletion is disabled., retrying.
2026-07-31 07:27:34,964 WARN  OffsetsForLeaderEpochUtils - Attempt to fetch offsets for partition streams-plaintext-input-0 failed due to: Topic deletion is disabled., retrying.
2026-07-31 07:27:35,064 WARN  OffsetsForLeaderEpochUtils - Attempt to fetch offsets for partition streams-plaintext-input-0 failed due to: Topic deletion is disabled., retrying.
2026-07-31 07:27:35,164 WARN  OffsetsForLeaderEpochUtils - Attempt to fetch offsets for partition streams-plaintext-input-0 failed due to: Topic deletion is disabled., retrying.
2026-07-31 07:27:35,264 WARN  OffsetsForLeaderEpochUtils - Attempt to fetch offsets for partition streams-plaintext-input-0 failed due to: Topic deletion is disabled., retrying.
2026-07-31 07:27:35,364 WARN  OffsetsForLeaderEpochUtils - Attempt to fetch offsets for partition streams-plaintext-input-0 failed due to: Topic deletion is disabled., retrying.
2026-07-31 07:27:35,464 WARN  OffsetsForLeaderEpochUtils - Attempt to fetch offsets for partition streams-plaintext-input-0 failed due to: Topic deletion is disabled., retrying.
2026-07-31 07:27:35,564 WARN  OffsetsForLeaderEpochUtils - Attempt to fetch offsets for partition streams-plaintext-input-0 failed due to: Topic deletion is disabled., retrying.
2026-07-31 07:27:35,664 WARN  OffsetsForLeaderEpochUtils - Attempt to fetch offsets for partition streams-plaintext-input-0 failed due to: Topic deletion is disabled., retrying.
2026-07-31 07:27:35,764 WARN  OffsetsForLeaderEpochUtils - Attempt to fetch offsets for partition streams-plaintext-input-0 failed due to: Topic deletion is disabled., retrying.
2026-07-31 07:27:35,864 WARN  OffsetsForLeaderEpochUtils - Attempt to fetch offsets for partition streams-plaintext-input-0 failed due to: Topic deletion is disabled., retrying.
2026-07-31 07:27:35,964 WARN  OffsetsForLeaderEpochUtils - Attempt to fetch offsets for partition streams-plaintext-input-0 failed due to: Topic deletion is disabled., retrying.
2026-07-31 07:27:36,064 WARN  OffsetsForLeaderEpochUtils - Attempt to fetch offsets for partition streams-plaintext-input-0 failed due to: Topic deletion is disabled., retrying.
2026-07-31 07:27:36,164 WARN  OffsetsForLeaderEpochUtils - Attempt to fetch offsets for partition streams-plaintext-input-0 failed due to: Topic deletion is disabled., retrying.
2026-07-31 07:27:36,264 WARN  OffsetsForLeaderEpochUtils - Attempt to fetch offsets for partition streams-plaintext-input-0 failed due to: Topic deletion is disabled., retrying.
2026-07-31 07:27:36,364 WARN  OffsetsForLeaderEpochUtils - Attempt to fetch offsets for partition streams-plaintext-input-0 failed due to: Topic deletion is disabled., retrying.
2026-07-31 07:27:36,464 WARN  OffsetsForLeaderEpochUtils - Attempt to fetch offsets for partition streams-plaintext-input-0 failed due to: Topic deletion is disabled., retrying.
2026-07-31 07:27:36,564 WARN  OffsetsForLeaderEpochUtils - Attempt to fetch offsets for partition streams-plaintext-input-0 failed due to: Topic deletion is disabled., retrying.
2026-07-31 07:27:36,664 WARN  OffsetsForLeaderEpochUtils - Attempt to fetch offsets for partition streams-plaintext-input-0 failed due to: Topic deletion is disabled., retrying.
2026-07-31 07:27:36,764 WARN  OffsetsForLeaderEpochUtils - Attempt to fetch offsets for partition streams-plaintext-input-0 failed due to: Topic deletion is disabled., retrying.
2026-07-31 07:27:36,864 WARN  OffsetsForLeaderEpochUtils - Attempt to fetch offsets for partition streams-plaintext-input-0 failed due to: Topic deletion is disabled., retrying.
2026-07-31 07:27:36,964 WARN  OffsetsForLeaderEpochUtils - Attempt to fetch offsets for partition streams-plaintext-input-0 failed due to: Topic deletion is disabled., retrying.
2026-07-31 07:27:37,064 WARN  OffsetsForLeaderEpochUtils - Attempt to fetch offsets for partition streams-plaintext-input-0 failed due to: Topic deletion is disabled., retrying.
2026-07-31 07:27:37,164 WARN  OffsetsForLeaderEpochUtils - Attempt to fetch offsets for partition streams-plaintext-input-0 failed due to: Topic deletion is disabled., retrying.
2026-07-31 07:27:37,264 WARN  OffsetsForLeaderEpochUtils - Attempt to fetch offsets for partition streams-plaintext-input-0 failed due to: Topic deletion is disabled., retrying.
2026-07-31 07:27:37,364 WARN  OffsetsForLeaderEpochUtils - Attempt to fetch offsets for partition streams-plaintext-input-0 failed due to: Topic deletion is disabled., retrying.
2026-07-31 07:27:37,464 WARN  OffsetsForLeaderEpochUtils - Attempt to fetch offsets for partition streams-plaintext-input-0 failed due to: Topic deletion is disabled., retrying.
2026-07-31 07:27:37,564 WARN  OffsetsForLeaderEpochUtils - Attempt to fetch offsets for partition streams-plaintext-input-0 failed due to: Topic deletion is disabled., retrying.
2026-07-31 07:27:37,664 WARN  OffsetsForLeaderEpochUtils - Attempt to fetch offsets for partition streams-plaintext-input-0 failed due to: Topic deletion is disabled., retrying.
2026-07-31 07:27:37,764 WARN  OffsetsForLeaderEpochUtils - Attempt to fetch offsets for partition streams-plaintext-input-0 failed due to: Topic deletion is disabled., retrying.
2026-07-31 07:27:37,864 WARN  OffsetsForLeaderEpochUtils - Attempt to fetch offsets for partition streams-plaintext-input-0 failed due to: Topic deletion is disabled., retrying.
2026-07-31 07:27:37,964 WARN  OffsetsForLeaderEpochUtils - Attempt to fetch offsets for partition streams-plaintext-input-0 failed due to: Topic deletion is disabled., retrying.
2026-07-31 07:27:38,064 WARN  OffsetsForLeaderEpochUtils - Attempt to fetch offsets for partition streams-plaintext-input-0 failed due to: Topic deletion is disabled., retrying.
2026-07-31 07:27:38,164 WARN  OffsetsForLeaderEpochUtils - Attempt to fetch offsets for partition streams-plaintext-input-0 failed due to: Topic deletion is disabled., retrying.
2026-07-31 07:27:38,264 WARN  OffsetsForLeaderEpochUtils - Attempt to fetch offsets for partition streams-plaintext-input-0 failed due to: Topic deletion is disabled., retrying.
2026-07-31 07:27:38,364 WARN  OffsetsForLeaderEpochUtils - Attempt to fetch offsets for partition streams-plaintext-input-0 failed due to: Topic deletion is disabled., retrying.
2026-07-31 07:27:38,464 WARN  OffsetsForLeaderEpochUtils - Attempt to fetch offsets for partition streams-plaintext-input-0 failed due to: Topic deletion is disabled., retrying.
2026-07-31 07:27:38,564 WARN  OffsetsForLeaderEpochUtils - Attempt to fetch offsets for partition streams-plaintext-input-0 failed due to: Topic deletion is disabled., retrying.
2026-07-31 07:27:38,664 WARN  OffsetsForLeaderEpochUtils - Attempt to fetch offsets for partition streams-plaintext-input-0 failed due to: Topic deletion is disabled., retrying.
2026-07-31 07:27:38,764 WARN  OffsetsForLeaderEpochUtils - Attempt to fetch offsets for partition streams-plaintext-input-0 failed due to: Topic deletion is disabled., retrying.
2026-07-31 07:27:38,864 WARN  OffsetsForLeaderEpochUtils - Attempt to fetch offsets for partition streams-plaintext-input-0 failed due to: Topic deletion is disabled., retrying.
2026-07-31 07:27:38,964 WARN  OffsetsForLeaderEpochUtils - Attempt to fetch offsets for partition streams-plaintext-input-0 failed due to: Topic deletion is disabled., retrying.
2026-07-31 07:27:39,064 WARN  OffsetsForLeaderEpochUtils - Attempt to fetch offsets for partition streams-plaintext-input-0 failed due to: Topic deletion is disabled., retrying.
2026-07-31 07:27:39,164 WARN  OffsetsForLeaderEpochUtils - Attempt to fetch offsets for partition streams-plaintext-input-0 failed due to: Topic deletion is disabled., retrying.
2026-07-31 07:27:39,264 WARN  OffsetsForLeaderEpochUtils - Attempt to fetch offsets for partition streams-plaintext-input-0 failed due to: Topic deletion is disabled., retrying.
2026-07-31 07:27:39,364 WARN  OffsetsForLeaderEpochUtils - Attempt to fetch offsets for partition streams-plaintext-input-0 failed due to: Topic deletion is disabled., retrying.
2026-07-31 07:27:39,464 WARN  OffsetsForLeaderEpochUtils - Attempt to fetch offsets for partition streams-plaintext-input-0 failed due to: Topic deletion is disabled., retrying.
2026-07-31 07:27:39,564 WARN  OffsetsForLeaderEpochUtils - Attempt to fetch offsets for partition streams-plaintext-input-0 failed due to: Topic deletion is disabled., retrying.
2026-07-31 07:27:39,664 WARN  OffsetsForLeaderEpochUtils - Attempt to fetch offsets for partition streams-plaintext-input-0 failed due to: Topic deletion is disabled., retrying.
2026-07-31 07:27:39,764 WARN  OffsetsForLeaderEpochUtils - Attempt to fetch offsets for partition streams-plaintext-input-0 failed due to: Topic deletion is disabled., retrying.
2026-07-31 07:27:39,864 WARN  OffsetsForLeaderEpochUtils - Attempt to fetch offsets for partition streams-plaintext-input-0 failed due to: Topic deletion is disabled., retrying.
2026-07-31 07:27:39,964 WARN  OffsetsForLeaderEpochUtils - Attempt to fetch offsets for partition streams-plaintext-input-0 failed due to: Topic deletion is disabled., retrying.
2026-07-31 07:27:40,064 WARN  OffsetsForLeaderEpochUtils - Attempt to fetch offsets for partition streams-plaintext-input-0 failed due to: Topic deletion is disabled., retrying.
2026-07-31 07:27:40,164 WARN  OffsetsForLeaderEpochUtils - Attempt to fetch offsets for partition streams-plaintext-input-0 failed due to: Topic deletion is disabled., retrying.
2026-07-31 07:27:40,264 WARN  OffsetsForLeaderEpochUtils - Attempt to fetch offsets for partition streams-plaintext-input-0 failed due to: Topic deletion is disabled., retrying.
2026-07-31 07:27:40,364 WARN  OffsetsForLeaderEpochUtils - Attempt to fetch offsets for partition streams-plaintext-input-0 failed due to: Topic deletion is disabled., retrying.
2026-07-31 07:27:40,464 WARN  OffsetsForLeaderEpochUtils - Attempt to fetch offsets for partition streams-plaintext-input-0 failed due to: Topic deletion is disabled., retrying.
2026-07-31 07:27:40,564 WARN  OffsetsForLeaderEpochUtils - Attempt to fetch offsets for partition streams-plaintext-input-0 failed due to: Topic deletion is disabled., retrying.
2026-07-31 07:27:40,664 WARN  OffsetsForLeaderEpochUtils - Attempt to fetch offsets for partition streams-plaintext-input-0 failed due to: Topic deletion is disabled., retrying.
2026-07-31 07:27:40,764 WARN  OffsetsForLeaderEpochUtils - Attempt to fetch offsets for partition streams-plaintext-input-0 failed due to: Topic deletion is disabled., retrying.
2026-07-31 07:27:40,864 WARN  OffsetsForLeaderEpochUtils - Attempt to fetch offsets for partition streams-plaintext-input-0 failed due to: Topic deletion is disabled., retrying.
2026-07-31 07:27:40,964 WARN  OffsetsForLeaderEpochUtils - Attempt to fetch offsets for partition streams-plaintext-input-0 failed due to: Topic deletion is disabled., retrying.
2026-07-31 07:27:41,064 WARN  OffsetsForLeaderEpochUtils - Attempt to fetch offsets for partition streams-plaintext-input-0 failed due to: Topic deletion is disabled., retrying.
2026-07-31 07:27:41,164 WARN  OffsetsForLeaderEpochUtils - Attempt to fetch offsets for partition streams-plaintext-input-0 failed due to: Topic deletion is disabled., retrying.
2026-07-31 07:27:41,264 WARN  OffsetsForLeaderEpochUtils - Attempt to fetch offsets for partition streams-plaintext-input-0 failed due to: Topic deletion is disabled., retrying.
2026-07-31 07:27:41,364 WARN  OffsetsForLeaderEpochUtils - Attempt to fetch offsets for partition streams-plaintext-input-0 failed due to: Topic deletion is disabled., retrying.
2026-07-31 07:27:41,464 WARN  OffsetsForLeaderEpochUtils - Attempt to fetch offsets for partition streams-plaintext-input-0 failed due to: Topic deletion is disabled., retrying.
2026-07-31 07:27:41,564 WARN  OffsetsForLeaderEpochUtils - Attempt to fetch offsets for partition streams-plaintext-input-0 failed due to: Topic deletion is disabled., retrying.
2026-07-31 07:27:41,664 WARN  OffsetsForLeaderEpochUtils - Attempt to fetch offsets for partition streams-plaintext-input-0 failed due to: Topic deletion is disabled., retrying.
2026-07-31 07:27:41,764 WARN  OffsetsForLeaderEpochUtils - Attempt to fetch offsets for partition streams-plaintext-input-0 failed due to: Topic deletion is disabled., retrying.
2026-07-31 07:27:41,864 WARN  OffsetsForLeaderEpochUtils - Attempt to fetch offsets for partition streams-plaintext-input-0 failed due to: Topic deletion is disabled., retrying.
2026-07-31 07:27:41,964 WARN  OffsetsForLeaderEpochUtils - Attempt to fetch offsets for partition streams-plaintext-input-0 failed due to: Topic deletion is disabled., retrying.
2026-07-31 07:27:42,064 WARN  OffsetsForLeaderEpochUtils - Attempt to fetch offsets for partition streams-plaintext-input-0 failed due to: Topic deletion is disabled., retrying.
2026-07-31 07:27:42,164 WARN  OffsetsForLeaderEpochUtils - Attempt to fetch offsets for partition streams-plaintext-input-0 failed due to: Topic deletion is disabled., retrying.
2026-07-31 07:27:42,264 WARN  OffsetsForLeaderEpochUtils - Attempt to fetch offsets for partition streams-plaintext-input-0 failed due to: Topic deletion is disabled., retrying.
2026-07-31 07:27:42,364 WARN  OffsetsForLeaderEpochUtils - Attempt to fetch offsets for partition streams-plaintext-input-0 failed due to: Topic deletion is disabled., retrying.
2026-07-31 07:27:42,464 WARN  OffsetsForLeaderEpochUtils - Attempt to fetch offsets for partition streams-plaintext-input-0 failed due to: Topic deletion is disabled., retrying.
2026-07-31 07:27:42,564 WARN  OffsetsForLeaderEpochUtils - Attempt to fetch offsets for partition streams-plaintext-input-0 failed due to: Topic deletion is disabled., retrying.
2026-07-31 07:27:42,664 WARN  OffsetsForLeaderEpochUtils - Attempt to fetch offsets for partition streams-plaintext-input-0 failed due to: Topic deletion is disabled., retrying.
2026-07-31 07:27:42,764 WARN  OffsetsForLeaderEpochUtils - Attempt to fetch offsets for partition streams-plaintext-input-0 failed due to: Topic deletion is disabled., retrying.
2026-07-31 07:27:42,864 WARN  OffsetsForLeaderEpochUtils - Attempt to fetch offsets for partition streams-plaintext-input-0 failed due to: Topic deletion is disabled., retrying.
2026-07-31 07:27:42,964 WARN  OffsetsForLeaderEpochUtils - Attempt to fetch offsets for partition streams-plaintext-input-0 failed due to: Topic deletion is disabled., retrying.
2026-07-31 07:27:43,064 WARN  OffsetsForLeaderEpochUtils - Attempt to fetch offsets for partition streams-plaintext-input-0 failed due to: Topic deletion is disabled., retrying.
2026-07-31 07:27:43,164 WARN  OffsetsForLeaderEpochUtils - Attempt to fetch offsets for partition streams-plaintext-input-0 failed due to: Topic deletion is disabled., retrying.
2026-07-31 07:27:43,264 WARN  OffsetsForLeaderEpochUtils - Attempt to fetch offsets for partition streams-plaintext-input-0 failed due to: Topic deletion is disabled., retrying.
2026-07-31 07:27:43,364 WARN  OffsetsForLeaderEpochUtils - Attempt to fetch offsets for partition streams-plaintext-input-0 failed due to: Topic deletion is disabled., retrying.
2026-07-31 07:27:43,464 WARN  OffsetsForLeaderEpochUtils - Attempt to fetch offsets for partition streams-plaintext-input-0 failed due to: Topic deletion is disabled., retrying.
2026-07-31 07:27:43,564 WARN  OffsetsForLeaderEpochUtils - Attempt to fetch offsets for partition streams-plaintext-input-0 failed due to: Topic deletion is disabled., retrying.
2026-07-31 07:27:43,664 WARN  OffsetsForLeaderEpochUtils - Attempt to fetch offsets for partition streams-plaintext-input-0 failed due to: Topic deletion is disabled., retrying.
2026-07-31 07:27:43,764 WARN  OffsetsForLeaderEpochUtils - Attempt to fetch offsets for partition streams-plaintext-input-0 failed due to: Topic deletion is disabled., retrying.
2026-07-31 07:27:43,864 WARN  OffsetsForLeaderEpochUtils - Attempt to fetch offsets for partition streams-plaintext-input-0 failed due to: Topic deletion is disabled., retrying.
2026-07-31 07:27:43,964 WARN  OffsetsForLeaderEpochUtils - Attempt to fetch offsets for partition streams-plaintext-input-0 failed due to: Topic deletion is disabled., retrying.
2026-07-31 07:27:44,064 WARN  OffsetsForLeaderEpochUtils - Attempt to fetch offsets for partition streams-plaintext-input-0 failed due to: Topic deletion is disabled., retrying.
2026-07-31 07:27:44,164 WARN  OffsetsForLeaderEpochUtils - Attempt to fetch offsets for partition streams-plaintext-input-0 failed due to: Topic deletion is disabled., retrying.
2026-07-31 07:27:44,264 WARN  OffsetsForLeaderEpochUtils - Attempt to fetch offsets for partition streams-plaintext-input-0 failed due to: Topic deletion is disabled., retrying.
2026-07-31 07:27:44,364 WARN  OffsetsForLeaderEpochUtils - Attempt to fetch offsets for partition streams-plaintext-input-0 failed due to: Topic deletion is disabled., retrying.
2026-07-31 07:27:44,464 WARN  OffsetsForLeaderEpochUtils - Attempt to fetch offsets for partition streams-plaintext-input-0 failed due to: Topic deletion is disabled., retrying.
2026-07-31 07:27:44,564 WARN  OffsetsForLeaderEpochUtils - Attempt to fetch offsets for partition streams-plaintext-input-0 failed due to: Topic deletion is disabled., retrying.
2026-07-31 07:27:44,664 WARN  OffsetsForLeaderEpochUtils - Attempt to fetch offsets for partition streams-plaintext-input-0 failed due to: Topic deletion is disabled., retrying.
2026-07-31 07:27:44,764 WARN  OffsetsForLeaderEpochUtils - Attempt to fetch offsets for partition streams-plaintext-input-0 failed due to: Topic deletion is disabled., retrying.
2026-07-31 07:27:44,864 WARN  OffsetsForLeaderEpochUtils - Attempt to fetch offsets for partition streams-plaintext-input-0 failed due to: Topic deletion is disabled., retrying.
2026-07-31 07:27:44,964 WARN  OffsetsForLeaderEpochUtils - Attempt to fetch offsets for partition streams-plaintext-input-0 failed due to: Topic deletion is disabled., retrying.
2026-07-31 07:27:45,064 WARN  OffsetsForLeaderEpochUtils - Attempt to fetch offsets for partition streams-plaintext-input-0 failed due to: Topic deletion is disabled., retrying.
2026-07-31 07:27:45,164 WARN  OffsetsForLeaderEpochUtils - Attempt to fetch offsets for partition streams-plaintext-input-0 failed due to: Topic deletion is disabled., retrying.
2026-07-31 07:27:45,264 WARN  OffsetsForLeaderEpochUtils - Attempt to fetch offsets for partition streams-plaintext-input-0 failed due to: Topic deletion is disabled., retrying.
2026-07-31 07:27:45,364 WARN  OffsetsForLeaderEpochUtils - Attempt to fetch offsets for partition streams-plaintext-input-0 failed due to: Topic deletion is disabled., retrying.
2026-07-31 07:27:45,464 WARN  OffsetsForLeaderEpochUtils - Attempt to fetch offsets for partition streams-plaintext-input-0 failed due to: Topic deletion is disabled., retrying.
2026-07-31 07:27:45,564 WARN  OffsetsForLeaderEpochUtils - Attempt to fetch offsets for partition streams-plaintext-input-0 failed due to: Topic deletion is disabled., retrying.
2026-07-31 07:27:45,664 WARN  OffsetsForLeaderEpochUtils - Attempt to fetch offsets for partition streams-plaintext-input-0 failed due to: Topic deletion is disabled., retrying.
2026-07-31 07:27:45,764 WARN  OffsetsForLeaderEpochUtils - Attempt to fetch offsets for partition streams-plaintext-input-0 failed due to: Topic deletion is disabled., retrying.
2026-07-31 07:27:45,864 WARN  OffsetsForLeaderEpochUtils - Attempt to fetch offsets for partition streams-plaintext-input-0 failed due to: Topic deletion is disabled., retrying.
2026-07-31 07:27:45,964 WARN  OffsetsForLeaderEpochUtils - Attempt to fetch offsets for partition streams-plaintext-input-0 failed due to: Topic deletion is disabled., retrying.
2026-07-31 07:27:46,064 WARN  OffsetsForLeaderEpochUtils - Attempt to fetch offsets for partition streams-plaintext-input-0 failed due to: Topic deletion is disabled., retrying.
2026-07-31 07:27:46,164 WARN  OffsetsForLeaderEpochUtils - Attempt to fetch offsets for partition streams-plaintext-input-0 failed due to: Topic deletion is disabled., retrying.
2026-07-31 07:27:46,264 WARN  OffsetsForLeaderEpochUtils - Attempt to fetch offsets for partition streams-plaintext-input-0 failed due to: Topic deletion is disabled., retrying.
2026-07-31 07:27:46,364 WARN  OffsetsForLeaderEpochUtils - Attempt to fetch offsets for partition streams-plaintext-input-0 failed due to: Topic deletion is disabled., retrying.
2026-07-31 07:27:46,464 WARN  OffsetsForLeaderEpochUtils - Attempt to fetch offsets for partition streams-plaintext-input-0 failed due to: Topic deletion is disabled., retrying.
2026-07-31 07:27:46,564 WARN  OffsetsForLeaderEpochUtils - Attempt to fetch offsets for partition streams-plaintext-input-0 failed due to: Topic deletion is disabled., retrying.
2026-07-31 07:27:46,664 WARN  OffsetsForLeaderEpochUtils - Attempt to fetch offsets for partition streams-plaintext-input-0 failed due to: Topic deletion is disabled., retrying.
2026-07-31 07:27:46,764 WARN  OffsetsForLeaderEpochUtils - Attempt to fetch offsets for partition streams-plaintext-input-0 failed due to: Topic deletion is disabled., retrying.
2026-07-31 07:27:46,864 WARN  OffsetsForLeaderEpochUtils - Attempt to fetch offsets for partition streams-plaintext-input-0 failed due to: Topic deletion is disabled., retrying.
2026-07-31 07:27:46,964 WARN  OffsetsForLeaderEpochUtils - Attempt to fetch offsets for partition streams-plaintext-input-0 failed due to: Topic deletion is disabled., retrying.
2026-07-31 07:27:47,064 WARN  OffsetsForLeaderEpochUtils - Attempt to fetch offsets for partition streams-plaintext-input-0 failed due to: Topic deletion is disabled., retrying.
2026-07-31 07:27:47,164 WARN  OffsetsForLeaderEpochUtils - Attempt to fetch offsets for partition streams-plaintext-input-0 failed due to: Topic deletion is disabled., retrying.
2026-07-31 07:27:47,264 WARN  OffsetsForLeaderEpochUtils - Attempt to fetch offsets for partition streams-plaintext-input-0 failed due to: Topic deletion is disabled., retrying.
2026-07-31 07:27:47,364 WARN  OffsetsForLeaderEpochUtils - Attempt to fetch offsets for partition streams-plaintext-input-0 failed due to: Topic deletion is disabled., retrying.
2026-07-31 07:27:47,464 WARN  OffsetsForLeaderEpochUtils - Attempt to fetch offsets for partition streams-plaintext-input-0 failed due to: Topic deletion is disabled., retrying.
2026-07-31 07:27:47,564 WARN  OffsetsForLeaderEpochUtils - Attempt to fetch offsets for partition streams-plaintext-input-0 failed due to: Topic deletion is disabled., retrying.
2026-07-31 07:27:47,664 WARN  OffsetsForLeaderEpochUtils - Attempt to fetch offsets for partition streams-plaintext-input-0 failed due to: Topic deletion is disabled., retrying.
2026-07-31 07:27:47,764 WARN  OffsetsForLeaderEpochUtils - Attempt to fetch offsets for partition streams-plaintext-input-0 failed due to: Topic deletion is disabled., retrying.
2026-07-31 07:27:47,864 WARN  OffsetsForLeaderEpochUtils - Attempt to fetch offsets for partition streams-plaintext-input-0 failed due to: Topic deletion is disabled., retrying.
2026-07-31 07:27:47,964 WARN  OffsetsForLeaderEpochUtils - Attempt to fetch offsets for partition streams-plaintext-input-0 failed due to: Topic deletion is disabled., retrying.
2026-07-31 07:27:48,064 WARN  OffsetsForLeaderEpochUtils - Attempt to fetch offsets for partition streams-plaintext-input-0 failed due to: Topic deletion is disabled., retrying.
2026-07-31 07:27:48,164 WARN  OffsetsForLeaderEpochUtils - Attempt to fetch offsets for partition streams-plaintext-input-0 failed due to: Topic deletion is disabled., retrying.
2026-07-31 07:27:48,264 WARN  OffsetsForLeaderEpochUtils - Attempt to fetch offsets for partition streams-plaintext-input-0 failed due to: Topic deletion is disabled., retrying.
2026-07-31 07:27:48,364 WARN  OffsetsForLeaderEpochUtils - Attempt to fetch offsets for partition streams-plaintext-input-0 failed due to: Topic deletion is disabled., retrying.
2026-07-31 07:27:48,464 WARN  OffsetsForLeaderEpochUtils - Attempt to fetch offsets for partition streams-plaintext-input-0 failed due to: Topic deletion is disabled., retrying.
2026-07-31 07:27:48,564 WARN  OffsetsForLeaderEpochUtils - Attempt to fetch offsets for partition streams-plaintext-input-0 failed due to: Topic deletion is disabled., retrying.
2026-07-31 07:27:48,664 WARN  OffsetsForLeaderEpochUtils - Attempt to fetch offsets for partition streams-plaintext-input-0 failed due to: Topic deletion is disabled., retrying.
2026-07-31 07:27:48,764 WARN  OffsetsForLeaderEpochUtils - Attempt to fetch offsets for partition streams-plaintext-input-0 failed due to: Topic deletion is disabled., retrying.
2026-07-31 07:27:48,864 WARN  OffsetsForLeaderEpochUtils - Attempt to fetch offsets for partition streams-plaintext-input-0 failed due to: Topic deletion is disabled., retrying.
2026-07-31 07:27:48,964 WARN  OffsetsForLeaderEpochUtils - Attempt to fetch offsets for partition streams-plaintext-input-0 failed due to: Topic deletion is disabled., retrying.
2026-07-31 07:27:49,064 WARN  OffsetsForLeaderEpochUtils - Attempt to fetch offsets for partition streams-plaintext-input-0 failed due to: Topic deletion is disabled., retrying.
2026-07-31 07:27:49,164 WARN  OffsetsForLeaderEpochUtils - Attempt to fetch offsets for partition streams-plaintext-input-0 failed due to: Topic deletion is disabled., retrying.
2026-07-31 07:27:49,264 WARN  OffsetsForLeaderEpochUtils - Attempt to fetch offsets for partition streams-plaintext-input-0 failed due to: Topic deletion is disabled., retrying.
2026-07-31 07:27:49,364 WARN  OffsetsForLeaderEpochUtils - Attempt to fetch offsets for partition streams-plaintext-input-0 failed due to: Topic deletion is disabled., retrying.
2026-07-31 07:27:49,464 WARN  OffsetsForLeaderEpochUtils - Attempt to fetch offsets for partition streams-plaintext-input-0 failed due to: Topic deletion is disabled., retrying.
2026-07-31 07:27:49,564 WARN  OffsetsForLeaderEpochUtils - Attempt to fetch offsets for partition streams-plaintext-input-0 failed due to: Topic deletion is disabled., retrying.
2026-07-31 07:27:49,664 WARN  OffsetsForLeaderEpochUtils - Attempt to fetch offsets for partition streams-plaintext-input-0 failed due to: Topic deletion is disabled., retrying.
2026-07-31 07:27:49,764 WARN  OffsetsForLeaderEpochUtils - Attempt to fetch offsets for partition streams-plaintext-input-0 failed due to: Topic deletion is disabled., retrying.
2026-07-31 07:27:49,864 WARN  OffsetsForLeaderEpochUtils - Attempt to fetch offsets for partition streams-plaintext-input-0 failed due to: Topic deletion is disabled., retrying.
2026-07-31 07:27:49,964 WARN  OffsetsForLeaderEpochUtils - Attempt to fetch offsets for partition streams-plaintext-input-0 failed due to: Topic deletion is disabled., retrying.
2026-07-31 07:27:50,064 WARN  OffsetsForLeaderEpochUtils - Attempt to fetch offsets for partition streams-plaintext-input-0 failed due to: Topic deletion is disabled., retrying.
2026-07-31 07:27:50,164 WARN  OffsetsForLeaderEpochUtils - Attempt to fetch offsets for partition streams-plaintext-input-0 failed due to: Topic deletion is disabled., retrying.
2026-07-31 07:27:50,264 WARN  OffsetsForLeaderEpochUtils - Attempt to fetch offsets for partition streams-plaintext-input-0 failed due to: Topic deletion is disabled., retrying.
2026-07-31 07:27:50,364 WARN  OffsetsForLeaderEpochUtils - Attempt to fetch offsets for partition streams-plaintext-input-0 failed due to: Topic deletion is disabled., retrying.
2026-07-31 07:27:50,464 WARN  OffsetsForLeaderEpochUtils - Attempt to fetch offsets for partition streams-plaintext-input-0 failed due to: Topic deletion is disabled., retrying.
2026-07-31 07:27:50,564 WARN  OffsetsForLeaderEpochUtils - Attempt to fetch offsets for partition streams-plaintext-input-0 failed due to: Topic deletion is disabled., retrying.
2026-07-31 07:27:50,664 WARN  OffsetsForLeaderEpochUtils - Attempt to fetch offsets for partition streams-plaintext-input-0 failed due to: Topic deletion is disabled., retrying.
2026-07-31 07:27:50,764 WARN  OffsetsForLeaderEpochUtils - Attempt to fetch offsets for partition streams-plaintext-input-0 failed due to: Topic deletion is disabled., retrying.
2026-07-31 07:27:50,864 WARN  OffsetsForLeaderEpochUtils - Attempt to fetch offsets for partition streams-plaintext-input-0 failed due to: Topic deletion is disabled., retrying.
2026-07-31 07:27:50,964 WARN  OffsetsForLeaderEpochUtils - Attempt to fetch offsets for partition streams-plaintext-input-0 failed due to: Topic deletion is disabled., retrying.
2026-07-31 07:27:51,064 WARN  OffsetsForLeaderEpochUtils - Attempt to fetch offsets for partition streams-plaintext-input-0 failed due to: Topic deletion is disabled., retrying.
2026-07-31 07:27:51,164 WARN  OffsetsForLeaderEpochUtils - Attempt to fetch offsets for partition streams-plaintext-input-0 failed due to: Topic deletion is disabled., retrying.
2026-07-31 07:27:51,264 WARN  OffsetsForLeaderEpochUtils - Attempt to fetch offsets for partition streams-plaintext-input-0 failed due to: Topic deletion is disabled., retrying.
2026-07-31 07:27:51,364 WARN  OffsetsForLeaderEpochUtils - Attempt to fetch offsets for partition streams-plaintext-input-0 failed due to: Topic deletion is disabled., retrying.
2026-07-31 07:27:51,464 WARN  OffsetsForLeaderEpochUtils - Attempt to fetch offsets for partition streams-plaintext-input-0 failed due to: Topic deletion is disabled., retrying.
2026-07-31 07:27:51,564 WARN  OffsetsForLeaderEpochUtils - Attempt to fetch offsets for partition streams-plaintext-input-0 failed due to: Topic deletion is disabled., retrying.
2026-07-31 07:27:51,664 WARN  OffsetsForLeaderEpochUtils - Attempt to fetch offsets for partition streams-plaintext-input-0 failed due to: Topic deletion is disabled., retrying.
2026-07-31 07:27:51,764 WARN  OffsetsForLeaderEpochUtils - Attempt to fetch offsets for partition streams-plaintext-input-0 failed due to: Topic deletion is disabled., retrying.
2026-07-31 07:27:51,864 WARN  OffsetsForLeaderEpochUtils - Attempt to fetch offsets for partition streams-plaintext-input-0 failed due to: Topic deletion is disabled., retrying.
2026-07-31 07:27:51,964 WARN  OffsetsForLeaderEpochUtils - Attempt to fetch offsets for partition streams-plaintext-input-0 failed due to: Topic deletion is disabled., retrying.
2026-07-31 07:27:52,064 WARN  OffsetsForLeaderEpochUtils - Attempt to fetch offsets for partition streams-plaintext-input-0 failed due to: Topic deletion is disabled., retrying.
2026-07-31 07:27:52,164 WARN  OffsetsForLeaderEpochUtils - Attempt to fetch offsets for partition streams-plaintext-input-0 failed due to: Topic deletion is disabled., retrying.
2026-07-31 07:27:52,264 WARN  OffsetsForLeaderEpochUtils - Attempt to fetch offsets for partition streams-plaintext-input-0 failed due to: Topic deletion is disabled., retrying.
2026-07-31 07:27:52,364 WARN  OffsetsForLeaderEpochUtils - Attempt to fetch offsets for partition streams-plaintext-input-0 failed due to: Topic deletion is disabled., retrying.
2026-07-31 07:27:52,464 WARN  OffsetsForLeaderEpochUtils - Attempt to fetch offsets for partition streams-plaintext-input-0 failed due to: Topic deletion is disabled., retrying.
2026-07-31 07:27:52,564 WARN  OffsetsForLeaderEpochUtils - Attempt to fetch offsets for partition streams-plaintext-input-0 failed due to: Topic deletion is disabled., retrying.
2026-07-31 07:27:52,664 WARN  OffsetsForLeaderEpochUtils - Attempt to fetch offsets for partition streams-plaintext-input-0 failed due to: Topic deletion is disabled., retrying.
2026-07-31 07:27:52,764 WARN  OffsetsForLeaderEpochUtils - Attempt to fetch offsets for partition streams-plaintext-input-0 failed due to: Topic deletion is disabled., retrying.
2026-07-31 07:27:52,864 WARN  OffsetsForLeaderEpochUtils - Attempt to fetch offsets for partition streams-plaintext-input-0 failed due to: Topic deletion is disabled., retrying.
2026-07-31 07:27:52,964 WARN  OffsetsForLeaderEpochUtils - Attempt to fetch offsets for partition streams-plaintext-input-0 failed due to: Topic deletion is disabled., retrying.
2026-07-31 07:27:53,064 WARN  OffsetsForLeaderEpochUtils - Attempt to fetch offsets for partition streams-plaintext-input-0 failed due to: Topic deletion is disabled., retrying.
2026-07-31 07:27:53,164 WARN  OffsetsForLeaderEpochUtils - Attempt to fetch offsets for partition streams-plaintext-input-0 failed due to: Topic deletion is disabled., retrying.
2026-07-31 07:27:53,264 WARN  OffsetsForLeaderEpochUtils - Attempt to fetch offsets for partition streams-plaintext-input-0 failed due to: Topic deletion is disabled., retrying.
2026-07-31 07:27:53,364 WARN  OffsetsForLeaderEpochUtils - Attempt to fetch offsets for partition streams-plaintext-input-0 failed due to: Topic deletion is disabled., retrying.
2026-07-31 07:27:53,464 WARN  OffsetsForLeaderEpochUtils - Attempt to fetch offsets for partition streams-plaintext-input-0 failed due to: Topic deletion is disabled., retrying.
2026-07-31 07:27:53,564 WARN  OffsetsForLeaderEpochUtils - Attempt to fetch offsets for partition streams-plaintext-input-0 failed due to: Topic deletion is disabled., retrying.
2026-07-31 07:27:53,664 WARN  OffsetsForLeaderEpochUtils - Attempt to fetch offsets for partition streams-plaintext-input-0 failed due to: Topic deletion is disabled., retrying.
2026-07-31 07:27:53,764 WARN  OffsetsForLeaderEpochUtils - Attempt to fetch offsets for partition streams-plaintext-input-0 failed due to: Topic deletion is disabled., retrying.
2026-07-31 07:27:53,864 WARN  OffsetsForLeaderEpochUtils - Attempt to fetch offsets for partition streams-plaintext-input-0 failed due to: Topic deletion is disabled., retrying.
2026-07-31 07:27:53,964 WARN  OffsetsForLeaderEpochUtils - Attempt to fetch offsets for partition streams-plaintext-input-0 failed due to: Topic deletion is disabled., retrying.
2026-07-31 07:27:54,064 WARN  OffsetsForLeaderEpochUtils - Attempt to fetch offsets for partition streams-plaintext-input-0 failed due to: Topic deletion is disabled., retrying.
2026-07-31 07:27:54,164 WARN  OffsetsForLeaderEpochUtils - Attempt to fetch offsets for partition streams-plaintext-input-0 failed due to: Topic deletion is disabled., retrying.
2026-07-31 07:27:54,264 WARN  OffsetsForLeaderEpochUtils - Attempt to fetch offsets for partition streams-plaintext-input-0 failed due to: Topic deletion is disabled., retrying.
2026-07-31 07:27:54,364 WARN  OffsetsForLeaderEpochUtils - Attempt to fetch offsets for partition streams-plaintext-input-0 failed due to: Topic deletion is disabled., retrying.
2026-07-31 07:27:54,464 WARN  OffsetsForLeaderEpochUtils - Attempt to fetch offsets for partition streams-plaintext-input-0 failed due to: Topic deletion is disabled., retrying.
2026-07-31 07:27:54,564 WARN  OffsetsForLeaderEpochUtils - Attempt to fetch offsets for partition streams-plaintext-input-0 failed due to: Topic deletion is disabled., retrying.
2026-07-31 07:27:54,664 WARN  OffsetsForLeaderEpochUtils - Attempt to fetch offsets for partition streams-plaintext-input-0 failed due to: Topic deletion is disabled., retrying.
2026-07-31 07:27:54,764 WARN  OffsetsForLeaderEpochUtils - Attempt to fetch offsets for partition streams-plaintext-input-0 failed due to: Topic deletion is disabled., retrying.
2026-07-31 07:27:54,864 WARN  OffsetsForLeaderEpochUtils - Attempt to fetch offsets for partition streams-plaintext-input-0 failed due to: Topic deletion is disabled., retrying.
2026-07-31 07:27:54,964 WARN  OffsetsForLeaderEpochUtils - Attempt to fetch offsets for partition streams-plaintext-input-0 failed due to: Topic deletion is disabled., retrying.
2026-07-31 07:27:55,064 WARN  OffsetsForLeaderEpochUtils - Attempt to fetch offsets for partition streams-plaintext-input-0 failed due to: Topic deletion is disabled., retrying.
2026-07-31 07:27:55,164 WARN  OffsetsForLeaderEpochUtils - Attempt to fetch offsets for partition streams-plaintext-input-0 failed due to: Topic deletion is disabled., retrying.
2026-07-31 07:27:55,264 WARN  OffsetsForLeaderEpochUtils - Attempt to fetch offsets for partition streams-plaintext-input-0 failed due to: Topic deletion is disabled., retrying.
2026-07-31 07:27:55,364 WARN  OffsetsForLeaderEpochUtils - Attempt to fetch offsets for partition streams-plaintext-input-0 failed due to: Topic deletion is disabled., retrying.
2026-07-31 07:27:55,464 WARN  OffsetsForLeaderEpochUtils - Attempt to fetch offsets for partition streams-plaintext-input-0 failed due to: Topic deletion is disabled., retrying.
2026-07-31 07:27:55,564 WARN  OffsetsForLeaderEpochUtils - Attempt to fetch offsets for partition streams-plaintext-input-0 failed due to: Topic deletion is disabled., retrying.
2026-07-31 07:27:55,664 WARN  OffsetsForLeaderEpochUtils - Attempt to fetch offsets for partition streams-plaintext-input-0 failed due to: Topic deletion is disabled., retrying.
2026-07-31 07:27:55,764 WARN  OffsetsForLeaderEpochUtils - Attempt to fetch offsets for partition streams-plaintext-input-0 failed due to: Topic deletion is disabled., retrying.
2026-07-31 07:27:55,864 WARN  OffsetsForLeaderEpochUtils - Attempt to fetch offsets for partition streams-plaintext-input-0 failed due to: Topic deletion is disabled., retrying.
2026-07-31 07:27:55,964 WARN  OffsetsForLeaderEpochUtils - Attempt to fetch offsets for partition streams-plaintext-input-0 failed due to: Topic deletion is disabled., retrying.
2026-07-31 07:27:56,064 WARN  OffsetsForLeaderEpochUtils - Attempt to fetch offsets for partition streams-plaintext-input-0 failed due to: Topic deletion is disabled., retrying.
2026-07-31 07:27:56,164 WARN  OffsetsForLeaderEpochUtils - Attempt to fetch offsets for partition streams-plaintext-input-0 failed due to: Topic deletion is disabled., retrying.
2026-07-31 07:27:56,264 WARN  OffsetsForLeaderEpochUtils - Attempt to fetch offsets for partition streams-plaintext-input-0 failed due to: Topic deletion is disabled., retrying.
2026-07-31 07:27:56,364 WARN  OffsetsForLeaderEpochUtils - Attempt to fetch offsets for partition streams-plaintext-input-0 failed due to: Topic deletion is disabled., retrying.
2026-07-31 07:27:56,464 WARN  OffsetsForLeaderEpochUtils - Attempt to fetch offsets for partition streams-plaintext-input-0 failed due to: Topic deletion is disabled., retrying.
2026-07-31 07:27:56,564 WARN  OffsetsForLeaderEpochUtils - Attempt to fetch offsets for partition streams-plaintext-input-0 failed due to: Topic deletion is disabled., retrying.
2026-07-31 07:27:56,664 WARN  OffsetsForLeaderEpochUtils - Attempt to fetch offsets for partition streams-plaintext-input-0 failed due to: Topic deletion is disabled., retrying.
2026-07-31 07:27:56,764 WARN  OffsetsForLeaderEpochUtils - Attempt to fetch offsets for partition streams-plaintext-input-0 failed due to: Topic deletion is disabled., retrying.
2026-07-31 07:27:56,864 WARN  OffsetsForLeaderEpochUtils - Attempt to fetch offsets for partition streams-plaintext-input-0 failed due to: Topic deletion is disabled., retrying.
2026-07-31 07:27:56,964 WARN  OffsetsForLeaderEpochUtils - Attempt to fetch offsets for partition streams-plaintext-input-0 failed due to: Topic deletion is disabled., retrying.
2026-07-31 07:27:57,064 WARN  OffsetsForLeaderEpochUtils - Attempt to fetch offsets for partition streams-plaintext-input-0 failed due to: Topic deletion is disabled., retrying.
2026-07-31 07:27:57,164 WARN  OffsetsForLeaderEpochUtils - Attempt to fetch offsets for partition streams-plaintext-input-0 failed due to: Topic deletion is disabled., retrying.
2026-07-31 07:27:57,264 WARN  OffsetsForLeaderEpochUtils - Attempt to fetch offsets for partition streams-plaintext-input-0 failed due to: Topic deletion is disabled., retrying.
2026-07-31 07:27:57,364 WARN  OffsetsForLeaderEpochUtils - Attempt to fetch offsets for partition streams-plaintext-input-0 failed due to: Topic deletion is disabled., retrying.
2026-07-31 07:27:57,464 WARN  OffsetsForLeaderEpochUtils - Attempt to fetch offsets for partition streams-plaintext-input-0 failed due to: Topic deletion is disabled., retrying.
2026-07-31 07:27:57,564 WARN  OffsetsForLeaderEpochUtils - Attempt to fetch offsets for partition streams-plaintext-input-0 failed due to: Topic deletion is disabled., retrying.
2026-07-31 07:27:57,664 WARN  OffsetsForLeaderEpochUtils - Attempt to fetch offsets for partition streams-plaintext-input-0 failed due to: Topic deletion is disabled., retrying.
2026-07-31 07:27:57,764 WARN  OffsetsForLeaderEpochUtils - Attempt to fetch offsets for partition streams-plaintext-input-0 failed due to: Topic deletion is disabled., retrying.
2026-07-31 07:27:57,864 WARN  OffsetsForLeaderEpochUtils - Attempt to fetch offsets for partition streams-plaintext-input-0 failed due to: Topic deletion is disabled., retrying.
2026-07-31 07:27:57,964 WARN  OffsetsForLeaderEpochUtils - Attempt to fetch offsets for partition streams-plaintext-input-0 failed due to: Topic deletion is disabled., retrying.
2026-07-31 07:27:58,064 WARN  OffsetsForLeaderEpochUtils - Attempt to fetch offsets for partition streams-plaintext-input-0 failed due to: Topic deletion is disabled., retrying.
2026-07-31 07:27:58,164 WARN  OffsetsForLeaderEpochUtils - Attempt to fetch offsets for partition streams-plaintext-input-0 failed due to: Topic deletion is disabled., retrying.
2026-07-31 07:27:58,264 WARN  OffsetsForLeaderEpochUtils - Attempt to fetch offsets for partition streams-plaintext-input-0 failed due to: Topic deletion is disabled., retrying.
2026-07-31 07:27:58,364 WARN  OffsetsForLeaderEpochUtils - Attempt to fetch offsets for partition streams-plaintext-input-0 failed due to: Topic deletion is disabled., retrying.
2026-07-31 07:27:58,464 WARN  OffsetsForLeaderEpochUtils - Attempt to fetch offsets for partition streams-plaintext-input-0 failed due to: Topic deletion is disabled., retrying.
2026-07-31 07:27:58,564 WARN  OffsetsForLeaderEpochUtils - Attempt to fetch offsets for partition streams-plaintext-input-0 failed due to: Topic deletion is disabled., retrying.
2026-07-31 07:27:58,664 WARN  OffsetsForLeaderEpochUtils - Attempt to fetch offsets for partition streams-plaintext-input-0 failed due to: Topic deletion is disabled., retrying.
2026-07-31 07:27:58,764 WARN  OffsetsForLeaderEpochUtils - Attempt to fetch offsets for partition streams-plaintext-input-0 failed due to: Topic deletion is disabled., retrying.
2026-07-31 07:27:58,864 WARN  OffsetsForLeaderEpochUtils - Attempt to fetch offsets for partition streams-plaintext-input-0 failed due to: Topic deletion is disabled., retrying.
2026-07-31 07:27:58,964 WARN  OffsetsForLeaderEpochUtils - Attempt to fetch offsets for partition streams-plaintext-input-0 failed due to: Topic deletion is disabled., retrying.
2026-07-31 07:27:59,064 WARN  OffsetsForLeaderEpochUtils - Attempt to fetch offsets for partition streams-plaintext-input-0 failed due to: Topic deletion is disabled., retrying.
2026-07-31 07:27:59,164 WARN  OffsetsForLeaderEpochUtils - Attempt to fetch offsets for partition streams-plaintext-input-0 failed due to: Topic deletion is disabled., retrying.
2026-07-31 07:27:59,264 WARN  OffsetsForLeaderEpochUtils - Attempt to fetch offsets for partition streams-plaintext-input-0 failed due to: Topic deletion is disabled., retrying.
2026-07-31 07:27:59,364 WARN  OffsetsForLeaderEpochUtils - Attempt to fetch offsets for partition streams-plaintext-input-0 failed due to: Topic deletion is disabled., retrying.
2026-07-31 07:27:59,464 WARN  OffsetsForLeaderEpochUtils - Attempt to fetch offsets for partition streams-plaintext-input-0 failed due to: Topic deletion is disabled., retrying.
2026-07-31 07:27:59,564 WARN  OffsetsForLeaderEpochUtils - Attempt to fetch offsets for partition streams-plaintext-input-0 failed due to: Topic deletion is disabled., retrying.
2026-07-31 07:27:59,664 WARN  OffsetsForLeaderEpochUtils - Attempt to fetch offsets for partition streams-plaintext-input-0 failed due to: Topic deletion is disabled., retrying.
2026-07-31 07:27:59,764 WARN  OffsetsForLeaderEpochUtils - Attempt to fetch offsets for partition streams-plaintext-input-0 failed due to: Topic deletion is disabled., retrying.
2026-07-31 07:27:59,864 WARN  OffsetsForLeaderEpochUtils - Attempt to fetch offsets for partition streams-plaintext-input-0 failed due to: Topic deletion is disabled., retrying.
2026-07-31 07:27:59,964 WARN  OffsetsForLeaderEpochUtils - Attempt to fetch offsets for partition streams-plaintext-input-0 failed due to: Topic deletion is disabled., retrying.
2026-07-31 07:28:00,064 WARN  OffsetsForLeaderEpochUtils - Attempt to fetch offsets for partition streams-plaintext-input-0 failed due to: Topic deletion is disabled., retrying.
2026-07-31 07:28:00,164 WARN  OffsetsForLeaderEpochUtils - Attempt to fetch offsets for partition streams-plaintext-input-0 failed due to: Topic deletion is disabled., retrying.
2026-07-31 07:28:00,264 WARN  OffsetsForLeaderEpochUtils - Attempt to fetch offsets for partition streams-plaintext-input-0 failed due to: Topic deletion is disabled., retrying.
2026-07-31 07:28:00,364 WARN  OffsetsForLeaderEpochUtils - Attempt to fetch offsets for partition streams-plaintext-input-0 failed due to: Topic deletion is disabled., retrying.
2026-07-31 07:28:00,464 WARN  OffsetsForLeaderEpochUtils - Attempt to fetch offsets for partition streams-plaintext-input-0 failed due to: Topic deletion is disabled., retrying.
2026-07-31 07:28:00,564 WARN  OffsetsForLeaderEpochUtils - Attempt to fetch offsets for partition streams-plaintext-input-0 failed due to: Topic deletion is disabled., retrying.
2026-07-31 07:28:00,664 WARN  OffsetsForLeaderEpochUtils - Attempt to fetch offsets for partition streams-plaintext-input-0 failed due to: Topic deletion is disabled., retrying.
2026-07-31 07:28:00,764 WARN  OffsetsForLeaderEpochUtils - Attempt to fetch offsets for partition streams-plaintext-input-0 failed due to: Topic deletion is disabled., retrying.
2026-07-31 07:28:00,864 WARN  OffsetsForLeaderEpochUtils - Attempt to fetch offsets for partition streams-plaintext-input-0 failed due to: Topic deletion is disabled., retrying.
2026-07-31 07:28:00,964 WARN  OffsetsForLeaderEpochUtils - Attempt to fetch offsets for partition streams-plaintext-input-0 failed due to: Topic deletion is disabled., retrying.
2026-07-31 07:28:01,064 WARN  OffsetsForLeaderEpochUtils - Attempt to fetch offsets for partition streams-plaintext-input-0 failed due to: Topic deletion is disabled., retrying.
2026-07-31 07:28:01,164 WARN  OffsetsForLeaderEpochUtils - Attempt to fetch offsets for partition streams-plaintext-input-0 failed due to: Topic deletion is disabled., retrying.
2026-07-31 07:28:01,264 WARN  OffsetsForLeaderEpochUtils - Attempt to fetch offsets for partition streams-plaintext-input-0 failed due to: Topic deletion is disabled., retrying.
2026-07-31 07:28:01,364 WARN  OffsetsForLeaderEpochUtils - Attempt to fetch offsets for partition streams-plaintext-input-0 failed due to: Topic deletion is disabled., retrying.
2026-07-31 07:28:01,464 WARN  OffsetsForLeaderEpochUtils - Attempt to fetch offsets for partition streams-plaintext-input-0 failed due to: Topic deletion is disabled., retrying.
2026-07-31 07:28:01,564 WARN  OffsetsForLeaderEpochUtils - Attempt to fetch offsets for partition streams-plaintext-input-0 failed due to: Topic deletion is disabled., retrying.
2026-07-31 07:28:01,664 WARN  OffsetsForLeaderEpochUtils - Attempt to fetch offsets for partition streams-plaintext-input-0 failed due to: Topic deletion is disabled., retrying.
2026-07-31 07:28:01,764 WARN  OffsetsForLeaderEpochUtils - Attempt to fetch offsets for partition streams-plaintext-input-0 failed due to: Topic deletion is disabled., retrying.
2026-07-31 07:28:01,864 WARN  OffsetsForLeaderEpochUtils - Attempt to fetch offsets for partition streams-plaintext-input-0 failed due to: Topic deletion is disabled., retrying.
2026-07-31 07:28:01,964 WARN  OffsetsForLeaderEpochUtils - Attempt to fetch offsets for partition streams-plaintext-input-0 failed due to: Topic deletion is disabled., retrying.
2026-07-31 07:28:02,064 WARN  OffsetsForLeaderEpochUtils - Attempt to fetch offsets for partition streams-plaintext-input-0 failed due to: Topic deletion is disabled., retrying.
2026-07-31 07:28:02,164 WARN  OffsetsForLeaderEpochUtils - Attempt to fetch offsets for partition streams-plaintext-input-0 failed due to: Topic deletion is disabled., retrying.
2026-07-31 07:28:02,264 WARN  OffsetsForLeaderEpochUtils - Attempt to fetch offsets for partition streams-plaintext-input-0 failed due to: Topic deletion is disabled., retrying.
2026-07-31 07:28:02,364 WARN  OffsetsForLeaderEpochUtils - Attempt to fetch offsets for partition streams-plaintext-input-0 failed due to: Topic deletion is disabled., retrying.
2026-07-31 07:28:02,464 WARN  OffsetsForLeaderEpochUtils - Attempt to fetch offsets for partition streams-plaintext-input-0 failed due to: Topic deletion is disabled., retrying.
2026-07-31 07:28:02,564 WARN  OffsetsForLeaderEpochUtils - Attempt to fetch offsets for partition streams-plaintext-input-0 failed due to: Topic deletion is disabled., retrying.
2026-07-31 07:28:02,664 WARN  OffsetsForLeaderEpochUtils - Attempt to fetch offsets for partition streams-plaintext-input-0 failed due to: Topic deletion is disabled., retrying.
2026-07-31 07:28:02,764 WARN  OffsetsForLeaderEpochUtils - Attempt to fetch offsets for partition streams-plaintext-input-0 failed due to: Topic deletion is disabled., retrying.
2026-07-31 07:28:02,864 WARN  OffsetsForLeaderEpochUtils - Attempt to fetch offsets for partition streams-plaintext-input-0 failed due to: Topic deletion is disabled., retrying.
2026-07-31 07:28:02,964 WARN  OffsetsForLeaderEpochUtils - Attempt to fetch offsets for partition streams-plaintext-input-0 failed due to: Topic deletion is disabled., retrying.
2026-07-31 07:28:03,064 WARN  OffsetsForLeaderEpochUtils - Attempt to fetch offsets for partition streams-plaintext-input-0 failed due to: Topic deletion is disabled., retrying.
2026-07-31 07:28:03,164 WARN  OffsetsForLeaderEpochUtils - Attempt to fetch offsets for partition streams-plaintext-input-0 failed due to: Topic deletion is disabled., retrying.
2026-07-31 07:28:03,264 WARN  OffsetsForLeaderEpochUtils - Attempt to fetch offsets for partition streams-plaintext-input-0 failed due to: Topic deletion is disabled., retrying.
2026-07-31 07:28:03,364 WARN  OffsetsForLeaderEpochUtils - Attempt to fetch offsets for partition streams-plaintext-input-0 failed due to: Topic deletion is disabled., retrying.
2026-07-31 07:28:03,464 WARN  OffsetsForLeaderEpochUtils - Attempt to fetch offsets for partition streams-plaintext-input-0 failed due to: Topic deletion is disabled., retrying.
2026-07-31 07:28:03,564 WARN  OffsetsForLeaderEpochUtils - Attempt to fetch offsets for partition streams-plaintext-input-0 failed due to: Topic deletion is disabled., retrying.
2026-07-31 07:28:03,664 WARN  OffsetsForLeaderEpochUtils - Attempt to fetch offsets for partition streams-plaintext-input-0 failed due to: Topic deletion is disabled., retrying.
2026-07-31 07:28:03,764 WARN  OffsetsForLeaderEpochUtils - Attempt to fetch offsets for partition streams-plaintext-input-0 failed due to: Topic deletion is disabled., retrying.
2026-07-31 07:28:03,864 WARN  OffsetsForLeaderEpochUtils - Attempt to fetch offsets for partition streams-plaintext-input-0 failed due to: Topic deletion is disabled., retrying.
2026-07-31 07:28:03,964 WARN  OffsetsForLeaderEpochUtils - Attempt to fetch offsets for partition streams-plaintext-input-0 failed due to: Topic deletion is disabled., retrying.
2026-07-31 07:28:04,064 WARN  OffsetsForLeaderEpochUtils - Attempt to fetch offsets for partition streams-plaintext-input-0 failed due to: Topic deletion is disabled., retrying.
2026-07-31 07:28:04,164 WARN  OffsetsForLeaderEpochUtils - Attempt to fetch offsets for partition streams-plaintext-input-0 failed due to: Topic deletion is disabled., retrying.
2026-07-31 07:28:04,264 WARN  OffsetsForLeaderEpochUtils - Attempt to fetch offsets for partition streams-plaintext-input-0 failed due to: Topic deletion is disabled., retrying.
2026-07-31 07:28:04,364 WARN  OffsetsForLeaderEpochUtils - Attempt to fetch offsets for partition streams-plaintext-input-0 failed due to: Topic deletion is disabled., retrying.
2026-07-31 07:28:04,464 WARN  OffsetsForLeaderEpochUtils - Attempt to fetch offsets for partition streams-plaintext-input-0 failed due to: Topic deletion is disabled., retrying.
2026-07-31 07:28:04,564 WARN  OffsetsForLeaderEpochUtils - Attempt to fetch offsets for partition streams-plaintext-input-0 failed due to: Topic deletion is disabled., retrying.
2026-07-31 07:28:04,664 WARN  OffsetsForLeaderEpochUtils - Attempt to fetch offsets for partition streams-plaintext-input-0 failed due to: Topic deletion is disabled., retrying.
2026-07-31 07:28:04,764 WARN  OffsetsForLeaderEpochUtils - Attempt to fetch offsets for partition streams-plaintext-input-0 failed due to: Topic deletion is disabled., retrying.
2026-07-31 07:28:04,864 WARN  OffsetsForLeaderEpochUtils - Attempt to fetch offsets for partition streams-plaintext-input-0 failed due to: Topic deletion is disabled., retrying.
2026-07-31 07:28:04,964 WARN  OffsetsForLeaderEpochUtils - Attempt to fetch offsets for partition streams-plaintext-input-0 failed due to: Topic deletion is disabled., retrying.
2026-07-31 07:28:05,064 WARN  OffsetsForLeaderEpochUtils - Attempt to fetch offsets for partition streams-plaintext-input-0 failed due to: Topic deletion is disabled., retrying.
2026-07-31 07:28:05,164 WARN  OffsetsForLeaderEpochUtils - Attempt to fetch offsets for partition streams-plaintext-input-0 failed due to: Topic deletion is disabled., retrying.
2026-07-31 07:28:05,264 WARN  OffsetsForLeaderEpochUtils - Attempt to fetch offsets for partition streams-plaintext-input-0 failed due to: Topic deletion is disabled., retrying.
2026-07-31 07:28:05,364 WARN  OffsetsForLeaderEpochUtils - Attempt to fetch offsets for partition streams-plaintext-input-0 failed due to: Topic deletion is disabled., retrying.
2026-07-31 07:28:05,464 WARN  OffsetsForLeaderEpochUtils - Attempt to fetch offsets for partition streams-plaintext-input-0 failed due to: Topic deletion is disabled., retrying.
2026-07-31 07:28:05,564 WARN  OffsetsForLeaderEpochUtils - Attempt to fetch offsets for partition streams-plaintext-input-0 failed due to: Topic deletion is disabled., retrying.
2026-07-31 07:28:05,664 WARN  OffsetsForLeaderEpochUtils - Attempt to fetch offsets for partition streams-plaintext-input-0 failed due to: Topic deletion is disabled., retrying.
2026-07-31 07:28:05,764 WARN  OffsetsForLeaderEpochUtils - Attempt to fetch offsets for partition streams-plaintext-input-0 failed due to: Topic deletion is disabled., retrying.
2026-07-31 07:28:05,864 WARN  OffsetsForLeaderEpochUtils - Attempt to fetch offsets for partition streams-plaintext-input-0 failed due to: Topic deletion is disabled., retrying.
2026-07-31 07:28:05,964 WARN  OffsetsForLeaderEpochUtils - Attempt to fetch offsets for partition streams-plaintext-input-0 failed due to: Topic deletion is disabled., retrying.
2026-07-31 07:28:06,064 WARN  OffsetsForLeaderEpochUtils - Attempt to fetch offsets for partition streams-plaintext-input-0 failed due to: Topic deletion is disabled., retrying.
2026-07-31 07:28:06,164 WARN  OffsetsForLeaderEpochUtils - Attempt to fetch offsets for partition streams-plaintext-input-0 failed due to: Topic deletion is disabled., retrying.
2026-07-31 07:28:06,264 WARN  OffsetsForLeaderEpochUtils - Attempt to fetch offsets for partition streams-plaintext-input-0 failed due to: Topic deletion is disabled., retrying.
2026-07-31 07:28:06,364 WARN  OffsetsForLeaderEpochUtils - Attempt to fetch offsets for partition streams-plaintext-input-0 failed due to: Topic deletion is disabled., retrying.
2026-07-31 07:28:06,464 WARN  OffsetsForLeaderEpochUtils - Attempt to fetch offsets for partition streams-plaintext-input-0 failed due to: Topic deletion is disabled., retrying.
2026-07-31 07:28:06,564 WARN  OffsetsForLeaderEpochUtils - Attempt to fetch offsets for partition streams-plaintext-input-0 failed due to: Topic deletion is disabled., retrying.
2026-07-31 07:28:06,664 WARN  OffsetsForLeaderEpochUtils - Attempt to fetch offsets for partition streams-plaintext-input-0 failed due to: Topic deletion is disabled., retrying.
2026-07-31 07:28:06,764 WARN  OffsetsForLeaderEpochUtils - Attempt to fetch offsets for partition streams-plaintext-input-0 failed due to: Topic deletion is disabled., retrying.
2026-07-31 07:28:06,864 WARN  OffsetsForLeaderEpochUtils - Attempt to fetch offsets for partition streams-plaintext-input-0 failed due to: Topic deletion is disabled., retrying.
2026-07-31 07:28:06,964 WARN  OffsetsForLeaderEpochUtils - Attempt to fetch offsets for partition streams-plaintext-input-0 failed due to: Topic deletion is disabled., retrying.
2026-07-31 07:28:07,064 WARN  OffsetsForLeaderEpochUtils - Attempt to fetch offsets for partition streams-plaintext-input-0 failed due to: Topic deletion is disabled., retrying.
2026-07-31 07:28:07,164 WARN  OffsetsForLeaderEpochUtils - Attempt to fetch offsets for partition streams-plaintext-input-0 failed due to: Topic deletion is disabled., retrying.
2026-07-31 07:28:07,264 WARN  OffsetsForLeaderEpochUtils - Attempt to fetch offsets for partition streams-plaintext-input-0 failed due to: Topic deletion is disabled., retrying.
2026-07-31 07:28:07,364 WARN  OffsetsForLeaderEpochUtils - Attempt to fetch offsets for partition streams-plaintext-input-0 failed due to: Topic deletion is disabled., retrying.
2026-07-31 07:28:07,464 WARN  OffsetsForLeaderEpochUtils - Attempt to fetch offsets for partition streams-plaintext-input-0 failed due to: Topic deletion is disabled., retrying.
2026-07-31 07:28:07,564 WARN  OffsetsForLeaderEpochUtils - Attempt to fetch offsets for partition streams-plaintext-input-0 failed due to: Topic deletion is disabled., retrying.
2026-07-31 07:28:07,664 WARN  OffsetsForLeaderEpochUtils - Attempt to fetch offsets for partition streams-plaintext-input-0 failed due to: Topic deletion is disabled., retrying.
2026-07-31 07:28:07,764 WARN  OffsetsForLeaderEpochUtils - Attempt to fetch offsets for partition streams-plaintext-input-0 failed due to: Topic deletion is disabled., retrying.
2026-07-31 07:28:07,864 WARN  OffsetsForLeaderEpochUtils - Attempt to fetch offsets for partition streams-plaintext-input-0 failed due to: Topic deletion is disabled., retrying.
2026-07-31 07:28:07,964 WARN  OffsetsForLeaderEpochUtils - Attempt to fetch offsets for partition streams-plaintext-input-0 failed due to: Topic deletion is disabled., retrying.
2026-07-31 07:28:08,064 WARN  OffsetsForLeaderEpochUtils - Attempt to fetch offsets for partition streams-plaintext-input-0 failed due to: Topic deletion is disabled., retrying.
2026-07-31 07:28:08,164 WARN  OffsetsForLeaderEpochUtils - Attempt to fetch offsets for partition streams-plaintext-input-0 failed due to: Topic deletion is disabled., retrying.
2026-07-31 07:28:08,264 WARN  OffsetsForLeaderEpochUtils - Attempt to fetch offsets for partition streams-plaintext-input-0 failed due to: Topic deletion is disabled., retrying.
2026-07-31 07:28:08,364 WARN  OffsetsForLeaderEpochUtils - Attempt to fetch offsets for partition streams-plaintext-input-0 failed due to: Topic deletion is disabled., retrying.
2026-07-31 07:28:08,464 WARN  OffsetsForLeaderEpochUtils - Attempt to fetch offsets for partition streams-plaintext-input-0 failed due to: Topic deletion is disabled., retrying.
2026-07-31 07:28:08,564 WARN  OffsetsForLeaderEpochUtils - Attempt to fetch offsets for partition streams-plaintext-input-0 failed due to: Topic deletion is disabled., retrying.
2026-07-31 07:28:08,664 WARN  OffsetsForLeaderEpochUtils - Attempt to fetch offsets for partition streams-plaintext-input-0 failed due to: Topic deletion is disabled., retrying.
2026-07-31 07:28:08,764 WARN  OffsetsForLeaderEpochUtils - Attempt to fetch offsets for partition streams-plaintext-input-0 failed due to: Topic deletion is disabled., retrying.
2026-07-31 07:28:08,864 WARN  OffsetsForLeaderEpochUtils - Attempt to fetch offsets for partition streams-plaintext-input-0 failed due to: Topic deletion is disabled., retrying.
2026-07-31 07:28:08,964 WARN  OffsetsForLeaderEpochUtils - Attempt to fetch offsets for partition streams-plaintext-input-0 failed due to: Topic deletion is disabled., retrying.
2026-07-31 07:28:09,064 WARN  OffsetsForLeaderEpochUtils - Attempt to fetch offsets for partition streams-plaintext-input-0 failed due to: Topic deletion is disabled., retrying.
2026-07-31 07:28:09,164 WARN  OffsetsForLeaderEpochUtils - Attempt to fetch offsets for partition streams-plaintext-input-0 failed due to: Topic deletion is disabled., retrying.
2026-07-31 07:28:09,264 WARN  OffsetsForLeaderEpochUtils - Attempt to fetch offsets for partition streams-plaintext-input-0 failed due to: Topic deletion is disabled., retrying.
2026-07-31 07:28:09,364 WARN  OffsetsForLeaderEpochUtils - Attempt to fetch offsets for partition streams-plaintext-input-0 failed due to: Topic deletion is disabled., retrying.
2026-07-31 07:28:09,464 WARN  OffsetsForLeaderEpochUtils - Attempt to fetch offsets for partition streams-plaintext-input-0 failed due to: Topic deletion is disabled., retrying.
2026-07-31 07:28:09,564 WARN  OffsetsForLeaderEpochUtils - Attempt to fetch offsets for partition streams-plaintext-input-0 failed due to: Topic deletion is disabled., retrying.
2026-07-31 07:28:09,664 WARN  OffsetsForLeaderEpochUtils - Attempt to fetch offsets for partition streams-plaintext-input-0 failed due to: Topic deletion is disabled., retrying.
2026-07-31 07:28:09,764 WARN  OffsetsForLeaderEpochUtils - Attempt to fetch offsets for partition streams-plaintext-input-0 failed due to: Topic deletion is disabled., retrying.
2026-07-31 07:28:09,864 WARN  OffsetsForLeaderEpochUtils - Attempt to fetch offsets for partition streams-plaintext-input-0 failed due to: Topic deletion is disabled., retrying.
2026-07-31 07:28:09,964 WARN  OffsetsForLeaderEpochUtils - Attempt to fetch offsets for partition streams-plaintext-input-0 failed due to: Topic deletion is disabled., retrying.
2026-07-31 07:28:10,064 WARN  OffsetsForLeaderEpochUtils - Attempt to fetch offsets for partition streams-plaintext-input-0 failed due to: Topic deletion is disabled., retrying.
2026-07-31 07:28:10,164 WARN  OffsetsForLeaderEpochUtils - Attempt to fetch offsets for partition streams-plaintext-input-0 failed due to: Topic deletion is disabled., retrying.
2026-07-31 07:28:10,264 WARN  OffsetsForLeaderEpochUtils - Attempt to fetch offsets for partition streams-plaintext-input-0 failed due to: Topic deletion is disabled., retrying.
2026-07-31 07:28:10,364 WARN  OffsetsForLeaderEpochUtils - Attempt to fetch offsets for partition streams-plaintext-input-0 failed due to: Topic deletion is disabled., retrying.
2026-07-31 07:28:10,464 WARN  OffsetsForLeaderEpochUtils - Attempt to fetch offsets for partition streams-plaintext-input-0 failed due to: Topic deletion is disabled., retrying.
2026-07-31 07:28:10,564 WARN  OffsetsForLeaderEpochUtils - Attempt to fetch offsets for partition streams-plaintext-input-0 failed due to: Topic deletion is disabled., retrying.
2026-07-31 07:28:10,664 WARN  OffsetsForLeaderEpochUtils - Attempt to fetch offsets for partition streams-plaintext-input-0 failed due to: Topic deletion is disabled., retrying.
2026-07-31 07:28:10,764 WARN  OffsetsForLeaderEpochUtils - Attempt to fetch offsets for partition streams-plaintext-input-0 failed due to: Topic deletion is disabled., retrying.
2026-07-31 07:28:10,864 WARN  OffsetsForLeaderEpochUtils - Attempt to fetch offsets for partition streams-plaintext-input-0 failed due to: Topic deletion is disabled., retrying.
2026-07-31 07:28:10,964 WARN  OffsetsForLeaderEpochUtils - Attempt to fetch offsets for partition streams-plaintext-input-0 failed due to: Topic deletion is disabled., retrying.
2026-07-31 07:28:11,064 WARN  OffsetsForLeaderEpochUtils - Attempt to fetch offsets for partition streams-plaintext-input-0 failed due to: Topic deletion is disabled., retrying.
2026-07-31 07:28:11,164 WARN  OffsetsForLeaderEpochUtils - Attempt to fetch offsets for partition streams-plaintext-input-0 failed due to: Topic deletion is disabled., retrying.
2026-07-31 07:28:11,264 WARN  OffsetsForLeaderEpochUtils - Attempt to fetch offsets for partition streams-plaintext-input-0 failed due to: Topic deletion is disabled., retrying.
2026-07-31 07:28:11,364 WARN  OffsetsForLeaderEpochUtils - Attempt to fetch offsets for partition streams-plaintext-input-0 failed due to: Topic deletion is disabled., retrying.
2026-07-31 07:28:11,464 WARN  OffsetsForLeaderEpochUtils - Attempt to fetch offsets for partition streams-plaintext-input-0 failed due to: Topic deletion is disabled., retrying.
2026-07-31 07:28:11,564 WARN  OffsetsForLeaderEpochUtils - Attempt to fetch offsets for partition streams-plaintext-input-0 failed due to: Topic deletion is disabled., retrying.
2026-07-31 07:28:11,664 WARN  OffsetsForLeaderEpochUtils - Attempt to fetch offsets for partition streams-plaintext-input-0 failed due to: Topic deletion is disabled., retrying.
2026-07-31 07:28:11,764 WARN  OffsetsForLeaderEpochUtils - Attempt to fetch offsets for partition streams-plaintext-input-0 failed due to: Topic deletion is disabled., retrying.
2026-07-31 07:28:11,864 WARN  OffsetsForLeaderEpochUtils - Attempt to fetch offsets for partition streams-plaintext-input-0 failed due to: Topic deletion is disabled., retrying.
2026-07-31 07:28:11,964 WARN  OffsetsForLeaderEpochUtils - Attempt to fetch offsets for partition streams-plaintext-input-0 failed due to: Topic deletion is disabled., retrying.
2026-07-31 07:28:12,064 WARN  OffsetsForLeaderEpochUtils - Attempt to fetch offsets for partition streams-plaintext-input-0 failed due to: Topic deletion is disabled., retrying.
2026-07-31 07:28:12,164 WARN  OffsetsForLeaderEpochUtils - Attempt to fetch offsets for partition streams-plaintext-input-0 failed due to: Topic deletion is disabled., retrying.
2026-07-31 07:28:12,264 WARN  OffsetsForLeaderEpochUtils - Attempt to fetch offsets for partition streams-plaintext-input-0 failed due to: Topic deletion is disabled., retrying.
2026-07-31 07:28:12,364 WARN  OffsetsForLeaderEpochUtils - Attempt to fetch offsets for partition streams-plaintext-input-0 failed due to: Topic deletion is disabled., retrying.
2026-07-31 07:28:12,464 WARN  OffsetsForLeaderEpochUtils - Attempt to fetch offsets for partition streams-plaintext-input-0 failed due to: Topic deletion is disabled., retrying.
2026-07-31 07:28:12,564 WARN  OffsetsForLeaderEpochUtils - Attempt to fetch offsets for partition streams-plaintext-input-0 failed due to: Topic deletion is disabled., retrying.
2026-07-31 07:28:12,664 WARN  OffsetsForLeaderEpochUtils - Attempt to fetch offsets for partition streams-plaintext-input-0 failed due to: Topic deletion is disabled., retrying.
2026-07-31 07:28:12,764 WARN  OffsetsForLeaderEpochUtils - Attempt to fetch offsets for partition streams-plaintext-input-0 failed due to: Topic deletion is disabled., retrying.
2026-07-31 07:28:12,864 WARN  OffsetsForLeaderEpochUtils - Attempt to fetch offsets for partition streams-plaintext-input-0 failed due to: Topic deletion is disabled., retrying.
2026-07-31 07:28:12,964 WARN  OffsetsForLeaderEpochUtils - Attempt to fetch offsets for partition streams-plaintext-input-0 failed due to: Topic deletion is disabled., retrying.
2026-07-31 07:28:13,064 WARN  OffsetsForLeaderEpochUtils - Attempt to fetch offsets for partition streams-plaintext-input-0 failed due to: Topic deletion is disabled., retrying.
2026-07-31 07:28:13,164 WARN  OffsetsForLeaderEpochUtils - Attempt to fetch offsets for partition streams-plaintext-input-0 failed due to: Topic deletion is disabled., retrying.
2026-07-31 07:28:13,265 WARN  OffsetsForLeaderEpochUtils - Attempt to fetch offsets for partition streams-plaintext-input-0 failed due to: Topic deletion is disabled., retrying.
2026-07-31 07:28:13,365 WARN  OffsetsForLeaderEpochUtils - Attempt to fetch offsets for partition streams-plaintext-input-0 failed due to: Topic deletion is disabled., retrying.
2026-07-31 07:28:13,465 WARN  OffsetsForLeaderEpochUtils - Attempt to fetch offsets for partition streams-plaintext-input-0 failed due to: Topic deletion is disabled., retrying.
2026-07-31 07:28:13,565 WARN  OffsetsForLeaderEpochUtils - Attempt to fetch offsets for partition streams-plaintext-input-0 failed due to: Topic deletion is disabled., retrying.
2026-07-31 07:28:13,665 WARN  OffsetsForLeaderEpochUtils - Attempt to fetch offsets for partition streams-plaintext-input-0 failed due to: Topic deletion is disabled., retrying.
2026-07-31 07:28:13,765 WARN  OffsetsForLeaderEpochUtils - Attempt to fetch offsets for partition streams-plaintext-input-0 failed due to: Topic deletion is disabled., retrying.
2026-07-31 07:28:13,865 WARN  OffsetsForLeaderEpochUtils - Attempt to fetch offsets for partition streams-plaintext-input-0 failed due to: Topic deletion is disabled., retrying.
2026-07-31 07:28:13,965 WARN  OffsetsForLeaderEpochUtils - Attempt to fetch offsets for partition streams-plaintext-input-0 failed due to: Topic deletion is disabled., retrying.
2026-07-31 07:28:14,065 WARN  OffsetsForLeaderEpochUtils - Attempt to fetch offsets for partition streams-plaintext-input-0 failed due to: Topic deletion is disabled., retrying.
2026-07-31 07:28:14,165 WARN  OffsetsForLeaderEpochUtils - Attempt to fetch offsets for partition streams-plaintext-input-0 failed due to: Topic deletion is disabled., retrying.
2026-07-31 07:28:14,265 WARN  OffsetsForLeaderEpochUtils - Attempt to fetch offsets for partition streams-plaintext-input-0 failed due to: Topic deletion is disabled., retrying.
2026-07-31 07:28:14,365 WARN  OffsetsForLeaderEpochUtils - Attempt to fetch offsets for partition streams-plaintext-input-0 failed due to: Topic deletion is disabled., retrying.
2026-07-31 07:28:14,465 WARN  OffsetsForLeaderEpochUtils - Attempt to fetch offsets for partition streams-plaintext-input-0 failed due to: Topic deletion is disabled., retrying.
2026-07-31 07:28:14,565 WARN  OffsetsForLeaderEpochUtils - Attempt to fetch offsets for partition streams-plaintext-input-0 failed due to: Topic deletion is disabled., retrying.
2026-07-31 07:28:14,665 WARN  OffsetsForLeaderEpochUtils - Attempt to fetch offsets for partition streams-plaintext-input-0 failed due to: Topic deletion is disabled., retrying.
2026-07-31 07:28:14,765 WARN  OffsetsForLeaderEpochUtils - Attempt to fetch offsets for partition streams-plaintext-input-0 failed due to: Topic deletion is disabled., retrying.
2026-07-31 07:28:14,865 WARN  OffsetsForLeaderEpochUtils - Attempt to fetch offsets for partition streams-plaintext-input-0 failed due to: Topic deletion is disabled., retrying.
2026-07-31 07:28:14,965 WARN  OffsetsForLeaderEpochUtils - Attempt to fetch offsets for partition streams-plaintext-input-0 failed due to: Topic deletion is disabled., retrying.
2026-07-31 07:28:15,065 WARN  OffsetsForLeaderEpochUtils - Attempt to fetch offsets for partition streams-plaintext-input-0 failed due to: Topic deletion is disabled., retrying.
2026-07-31 07:28:15,165 WARN  OffsetsForLeaderEpochUtils - Attempt to fetch offsets for partition streams-plaintext-input-0 failed due to: Topic deletion is disabled., retrying.
2026-07-31 07:28:15,265 WARN  OffsetsForLeaderEpochUtils - Attempt to fetch offsets for partition streams-plaintext-input-0 failed due to: Topic deletion is disabled., retrying.
2026-07-31 07:28:15,365 WARN  OffsetsForLeaderEpochUtils - Attempt to fetch offsets for partition streams-plaintext-input-0 failed due to: Topic deletion is disabled., retrying.
2026-07-31 07:28:15,465 WARN  OffsetsForLeaderEpochUtils - Attempt to fetch offsets for partition streams-plaintext-input-0 failed due to: Topic deletion is disabled., retrying.
2026-07-31 07:28:15,565 WARN  OffsetsForLeaderEpochUtils - Attempt to fetch offsets for partition streams-plaintext-input-0 failed due to: Topic deletion is disabled., retrying.
2026-07-31 07:28:15,665 WARN  OffsetsForLeaderEpochUtils - Attempt to fetch offsets for partition streams-plaintext-input-0 failed due to: Topic deletion is disabled., retrying.
2026-07-31 07:28:15,765 WARN  OffsetsForLeaderEpochUtils - Attempt to fetch offsets for partition streams-plaintext-input-0 failed due to: Topic deletion is disabled., retrying.
2026-07-31 07:28:15,865 WARN  OffsetsForLeaderEpochUtils - Attempt to fetch offsets for partition streams-plaintext-input-0 failed due to: Topic deletion is disabled., retrying.
2026-07-31 07:28:15,965 WARN  OffsetsForLeaderEpochUtils - Attempt to fetch offsets for partition streams-plaintext-input-0 failed due to: Topic deletion is disabled., retrying.
2026-07-31 07:28:16,065 WARN  OffsetsForLeaderEpochUtils - Attempt to fetch offsets for partition streams-plaintext-input-0 failed due to: Topic deletion is disabled., retrying.
2026-07-31 07:28:16,165 WARN  OffsetsForLeaderEpochUtils - Attempt to fetch offsets for partition streams-plaintext-input-0 failed due to: Topic deletion is disabled., retrying.
2026-07-31 07:28:16,265 WARN  OffsetsForLeaderEpochUtils - Attempt to fetch offsets for partition streams-plaintext-input-0 failed due to: Topic deletion is disabled., retrying.
2026-07-31 07:28:16,365 WARN  OffsetsForLeaderEpochUtils - Attempt to fetch offsets for partition streams-plaintext-input-0 failed due to: Topic deletion is disabled., retrying.
2026-07-31 07:28:16,465 WARN  OffsetsForLeaderEpochUtils - Attempt to fetch offsets for partition streams-plaintext-input-0 failed due to: Topic deletion is disabled., retrying.
2026-07-31 07:28:16,565 WARN  OffsetsForLeaderEpochUtils - Attempt to fetch offsets for partition streams-plaintext-input-0 failed due to: Topic deletion is disabled., retrying.
2026-07-31 07:28:16,665 WARN  OffsetsForLeaderEpochUtils - Attempt to fetch offsets for partition streams-plaintext-input-0 failed due to: Topic deletion is disabled., retrying.
2026-07-31 07:28:16,765 WARN  OffsetsForLeaderEpochUtils - Attempt to fetch offsets for partition streams-plaintext-input-0 failed due to: Topic deletion is disabled., retrying.
2026-07-31 07:28:16,865 WARN  OffsetsForLeaderEpochUtils - Attempt to fetch offsets for partition streams-plaintext-input-0 failed due to: Topic deletion is disabled., retrying.
2026-07-31 07:28:16,965 WARN  OffsetsForLeaderEpochUtils - Attempt to fetch offsets for partition streams-plaintext-input-0 failed due to: Topic deletion is disabled., retrying.
2026-07-31 07:28:17,065 WARN  OffsetsForLeaderEpochUtils - Attempt to fetch offsets for partition streams-plaintext-input-0 failed due to: Topic deletion is disabled., retrying.
2026-07-31 07:28:17,165 WARN  OffsetsForLeaderEpochUtils - Attempt to fetch offsets for partition streams-plaintext-input-0 failed due to: Topic deletion is disabled., retrying.
2026-07-31 07:28:17,265 WARN  OffsetsForLeaderEpochUtils - Attempt to fetch offsets for partition streams-plaintext-input-0 failed due to: Topic deletion is disabled., retrying.
2026-07-31 07:28:17,365 WARN  OffsetsForLeaderEpochUtils - Attempt to fetch offsets for partition streams-plaintext-input-0 failed due to: Topic deletion is disabled., retrying.
2026-07-31 07:28:17,465 WARN  OffsetsForLeaderEpochUtils - Attempt to fetch offsets for partition streams-plaintext-input-0 failed due to: Topic deletion is disabled., retrying.
2026-07-31 07:28:17,559 INFO  StreamThread - stream-thread [skafka-go-streams-wordcount-1a74447b-5fdf-40ea-9611-cfd9e4fde9ec-StreamThread-1] Processed 0 total records, ran 0 punctuators, and committed 0 total tasks since the last update
2026-07-31 07:28:17,565 WARN  OffsetsForLeaderEpochUtils - Attempt to fetch offsets for partition streams-plaintext-input-0 failed due to: Topic deletion is disabled., retrying.
2026-07-31 07:28:17,665 WARN  OffsetsForLeaderEpochUtils - Attempt to fetch offsets for partition streams-plaintext-input-0 failed due to: Topic deletion is disabled., retrying.
2026-07-31 07:28:17,765 WARN  OffsetsForLeaderEpochUtils - Attempt to fetch offsets for partition streams-plaintext-input-0 failed due to: Topic deletion is disabled., retrying.
2026-07-31 07:28:17,865 WARN  OffsetsForLeaderEpochUtils - Attempt to fetch offsets for partition streams-plaintext-input-0 failed due to: Topic deletion is disabled., retrying.
2026-07-31 07:28:17,965 WARN  OffsetsForLeaderEpochUtils - Attempt to fetch offsets for partition streams-plaintext-input-0 failed due to: Topic deletion is disabled., retrying.
2026-07-31 07:28:18,065 WARN  OffsetsForLeaderEpochUtils - Attempt to fetch offsets for partition streams-plaintext-input-0 failed due to: Topic deletion is disabled., retrying.
2026-07-31 07:28:18,165 WARN  OffsetsForLeaderEpochUtils - Attempt to fetch offsets for partition streams-plaintext-input-0 failed due to: Topic deletion is disabled., retrying.
2026-07-31 07:28:18,265 WARN  OffsetsForLeaderEpochUtils - Attempt to fetch offsets for partition streams-plaintext-input-0 failed due to: Topic deletion is disabled., retrying.
2026-07-31 07:28:18,365 WARN  OffsetsForLeaderEpochUtils - Attempt to fetch offsets for partition streams-plaintext-input-0 failed due to: Topic deletion is disabled., retrying.
2026-07-31 07:28:18,465 WARN  OffsetsForLeaderEpochUtils - Attempt to fetch offsets for partition streams-plaintext-input-0 failed due to: Topic deletion is disabled., retrying.
2026-07-31 07:28:18,565 WARN  OffsetsForLeaderEpochUtils - Attempt to fetch offsets for partition streams-plaintext-input-0 failed due to: Topic deletion is disabled., retrying.
2026-07-31 07:28:18,665 WARN  OffsetsForLeaderEpochUtils - Attempt to fetch offsets for partition streams-plaintext-input-0 failed due to: Topic deletion is disabled., retrying.
2026-07-31 07:28:18,765 WARN  OffsetsForLeaderEpochUtils - Attempt to fetch offsets for partition streams-plaintext-input-0 failed due to: Topic deletion is disabled., retrying.
2026-07-31 07:28:18,865 WARN  OffsetsForLeaderEpochUtils - Attempt to fetch offsets for partition streams-plaintext-input-0 failed due to: Topic deletion is disabled., retrying.
2026-07-31 07:28:18,965 WARN  OffsetsForLeaderEpochUtils - Attempt to fetch offsets for partition streams-plaintext-input-0 failed due to: Topic deletion is disabled., retrying.
2026-07-31 07:28:19,065 WARN  OffsetsForLeaderEpochUtils - Attempt to fetch offsets for partition streams-plaintext-input-0 failed due to: Topic deletion is disabled., retrying.
2026-07-31 07:28:19,165 WARN  OffsetsForLeaderEpochUtils - Attempt to fetch offsets for partition streams-plaintext-input-0 failed due to: Topic deletion is disabled., retrying.
2026-07-31 07:28:19,265 WARN  OffsetsForLeaderEpochUtils - Attempt to fetch offsets for partition streams-plaintext-input-0 failed due to: Topic deletion is disabled., retrying.
2026-07-31 07:28:19,365 WARN  OffsetsForLeaderEpochUtils - Attempt to fetch offsets for partition streams-plaintext-input-0 failed due to: Topic deletion is disabled., retrying.
2026-07-31 07:28:19,465 WARN  OffsetsForLeaderEpochUtils - Attempt to fetch offsets for partition streams-plaintext-input-0 failed due to: Topic deletion is disabled., retrying.
2026-07-31 07:28:19,565 WARN  OffsetsForLeaderEpochUtils - Attempt to fetch offsets for partition streams-plaintext-input-0 failed due to: Topic deletion is disabled., retrying.
2026-07-31 07:28:19,665 WARN  OffsetsForLeaderEpochUtils - Attempt to fetch offsets for partition streams-plaintext-input-0 failed due to: Topic deletion is disabled., retrying.
2026-07-31 07:28:19,765 WARN  OffsetsForLeaderEpochUtils - Attempt to fetch offsets for partition streams-plaintext-input-0 failed due to: Topic deletion is disabled., retrying.
2026-07-31 07:28:19,865 WARN  OffsetsForLeaderEpochUtils - Attempt to fetch offsets for partition streams-plaintext-input-0 failed due to: Topic deletion is disabled., retrying.
2026-07-31 07:28:19,965 WARN  OffsetsForLeaderEpochUtils - Attempt to fetch offsets for partition streams-plaintext-input-0 failed due to: Topic deletion is disabled., retrying.
2026-07-31 07:28:20,065 WARN  OffsetsForLeaderEpochUtils - Attempt to fetch offsets for partition streams-plaintext-input-0 failed due to: Topic deletion is disabled., retrying.
2026-07-31 07:28:20,165 WARN  OffsetsForLeaderEpochUtils - Attempt to fetch offsets for partition streams-plaintext-input-0 failed due to: Topic deletion is disabled., retrying.
2026-07-31 07:28:20,265 WARN  OffsetsForLeaderEpochUtils - Attempt to fetch offsets for partition streams-plaintext-input-0 failed due to: Topic deletion is disabled., retrying.
2026-07-31 07:28:20,365 WARN  OffsetsForLeaderEpochUtils - Attempt to fetch offsets for partition streams-plaintext-input-0 failed due to: Topic deletion is disabled., retrying.
2026-07-31 07:28:20,465 WARN  OffsetsForLeaderEpochUtils - Attempt to fetch offsets for partition streams-plaintext-input-0 failed due to: Topic deletion is disabled., retrying.
2026-07-31 07:28:20,565 WARN  OffsetsForLeaderEpochUtils - Attempt to fetch offsets for partition streams-plaintext-input-0 failed due to: Topic deletion is disabled., retrying.
2026-07-31 07:28:20,665 WARN  OffsetsForLeaderEpochUtils - Attempt to fetch offsets for partition streams-plaintext-input-0 failed due to: Topic deletion is disabled., retrying.
2026-07-31 07:28:20,765 WARN  OffsetsForLeaderEpochUtils - Attempt to fetch offsets for partition streams-plaintext-input-0 failed due to: Topic deletion is disabled., retrying.
2026-07-31 07:28:20,865 WARN  OffsetsForLeaderEpochUtils - Attempt to fetch offsets for partition streams-plaintext-input-0 failed due to: Topic deletion is disabled., retrying.
2026-07-31 07:28:20,965 WARN  OffsetsForLeaderEpochUtils - Attempt to fetch offsets for partition streams-plaintext-input-0 failed due to: Topic deletion is disabled., retrying.
2026-07-31 07:28:21,065 WARN  OffsetsForLeaderEpochUtils - Attempt to fetch offsets for partition streams-plaintext-input-0 failed due to: Topic deletion is disabled., retrying.
2026-07-31 07:28:21,165 WARN  OffsetsForLeaderEpochUtils - Attempt to fetch offsets for partition streams-plaintext-input-0 failed due to: Topic deletion is disabled., retrying.
2026-07-31 07:28:21,265 WARN  OffsetsForLeaderEpochUtils - Attempt to fetch offsets for partition streams-plaintext-input-0 failed due to: Topic deletion is disabled., retrying.
2026-07-31 07:28:21,365 WARN  OffsetsForLeaderEpochUtils - Attempt to fetch offsets for partition streams-plaintext-input-0 failed due to: Topic deletion is disabled., retrying.
2026-07-31 07:28:21,465 WARN  OffsetsForLeaderEpochUtils - Attempt to fetch offsets for partition streams-plaintext-input-0 failed due to: Topic deletion is disabled., retrying.
2026-07-31 07:28:21,565 WARN  OffsetsForLeaderEpochUtils - Attempt to fetch offsets for partition streams-plaintext-input-0 failed due to: Topic deletion is disabled., retrying.
2026-07-31 07:28:21,665 WARN  OffsetsForLeaderEpochUtils - Attempt to fetch offsets for partition streams-plaintext-input-0 failed due to: Topic deletion is disabled., retrying.
2026-07-31 07:28:21,765 WARN  OffsetsForLeaderEpochUtils - Attempt to fetch offsets for partition streams-plaintext-input-0 failed due to: Topic deletion is disabled., retrying.
2026-07-31 07:28:21,865 WARN  OffsetsForLeaderEpochUtils - Attempt to fetch offsets for partition streams-plaintext-input-0 failed due to: Topic deletion is disabled., retrying.
2026-07-31 07:28:21,965 WARN  OffsetsForLeaderEpochUtils - Attempt to fetch offsets for partition streams-plaintext-input-0 failed due to: Topic deletion is disabled., retrying.
2026-07-31 07:28:22,065 WARN  OffsetsForLeaderEpochUtils - Attempt to fetch offsets for partition streams-plaintext-input-0 failed due to: Topic deletion is disabled., retrying.
2026-07-31 07:28:22,165 WARN  OffsetsForLeaderEpochUtils - Attempt to fetch offsets for partition streams-plaintext-input-0 failed due to: Topic deletion is disabled., retrying.
2026-07-31 07:28:22,265 WARN  OffsetsForLeaderEpochUtils - Attempt to fetch offsets for partition streams-plaintext-input-0 failed due to: Topic deletion is disabled., retrying.
2026-07-31 07:28:22,365 WARN  OffsetsForLeaderEpochUtils - Attempt to fetch offsets for partition streams-plaintext-input-0 failed due to: Topic deletion is disabled., retrying.
2026-07-31 07:28:22,465 WARN  OffsetsForLeaderEpochUtils - Attempt to fetch offsets for partition streams-plaintext-input-0 failed due to: Topic deletion is disabled., retrying.
2026-07-31 07:28:22,565 WARN  OffsetsForLeaderEpochUtils - Attempt to fetch offsets for partition streams-plaintext-input-0 failed due to: Topic deletion is disabled., retrying.
2026-07-31 07:28:22,665 WARN  OffsetsForLeaderEpochUtils - Attempt to fetch offsets for partition streams-plaintext-input-0 failed due to: Topic deletion is disabled., retrying.
2026-07-31 07:28:22,765 WARN  OffsetsForLeaderEpochUtils - Attempt to fetch offsets for partition streams-plaintext-input-0 failed due to: Topic deletion is disabled., retrying.
2026-07-31 07:28:22,865 WARN  OffsetsForLeaderEpochUtils - Attempt to fetch offsets for partition streams-plaintext-input-0 failed due to: Topic deletion is disabled., retrying.
2026-07-31 07:28:22,965 WARN  OffsetsForLeaderEpochUtils - Attempt to fetch offsets for partition streams-plaintext-input-0 failed due to: Topic deletion is disabled., retrying.
2026-07-31 07:28:23,065 WARN  OffsetsForLeaderEpochUtils - Attempt to fetch offsets for partition streams-plaintext-input-0 failed due to: Topic deletion is disabled., retrying.
2026-07-31 07:28:23,165 WARN  OffsetsForLeaderEpochUtils - Attempt to fetch offsets for partition streams-plaintext-input-0 failed due to: Topic deletion is disabled., retrying.
2026-07-31 07:28:23,265 WARN  OffsetsForLeaderEpochUtils - Attempt to fetch offsets for partition streams-plaintext-input-0 failed due to: Topic deletion is disabled., retrying.
2026-07-31 07:28:23,365 WARN  OffsetsForLeaderEpochUtils - Attempt to fetch offsets for partition streams-plaintext-input-0 failed due to: Topic deletion is disabled., retrying.
2026-07-31 07:28:23,465 WARN  OffsetsForLeaderEpochUtils - Attempt to fetch offsets for partition streams-plaintext-input-0 failed due to: Topic deletion is disabled., retrying.
2026-07-31 07:28:23,565 WARN  OffsetsForLeaderEpochUtils - Attempt to fetch offsets for partition streams-plaintext-input-0 failed due to: Topic deletion is disabled., retrying.
2026-07-31 07:28:23,665 WARN  OffsetsForLeaderEpochUtils - Attempt to fetch offsets for partition streams-plaintext-input-0 failed due to: Topic deletion is disabled., retrying.
2026-07-31 07:28:23,765 WARN  OffsetsForLeaderEpochUtils - Attempt to fetch offsets for partition streams-plaintext-input-0 failed due to: Topic deletion is disabled., retrying.
2026-07-31 07:28:23,865 WARN  OffsetsForLeaderEpochUtils - Attempt to fetch offsets for partition streams-plaintext-input-0 failed due to: Topic deletion is disabled., retrying.
2026-07-31 07:28:23,965 WARN  OffsetsForLeaderEpochUtils - Attempt to fetch offsets for partition streams-plaintext-input-0 failed due to: Topic deletion is disabled., retrying.
2026-07-31 07:28:24,065 WARN  OffsetsForLeaderEpochUtils - Attempt to fetch offsets for partition streams-plaintext-input-0 failed due to: Topic deletion is disabled., retrying.
2026-07-31 07:28:24,165 WARN  OffsetsForLeaderEpochUtils - Attempt to fetch offsets for partition streams-plaintext-input-0 failed due to: Topic deletion is disabled., retrying.
2026-07-31 07:28:24,265 WARN  OffsetsForLeaderEpochUtils - Attempt to fetch offsets for partition streams-plaintext-input-0 failed due to: Topic deletion is disabled., retrying.
2026-07-31 07:28:24,365 WARN  OffsetsForLeaderEpochUtils - Attempt to fetch offsets for partition streams-plaintext-input-0 failed due to: Topic deletion is disabled., retrying.
2026-07-31 07:28:24,465 WARN  OffsetsForLeaderEpochUtils - Attempt to fetch offsets for partition streams-plaintext-input-0 failed due to: Topic deletion is disabled., retrying.
2026-07-31 07:28:24,565 WARN  OffsetsForLeaderEpochUtils - Attempt to fetch offsets for partition streams-plaintext-input-0 failed due to: Topic deletion is disabled., retrying.
2026-07-31 07:28:24,665 WARN  OffsetsForLeaderEpochUtils - Attempt to fetch offsets for partition streams-plaintext-input-0 failed due to: Topic deletion is disabled., retrying.
2026-07-31 07:28:24,765 WARN  OffsetsForLeaderEpochUtils - Attempt to fetch offsets for partition streams-plaintext-input-0 failed due to: Topic deletion is disabled., retrying.
2026-07-31 07:28:24,865 WARN  OffsetsForLeaderEpochUtils - Attempt to fetch offsets for partition streams-plaintext-input-0 failed due to: Topic deletion is disabled., retrying.
2026-07-31 07:28:24,965 WARN  OffsetsForLeaderEpochUtils - Attempt to fetch offsets for partition streams-plaintext-input-0 failed due to: Topic deletion is disabled., retrying.
2026-07-31 07:28:25,065 WARN  OffsetsForLeaderEpochUtils - Attempt to fetch offsets for partition streams-plaintext-input-0 failed due to: Topic deletion is disabled., retrying.
2026-07-31 07:28:25,165 WARN  OffsetsForLeaderEpochUtils - Attempt to fetch offsets for partition streams-plaintext-input-0 failed due to: Topic deletion is disabled., retrying.
2026-07-31 07:28:25,265 WARN  OffsetsForLeaderEpochUtils - Attempt to fetch offsets for partition streams-plaintext-input-0 failed due to: Topic deletion is disabled., retrying.
2026-07-31 07:28:25,365 WARN  OffsetsForLeaderEpochUtils - Attempt to fetch offsets for partition streams-plaintext-input-0 failed due to: Topic deletion is disabled., retrying.
2026-07-31 07:28:25,465 WARN  OffsetsForLeaderEpochUtils - Attempt to fetch offsets for partition streams-plaintext-input-0 failed due to: Topic deletion is disabled., retrying.
2026-07-31 07:28:25,565 WARN  OffsetsForLeaderEpochUtils - Attempt to fetch offsets for partition streams-plaintext-input-0 failed due to: Topic deletion is disabled., retrying.
2026-07-31 07:28:25,665 WARN  OffsetsForLeaderEpochUtils - Attempt to fetch offsets for partition streams-plaintext-input-0 failed due to: Topic deletion is disabled., retrying.
2026-07-31 07:28:25,765 WARN  OffsetsForLeaderEpochUtils - Attempt to fetch offsets for partition streams-plaintext-input-0 failed due to: Topic deletion is disabled., retrying.
2026-07-31 07:28:25,865 WARN  OffsetsForLeaderEpochUtils - Attempt to fetch offsets for partition streams-plaintext-input-0 failed due to: Topic deletion is disabled., retrying.
2026-07-31 07:28:25,965 WARN  OffsetsForLeaderEpochUtils - Attempt to fetch offsets for partition streams-plaintext-input-0 failed due to: Topic deletion is disabled., retrying.
2026-07-31 07:28:26,065 WARN  OffsetsForLeaderEpochUtils - Attempt to fetch offsets for partition streams-plaintext-input-0 failed due to: Topic deletion is disabled., retrying.
2026-07-31 07:28:26,165 WARN  OffsetsForLeaderEpochUtils - Attempt to fetch offsets for partition streams-plaintext-input-0 failed due to: Topic deletion is disabled., retrying.
2026-07-31 07:28:26,265 WARN  OffsetsForLeaderEpochUtils - Attempt to fetch offsets for partition streams-plaintext-input-0 failed due to: Topic deletion is disabled., retrying.
2026-07-31 07:28:26,365 WARN  OffsetsForLeaderEpochUtils - Attempt to fetch offsets for partition streams-plaintext-input-0 failed due to: Topic deletion is disabled., retrying.
2026-07-31 07:28:26,465 WARN  OffsetsForLeaderEpochUtils - Attempt to fetch offsets for partition streams-plaintext-input-0 failed due to: Topic deletion is disabled., retrying.
2026-07-31 07:28:26,565 WARN  OffsetsForLeaderEpochUtils - Attempt to fetch offsets for partition streams-plaintext-input-0 failed due to: Topic deletion is disabled., retrying.
2026-07-31 07:28:26,665 WARN  OffsetsForLeaderEpochUtils - Attempt to fetch offsets for partition streams-plaintext-input-0 failed due to: Topic deletion is disabled., retrying.
2026-07-31 07:28:26,765 WARN  OffsetsForLeaderEpochUtils - Attempt to fetch offsets for partition streams-plaintext-input-0 failed due to: Topic deletion is disabled., retrying.
2026-07-31 07:28:26,865 WARN  OffsetsForLeaderEpochUtils - Attempt to fetch offsets for partition streams-plaintext-input-0 failed due to: Topic deletion is disabled., retrying.
2026-07-31 07:28:26,965 WARN  OffsetsForLeaderEpochUtils - Attempt to fetch offsets for partition streams-plaintext-input-0 failed due to: Topic deletion is disabled., retrying.
2026-07-31 07:28:27,065 WARN  OffsetsForLeaderEpochUtils - Attempt to fetch offsets for partition streams-plaintext-input-0 failed due to: Topic deletion is disabled., retrying.
2026-07-31 07:28:27,165 WARN  OffsetsForLeaderEpochUtils - Attempt to fetch offsets for partition streams-plaintext-input-0 failed due to: Topic deletion is disabled., retrying.
2026-07-31 07:28:27,265 WARN  OffsetsForLeaderEpochUtils - Attempt to fetch offsets for partition streams-plaintext-input-0 failed due to: Topic deletion is disabled., retrying.
2026-07-31 07:28:27,365 WARN  OffsetsForLeaderEpochUtils - Attempt to fetch offsets for partition streams-plaintext-input-0 failed due to: Topic deletion is disabled., retrying.
2026-07-31 07:28:27,465 WARN  OffsetsForLeaderEpochUtils - Attempt to fetch offsets for partition streams-plaintext-input-0 failed due to: Topic deletion is disabled., retrying.
2026-07-31 07:28:27,565 WARN  OffsetsForLeaderEpochUtils - Attempt to fetch offsets for partition streams-plaintext-input-0 failed due to: Topic deletion is disabled., retrying.
2026-07-31 07:28:27,665 WARN  OffsetsForLeaderEpochUtils - Attempt to fetch offsets for partition streams-plaintext-input-0 failed due to: Topic deletion is disabled., retrying.
2026-07-31 07:28:27,765 WARN  OffsetsForLeaderEpochUtils - Attempt to fetch offsets for partition streams-plaintext-input-0 failed due to: Topic deletion is disabled., retrying.
2026-07-31 07:28:27,865 WARN  OffsetsForLeaderEpochUtils - Attempt to fetch offsets for partition streams-plaintext-input-0 failed due to: Topic deletion is disabled., retrying.
2026-07-31 07:28:27,965 WARN  OffsetsForLeaderEpochUtils - Attempt to fetch offsets for partition streams-plaintext-input-0 failed due to: Topic deletion is disabled., retrying.
2026-07-31 07:28:28,065 WARN  OffsetsForLeaderEpochUtils - Attempt to fetch offsets for partition streams-plaintext-input-0 failed due to: Topic deletion is disabled., retrying.
2026-07-31 07:28:28,165 WARN  OffsetsForLeaderEpochUtils - Attempt to fetch offsets for partition streams-plaintext-input-0 failed due to: Topic deletion is disabled., retrying.
2026-07-31 07:28:28,265 WARN  OffsetsForLeaderEpochUtils - Attempt to fetch offsets for partition streams-plaintext-input-0 failed due to: Topic deletion is disabled., retrying.
2026-07-31 07:28:28,365 WARN  OffsetsForLeaderEpochUtils - Attempt to fetch offsets for partition streams-plaintext-input-0 failed due to: Topic deletion is disabled., retrying.
2026-07-31 07:28:28,465 WARN  OffsetsForLeaderEpochUtils - Attempt to fetch offsets for partition streams-plaintext-input-0 failed due to: Topic deletion is disabled., retrying.
2026-07-31 07:28:28,565 WARN  OffsetsForLeaderEpochUtils - Attempt to fetch offsets for partition streams-plaintext-input-0 failed due to: Topic deletion is disabled., retrying.
2026-07-31 07:28:28,665 WARN  OffsetsForLeaderEpochUtils - Attempt to fetch offsets for partition streams-plaintext-input-0 failed due to: Topic deletion is disabled., retrying.
2026-07-31 07:28:28,765 WARN  OffsetsForLeaderEpochUtils - Attempt to fetch offsets for partition streams-plaintext-input-0 failed due to: Topic deletion is disabled., retrying.
2026-07-31 07:28:28,865 WARN  OffsetsForLeaderEpochUtils - Attempt to fetch offsets for partition streams-plaintext-input-0 failed due to: Topic deletion is disabled., retrying.
2026-07-31 07:28:28,965 WARN  OffsetsForLeaderEpochUtils - Attempt to fetch offsets for partition streams-plaintext-input-0 failed due to: Topic deletion is disabled., retrying.
2026-07-31 07:28:29,065 WARN  OffsetsForLeaderEpochUtils - Attempt to fetch offsets for partition streams-plaintext-input-0 failed due to: Topic deletion is disabled., retrying.
2026-07-31 07:28:29,165 WARN  OffsetsForLeaderEpochUtils - Attempt to fetch offsets for partition streams-plaintext-input-0 failed due to: Topic deletion is disabled., retrying.
2026-07-31 07:28:29,265 WARN  OffsetsForLeaderEpochUtils - Attempt to fetch offsets for partition streams-plaintext-input-0 failed due to: Topic deletion is disabled., retrying.
2026-07-31 07:28:29,365 WARN  OffsetsForLeaderEpochUtils - Attempt to fetch offsets for partition streams-plaintext-input-0 failed due to: Topic deletion is disabled., retrying.
2026-07-31 07:28:29,465 WARN  OffsetsForLeaderEpochUtils - Attempt to fetch offsets for partition streams-plaintext-input-0 failed due to: Topic deletion is disabled., retrying.
2026-07-31 07:28:29,565 WARN  OffsetsForLeaderEpochUtils - Attempt to fetch offsets for partition streams-plaintext-input-0 failed due to: Topic deletion is disabled., retrying.
2026-07-31 07:28:29,665 WARN  OffsetsForLeaderEpochUtils - Attempt to fetch offsets for partition streams-plaintext-input-0 failed due to: Topic deletion is disabled., retrying.
2026-07-31 07:28:29,765 WARN  OffsetsForLeaderEpochUtils - Attempt to fetch offsets for partition streams-plaintext-input-0 failed due to: Topic deletion is disabled., retrying.
2026-07-31 07:28:29,865 WARN  OffsetsForLeaderEpochUtils - Attempt to fetch offsets for partition streams-plaintext-input-0 failed due to: Topic deletion is disabled., retrying.
2026-07-31 07:28:29,965 WARN  OffsetsForLeaderEpochUtils - Attempt to fetch offsets for partition streams-plaintext-input-0 failed due to: Topic deletion is disabled., retrying.
2026-07-31 07:28:30,065 WARN  OffsetsForLeaderEpochUtils - Attempt to fetch offsets for partition streams-plaintext-input-0 failed due to: Topic deletion is disabled., retrying.
2026-07-31 07:28:30,165 WARN  OffsetsForLeaderEpochUtils - Attempt to fetch offsets for partition streams-plaintext-input-0 failed due to: Topic deletion is disabled., retrying.
2026-07-31 07:28:30,265 WARN  OffsetsForLeaderEpochUtils - Attempt to fetch offsets for partition streams-plaintext-input-0 failed due to: Topic deletion is disabled., retrying.
2026-07-31 07:28:30,365 WARN  OffsetsForLeaderEpochUtils - Attempt to fetch offsets for partition streams-plaintext-input-0 failed due to: Topic deletion is disabled., retrying.
2026-07-31 07:28:30,465 WARN  OffsetsForLeaderEpochUtils - Attempt to fetch offsets for partition streams-plaintext-input-0 failed due to: Topic deletion is disabled., retrying.
2026-07-31 07:28:30,565 WARN  OffsetsForLeaderEpochUtils - Attempt to fetch offsets for partition streams-plaintext-input-0 failed due to: Topic deletion is disabled., retrying.
2026-07-31 07:28:30,665 WARN  OffsetsForLeaderEpochUtils - Attempt to fetch offsets for partition streams-plaintext-input-0 failed due to: Topic deletion is disabled., retrying.
2026-07-31 07:28:30,765 WARN  OffsetsForLeaderEpochUtils - Attempt to fetch offsets for partition streams-plaintext-input-0 failed due to: Topic deletion is disabled., retrying.
2026-07-31 07:28:30,865 WARN  OffsetsForLeaderEpochUtils - Attempt to fetch offsets for partition streams-plaintext-input-0 failed due to: Topic deletion is disabled., retrying.
2026-07-31 07:28:30,965 WARN  OffsetsForLeaderEpochUtils - Attempt to fetch offsets for partition streams-plaintext-input-0 failed due to: Topic deletion is disabled., retrying.
2026-07-31 07:28:31,065 WARN  OffsetsForLeaderEpochUtils - Attempt to fetch offsets for partition streams-plaintext-input-0 failed due to: Topic deletion is disabled., retrying.
2026-07-31 07:28:31,165 WARN  OffsetsForLeaderEpochUtils - Attempt to fetch offsets for partition streams-plaintext-input-0 failed due to: Topic deletion is disabled., retrying.
2026-07-31 07:28:31,265 WARN  OffsetsForLeaderEpochUtils - Attempt to fetch offsets for partition streams-plaintext-input-0 failed due to: Topic deletion is disabled., retrying.
2026-07-31 07:28:31,365 WARN  OffsetsForLeaderEpochUtils - Attempt to fetch offsets for partition streams-plaintext-input-0 failed due to: Topic deletion is disabled., retrying.
2026-07-31 07:28:31,465 WARN  OffsetsForLeaderEpochUtils - Attempt to fetch offsets for partition streams-plaintext-input-0 failed due to: Topic deletion is disabled., retrying.
2026-07-31 07:28:31,565 WARN  OffsetsForLeaderEpochUtils - Attempt to fetch offsets for partition streams-plaintext-input-0 failed due to: Topic deletion is disabled., retrying.
2026-07-31 07:28:31,665 WARN  OffsetsForLeaderEpochUtils - Attempt to fetch offsets for partition streams-plaintext-input-0 failed due to: Topic deletion is disabled., retrying.
2026-07-31 07:28:31,765 WARN  OffsetsForLeaderEpochUtils - Attempt to fetch offsets for partition streams-plaintext-input-0 failed due to: Topic deletion is disabled., retrying.
2026-07-31 07:28:31,865 WARN  OffsetsForLeaderEpochUtils - Attempt to fetch offsets for partition streams-plaintext-input-0 failed due to: Topic deletion is disabled., retrying.
2026-07-31 07:28:31,965 WARN  OffsetsForLeaderEpochUtils - Attempt to fetch offsets for partition streams-plaintext-input-0 failed due to: Topic deletion is disabled., retrying.
2026-07-31 07:28:32,065 WARN  OffsetsForLeaderEpochUtils - Attempt to fetch offsets for partition streams-plaintext-input-0 failed due to: Topic deletion is disabled., retrying.
2026-07-31 07:28:32,165 WARN  OffsetsForLeaderEpochUtils - Attempt to fetch offsets for partition streams-plaintext-input-0 failed due to: Topic deletion is disabled., retrying.
2026-07-31 07:28:32,265 WARN  OffsetsForLeaderEpochUtils - Attempt to fetch offsets for partition streams-plaintext-input-0 failed due to: Topic deletion is disabled., retrying.
2026-07-31 07:28:32,365 WARN  OffsetsForLeaderEpochUtils - Attempt to fetch offsets for partition streams-plaintext-input-0 failed due to: Topic deletion is disabled., retrying.
2026-07-31 07:28:32,465 WARN  OffsetsForLeaderEpochUtils - Attempt to fetch offsets for partition streams-plaintext-input-0 failed due to: Topic deletion is disabled., retrying.
2026-07-31 07:28:32,565 WARN  OffsetsForLeaderEpochUtils - Attempt to fetch offsets for partition streams-plaintext-input-0 failed due to: Topic deletion is disabled., retrying.
2026-07-31 07:28:32,665 WARN  OffsetsForLeaderEpochUtils - Attempt to fetch offsets for partition streams-plaintext-input-0 failed due to: Topic deletion is disabled., retrying.
2026-07-31 07:28:32,765 WARN  OffsetsForLeaderEpochUtils - Attempt to fetch offsets for partition streams-plaintext-input-0 failed due to: Topic deletion is disabled., retrying.
2026-07-31 07:28:32,865 WARN  OffsetsForLeaderEpochUtils - Attempt to fetch offsets for partition streams-plaintext-input-0 failed due to: Topic deletion is disabled., retrying.
2026-07-31 07:28:32,965 WARN  OffsetsForLeaderEpochUtils - Attempt to fetch offsets for partition streams-plaintext-input-0 failed due to: Topic deletion is disabled., retrying.
2026-07-31 07:28:33,065 WARN  OffsetsForLeaderEpochUtils - Attempt to fetch offsets for partition streams-plaintext-input-0 failed due to: Topic deletion is disabled., retrying.
2026-07-31 07:28:33,165 WARN  OffsetsForLeaderEpochUtils - Attempt to fetch offsets for partition streams-plaintext-input-0 failed due to: Topic deletion is disabled., retrying.
2026-07-31 07:28:33,265 WARN  OffsetsForLeaderEpochUtils - Attempt to fetch offsets for partition streams-plaintext-input-0 failed due to: Topic deletion is disabled., retrying.
2026-07-31 07:28:33,365 WARN  OffsetsForLeaderEpochUtils - Attempt to fetch offsets for partition streams-plaintext-input-0 failed due to: Topic deletion is disabled., retrying.
2026-07-31 07:28:33,465 WARN  OffsetsForLeaderEpochUtils - Attempt to fetch offsets for partition streams-plaintext-input-0 failed due to: Topic deletion is disabled., retrying.
2026-07-31 07:28:33,565 WARN  OffsetsForLeaderEpochUtils - Attempt to fetch offsets for partition streams-plaintext-input-0 failed due to: Topic deletion is disabled., retrying.
2026-07-31 07:28:33,665 WARN  OffsetsForLeaderEpochUtils - Attempt to fetch offsets for partition streams-plaintext-input-0 failed due to: Topic deletion is disabled., retrying.
2026-07-31 07:28:33,765 WARN  OffsetsForLeaderEpochUtils - Attempt to fetch offsets for partition streams-plaintext-input-0 failed due to: Topic deletion is disabled., retrying.
2026-07-31 07:28:33,865 WARN  OffsetsForLeaderEpochUtils - Attempt to fetch offsets for partition streams-plaintext-input-0 failed due to: Topic deletion is disabled., retrying.
2026-07-31 07:28:33,965 WARN  OffsetsForLeaderEpochUtils - Attempt to fetch offsets for partition streams-plaintext-input-0 failed due to: Topic deletion is disabled., retrying.
2026-07-31 07:28:34,065 WARN  OffsetsForLeaderEpochUtils - Attempt to fetch offsets for partition streams-plaintext-input-0 failed due to: Topic deletion is disabled., retrying.
2026-07-31 07:28:34,165 WARN  OffsetsForLeaderEpochUtils - Attempt to fetch offsets for partition streams-plaintext-input-0 failed due to: Topic deletion is disabled., retrying.
2026-07-31 07:28:34,265 WARN  OffsetsForLeaderEpochUtils - Attempt to fetch offsets for partition streams-plaintext-input-0 failed due to: Topic deletion is disabled., retrying.
2026-07-31 07:28:34,365 WARN  OffsetsForLeaderEpochUtils - Attempt to fetch offsets for partition streams-plaintext-input-0 failed due to: Topic deletion is disabled., retrying.
2026-07-31 07:28:34,465 WARN  OffsetsForLeaderEpochUtils - Attempt to fetch offsets for partition streams-plaintext-input-0 failed due to: Topic deletion is disabled., retrying.
2026-07-31 07:28:34,565 WARN  OffsetsForLeaderEpochUtils - Attempt to fetch offsets for partition streams-plaintext-input-0 failed due to: Topic deletion is disabled., retrying.
2026-07-31 07:28:34,665 WARN  OffsetsForLeaderEpochUtils - Attempt to fetch offsets for partition streams-plaintext-input-0 failed due to: Topic deletion is disabled., retrying.
2026-07-31 07:28:34,765 WARN  OffsetsForLeaderEpochUtils - Attempt to fetch offsets for partition streams-plaintext-input-0 failed due to: Topic deletion is disabled., retrying.
2026-07-31 07:28:34,865 WARN  OffsetsForLeaderEpochUtils - Attempt to fetch offsets for partition streams-plaintext-input-0 failed due to: Topic deletion is disabled., retrying.
2026-07-31 07:28:34,965 WARN  OffsetsForLeaderEpochUtils - Attempt to fetch offsets for partition streams-plaintext-input-0 failed due to: Topic deletion is disabled., retrying.
2026-07-31 07:28:35,065 WARN  OffsetsForLeaderEpochUtils - Attempt to fetch offsets for partition streams-plaintext-input-0 failed due to: Topic deletion is disabled., retrying.
2026-07-31 07:28:35,165 WARN  OffsetsForLeaderEpochUtils - Attempt to fetch offsets for partition streams-plaintext-input-0 failed due to: Topic deletion is disabled., retrying.
2026-07-31 07:28:35,265 WARN  OffsetsForLeaderEpochUtils - Attempt to fetch offsets for partition streams-plaintext-input-0 failed due to: Topic deletion is disabled., retrying.
2026-07-31 07:28:35,365 WARN  OffsetsForLeaderEpochUtils - Attempt to fetch offsets for partition streams-plaintext-input-0 failed due to: Topic deletion is disabled., retrying.
2026-07-31 07:28:35,465 WARN  OffsetsForLeaderEpochUtils - Attempt to fetch offsets for partition streams-plaintext-input-0 failed due to: Topic deletion is disabled., retrying.
2026-07-31 07:28:35,565 WARN  OffsetsForLeaderEpochUtils - Attempt to fetch offsets for partition streams-plaintext-input-0 failed due to: Topic deletion is disabled., retrying.
2026-07-31 07:28:35,665 WARN  OffsetsForLeaderEpochUtils - Attempt to fetch offsets for partition streams-plaintext-input-0 failed due to: Topic deletion is disabled., retrying.
2026-07-31 07:28:35,765 WARN  OffsetsForLeaderEpochUtils - Attempt to fetch offsets for partition streams-plaintext-input-0 failed due to: Topic deletion is disabled., retrying.
2026-07-31 07:28:35,865 WARN  OffsetsForLeaderEpochUtils - Attempt to fetch offsets for partition streams-plaintext-input-0 failed due to: Topic deletion is disabled., retrying.
2026-07-31 07:28:35,965 WARN  OffsetsForLeaderEpochUtils - Attempt to fetch offsets for partition streams-plaintext-input-0 failed due to: Topic deletion is disabled., retrying.
2026-07-31 07:28:36,065 WARN  OffsetsForLeaderEpochUtils - Attempt to fetch offsets for partition streams-plaintext-input-0 failed due to: Topic deletion is disabled., retrying.
2026-07-31 07:28:36,165 WARN  OffsetsForLeaderEpochUtils - Attempt to fetch offsets for partition streams-plaintext-input-0 failed due to: Topic deletion is disabled., retrying.
2026-07-31 07:28:36,265 WARN  OffsetsForLeaderEpochUtils - Attempt to fetch offsets for partition streams-plaintext-input-0 failed due to: Topic deletion is disabled., retrying.
2026-07-31 07:28:36,365 WARN  OffsetsForLeaderEpochUtils - Attempt to fetch offsets for partition streams-plaintext-input-0 failed due to: Topic deletion is disabled., retrying.
2026-07-31 07:28:36,465 WARN  OffsetsForLeaderEpochUtils - Attempt to fetch offsets for partition streams-plaintext-input-0 failed due to: Topic deletion is disabled., retrying.
2026-07-31 07:28:36,565 WARN  OffsetsForLeaderEpochUtils - Attempt to fetch offsets for partition streams-plaintext-input-0 failed due to: Topic deletion is disabled., retrying.
2026-07-31 07:28:36,665 WARN  OffsetsForLeaderEpochUtils - Attempt to fetch offsets for partition streams-plaintext-input-0 failed due to: Topic deletion is disabled., retrying.
2026-07-31 07:28:36,765 WARN  OffsetsForLeaderEpochUtils - Attempt to fetch offsets for partition streams-plaintext-input-0 failed due to: Topic deletion is disabled., retrying.
2026-07-31 07:28:36,865 WARN  OffsetsForLeaderEpochUtils - Attempt to fetch offsets for partition streams-plaintext-input-0 failed due to: Topic deletion is disabled., retrying.
2026-07-31 07:28:36,965 WARN  OffsetsForLeaderEpochUtils - Attempt to fetch offsets for partition streams-plaintext-input-0 failed due to: Topic deletion is disabled., retrying.
2026-07-31 07:28:37,065 WARN  OffsetsForLeaderEpochUtils - Attempt to fetch offsets for partition streams-plaintext-input-0 failed due to: Topic deletion is disabled., retrying.
2026-07-31 07:28:37,165 WARN  OffsetsForLeaderEpochUtils - Attempt to fetch offsets for partition streams-plaintext-input-0 failed due to: Topic deletion is disabled., retrying.
2026-07-31 07:28:37,265 WARN  OffsetsForLeaderEpochUtils - Attempt to fetch offsets for partition streams-plaintext-input-0 failed due to: Topic deletion is disabled., retrying.
2026-07-31 07:28:37,365 WARN  OffsetsForLeaderEpochUtils - Attempt to fetch offsets for partition streams-plaintext-input-0 failed due to: Topic deletion is disabled., retrying.
2026-07-31 07:28:37,465 WARN  OffsetsForLeaderEpochUtils - Attempt to fetch offsets for partition streams-plaintext-input-0 failed due to: Topic deletion is disabled., retrying.
2026-07-31 07:28:37,565 WARN  OffsetsForLeaderEpochUtils - Attempt to fetch offsets for partition streams-plaintext-input-0 failed due to: Topic deletion is disabled., retrying.
2026-07-31 07:28:37,665 WARN  OffsetsForLeaderEpochUtils - Attempt to fetch offsets for partition streams-plaintext-input-0 failed due to: Topic deletion is disabled., retrying.
2026-07-31 07:28:37,765 WARN  OffsetsForLeaderEpochUtils - Attempt to fetch offsets for partition streams-plaintext-input-0 failed due to: Topic deletion is disabled., retrying.
2026-07-31 07:28:37,865 WARN  OffsetsForLeaderEpochUtils - Attempt to fetch offsets for partition streams-plaintext-input-0 failed due to: Topic deletion is disabled., retrying.
2026-07-31 07:28:37,965 WARN  OffsetsForLeaderEpochUtils - Attempt to fetch offsets for partition streams-plaintext-input-0 failed due to: Topic deletion is disabled., retrying.
2026-07-31 07:28:38,065 WARN  OffsetsForLeaderEpochUtils - Attempt to fetch offsets for partition streams-plaintext-input-0 failed due to: Topic deletion is disabled., retrying.
2026-07-31 07:28:38,165 WARN  OffsetsForLeaderEpochUtils - Attempt to fetch offsets for partition streams-plaintext-input-0 failed due to: Topic deletion is disabled., retrying.
2026-07-31 07:28:38,265 WARN  OffsetsForLeaderEpochUtils - Attempt to fetch offsets for partition streams-plaintext-input-0 failed due to: Topic deletion is disabled., retrying.
2026-07-31 07:28:38,365 WARN  OffsetsForLeaderEpochUtils - Attempt to fetch offsets for partition streams-plaintext-input-0 failed due to: Topic deletion is disabled., retrying.
2026-07-31 07:28:38,465 WARN  OffsetsForLeaderEpochUtils - Attempt to fetch offsets for partition streams-plaintext-input-0 failed due to: Topic deletion is disabled., retrying.
2026-07-31 07:28:38,565 WARN  OffsetsForLeaderEpochUtils - Attempt to fetch offsets for partition streams-plaintext-input-0 failed due to: Topic deletion is disabled., retrying.
2026-07-31 07:28:38,665 WARN  OffsetsForLeaderEpochUtils - Attempt to fetch offsets for partition streams-plaintext-input-0 failed due to: Topic deletion is disabled., retrying.
2026-07-31 07:28:38,765 WARN  OffsetsForLeaderEpochUtils - Attempt to fetch offsets for partition streams-plaintext-input-0 failed due to: Topic deletion is disabled., retrying.
2026-07-31 07:28:38,865 WARN  OffsetsForLeaderEpochUtils - Attempt to fetch offsets for partition streams-plaintext-input-0 failed due to: Topic deletion is disabled., retrying.
2026-07-31 07:28:38,965 WARN  OffsetsForLeaderEpochUtils - Attempt to fetch offsets for partition streams-plaintext-input-0 failed due to: Topic deletion is disabled., retrying.
2026-07-31 07:28:39,065 WARN  OffsetsForLeaderEpochUtils - Attempt to fetch offsets for partition streams-plaintext-input-0 failed due to: Topic deletion is disabled., retrying.
2026-07-31 07:28:39,165 WARN  OffsetsForLeaderEpochUtils - Attempt to fetch offsets for partition streams-plaintext-input-0 failed due to: Topic deletion is disabled., retrying.
2026-07-31 07:28:39,265 WARN  OffsetsForLeaderEpochUtils - Attempt to fetch offsets for partition streams-plaintext-input-0 failed due to: Topic deletion is disabled., retrying.
2026-07-31 07:28:39,365 WARN  OffsetsForLeaderEpochUtils - Attempt to fetch offsets for partition streams-plaintext-input-0 failed due to: Topic deletion is disabled., retrying.
2026-07-31 07:28:39,465 WARN  OffsetsForLeaderEpochUtils - Attempt to fetch offsets for partition streams-plaintext-input-0 failed due to: Topic deletion is disabled., retrying.
2026-07-31 07:28:39,565 WARN  OffsetsForLeaderEpochUtils - Attempt to fetch offsets for partition streams-plaintext-input-0 failed due to: Topic deletion is disabled., retrying.
2026-07-31 07:28:39,665 WARN  OffsetsForLeaderEpochUtils - Attempt to fetch offsets for partition streams-plaintext-input-0 failed due to: Topic deletion is disabled., retrying.
2026-07-31 07:28:39,765 WARN  OffsetsForLeaderEpochUtils - Attempt to fetch offsets for partition streams-plaintext-input-0 failed due to: Topic deletion is disabled., retrying.
2026-07-31 07:28:39,865 WARN  OffsetsForLeaderEpochUtils - Attempt to fetch offsets for partition streams-plaintext-input-0 failed due to: Topic deletion is disabled., retrying.
2026-07-31 07:28:39,965 WARN  OffsetsForLeaderEpochUtils - Attempt to fetch offsets for partition streams-plaintext-input-0 failed due to: Topic deletion is disabled., retrying.
2026-07-31 07:28:40,065 WARN  OffsetsForLeaderEpochUtils - Attempt to fetch offsets for partition streams-plaintext-input-0 failed due to: Topic deletion is disabled., retrying.
2026-07-31 07:28:40,165 WARN  OffsetsForLeaderEpochUtils - Attempt to fetch offsets for partition streams-plaintext-input-0 failed due to: Topic deletion is disabled., retrying.
2026-07-31 07:28:40,265 WARN  OffsetsForLeaderEpochUtils - Attempt to fetch offsets for partition streams-plaintext-input-0 failed due to: Topic deletion is disabled., retrying.
2026-07-31 07:28:40,365 WARN  OffsetsForLeaderEpochUtils - Attempt to fetch offsets for partition streams-plaintext-input-0 failed due to: Topic deletion is disabled., retrying.
2026-07-31 07:28:40,465 WARN  OffsetsForLeaderEpochUtils - Attempt to fetch offsets for partition streams-plaintext-input-0 failed due to: Topic deletion is disabled., retrying.
2026-07-31 07:28:40,565 WARN  OffsetsForLeaderEpochUtils - Attempt to fetch offsets for partition streams-plaintext-input-0 failed due to: Topic deletion is disabled., retrying.
2026-07-31 07:28:40,665 WARN  OffsetsForLeaderEpochUtils - Attempt to fetch offsets for partition streams-plaintext-input-0 failed due to: Topic deletion is disabled., retrying.
2026-07-31 07:28:40,765 WARN  OffsetsForLeaderEpochUtils - Attempt to fetch offsets for partition streams-plaintext-input-0 failed due to: Topic deletion is disabled., retrying.
2026-07-31 07:28:40,865 WARN  OffsetsForLeaderEpochUtils - Attempt to fetch offsets for partition streams-plaintext-input-0 failed due to: Topic deletion is disabled., retrying.
2026-07-31 07:28:40,965 WARN  OffsetsForLeaderEpochUtils - Attempt to fetch offsets for partition streams-plaintext-input-0 failed due to: Topic deletion is disabled., retrying.
2026-07-31 07:28:41,065 WARN  OffsetsForLeaderEpochUtils - Attempt to fetch offsets for partition streams-plaintext-input-0 failed due to: Topic deletion is disabled., retrying.
2026-07-31 07:28:41,165 WARN  OffsetsForLeaderEpochUtils - Attempt to fetch offsets for partition streams-plaintext-input-0 failed due to: Topic deletion is disabled., retrying.
2026-07-31 07:28:41,265 WARN  OffsetsForLeaderEpochUtils - Attempt to fetch offsets for partition streams-plaintext-input-0 failed due to: Topic deletion is disabled., retrying.
2026-07-31 07:28:41,365 WARN  OffsetsForLeaderEpochUtils - Attempt to fetch offsets for partition streams-plaintext-input-0 failed due to: Topic deletion is disabled., retrying.
2026-07-31 07:28:41,465 WARN  OffsetsForLeaderEpochUtils - Attempt to fetch offsets for partition streams-plaintext-input-0 failed due to: Topic deletion is disabled., retrying.
2026-07-31 07:28:41,565 WARN  OffsetsForLeaderEpochUtils - Attempt to fetch offsets for partition streams-plaintext-input-0 failed due to: Topic deletion is disabled., retrying.
2026-07-31 07:28:41,665 WARN  OffsetsForLeaderEpochUtils - Attempt to fetch offsets for partition streams-plaintext-input-0 failed due to: Topic deletion is disabled., retrying.
2026-07-31 07:28:41,765 WARN  OffsetsForLeaderEpochUtils - Attempt to fetch offsets for partition streams-plaintext-input-0 failed due to: Topic deletion is disabled., retrying.
2026-07-31 07:28:41,865 WARN  OffsetsForLeaderEpochUtils - Attempt to fetch offsets for partition streams-plaintext-input-0 failed due to: Topic deletion is disabled., retrying.
2026-07-31 07:28:41,965 WARN  OffsetsForLeaderEpochUtils - Attempt to fetch offsets for partition streams-plaintext-input-0 failed due to: Topic deletion is disabled., retrying.
2026-07-31 07:28:42,065 WARN  OffsetsForLeaderEpochUtils - Attempt to fetch offsets for partition streams-plaintext-input-0 failed due to: Topic deletion is disabled., retrying.
2026-07-31 07:28:42,165 WARN  OffsetsForLeaderEpochUtils - Attempt to fetch offsets for partition streams-plaintext-input-0 failed due to: Topic deletion is disabled., retrying.
2026-07-31 07:28:42,265 WARN  OffsetsForLeaderEpochUtils - Attempt to fetch offsets for partition streams-plaintext-input-0 failed due to: Topic deletion is disabled., retrying.
2026-07-31 07:28:42,365 WARN  OffsetsForLeaderEpochUtils - Attempt to fetch offsets for partition streams-plaintext-input-0 failed due to: Topic deletion is disabled., retrying.
2026-07-31 07:28:42,465 WARN  OffsetsForLeaderEpochUtils - Attempt to fetch offsets for partition streams-plaintext-input-0 failed due to: Topic deletion is disabled., retrying.
2026-07-31 07:28:42,565 WARN  OffsetsForLeaderEpochUtils - Attempt to fetch offsets for partition streams-plaintext-input-0 failed due to: Topic deletion is disabled., retrying.
2026-07-31 07:28:42,665 WARN  OffsetsForLeaderEpochUtils - Attempt to fetch offsets for partition streams-plaintext-input-0 failed due to: Topic deletion is disabled., retrying.
2026-07-31 07:28:42,765 WARN  OffsetsForLeaderEpochUtils - Attempt to fetch offsets for partition streams-plaintext-input-0 failed due to: Topic deletion is disabled., retrying.
2026-07-31 07:28:42,865 WARN  OffsetsForLeaderEpochUtils - Attempt to fetch offsets for partition streams-plaintext-input-0 failed due to: Topic deletion is disabled., retrying.
2026-07-31 07:28:42,965 WARN  OffsetsForLeaderEpochUtils - Attempt to fetch offsets for partition streams-plaintext-input-0 failed due to: Topic deletion is disabled., retrying.
2026-07-31 07:28:43,065 WARN  OffsetsForLeaderEpochUtils - Attempt to fetch offsets for partition streams-plaintext-input-0 failed due to: Topic deletion is disabled., retrying.
2026-07-31 07:28:43,165 WARN  OffsetsForLeaderEpochUtils - Attempt to fetch offsets for partition streams-plaintext-input-0 failed due to: Topic deletion is disabled., retrying.
2026-07-31 07:28:43,265 WARN  OffsetsForLeaderEpochUtils - Attempt to fetch offsets for partition streams-plaintext-input-0 failed due to: Topic deletion is disabled., retrying.
2026-07-31 07:28:43,365 WARN  OffsetsForLeaderEpochUtils - Attempt to fetch offsets for partition streams-plaintext-input-0 failed due to: Topic deletion is disabled., retrying.
2026-07-31 07:28:43,465 WARN  OffsetsForLeaderEpochUtils - Attempt to fetch offsets for partition streams-plaintext-input-0 failed due to: Topic deletion is disabled., retrying.
2026-07-31 07:28:43,565 WARN  OffsetsForLeaderEpochUtils - Attempt to fetch offsets for partition streams-plaintext-input-0 failed due to: Topic deletion is disabled., retrying.
2026-07-31 07:28:43,665 WARN  OffsetsForLeaderEpochUtils - Attempt to fetch offsets for partition streams-plaintext-input-0 failed due to: Topic deletion is disabled., retrying.
2026-07-31 07:28:43,765 WARN  OffsetsForLeaderEpochUtils - Attempt to fetch offsets for partition streams-plaintext-input-0 failed due to: Topic deletion is disabled., retrying.
2026-07-31 07:28:43,865 WARN  OffsetsForLeaderEpochUtils - Attempt to fetch offsets for partition streams-plaintext-input-0 failed due to: Topic deletion is disabled., retrying.
2026-07-31 07:28:43,965 WARN  OffsetsForLeaderEpochUtils - Attempt to fetch offsets for partition streams-plaintext-input-0 failed due to: Topic deletion is disabled., retrying.
2026-07-31 07:28:44,065 WARN  OffsetsForLeaderEpochUtils - Attempt to fetch offsets for partition streams-plaintext-input-0 failed due to: Topic deletion is disabled., retrying.
2026-07-31 07:28:44,165 WARN  OffsetsForLeaderEpochUtils - Attempt to fetch offsets for partition streams-plaintext-input-0 failed due to: Topic deletion is disabled., retrying.
2026-07-31 07:28:44,265 WARN  OffsetsForLeaderEpochUtils - Attempt to fetch offsets for partition streams-plaintext-input-0 failed due to: Topic deletion is disabled., retrying.
2026-07-31 07:28:44,365 WARN  OffsetsForLeaderEpochUtils - Attempt to fetch offsets for partition streams-plaintext-input-0 failed due to: Topic deletion is disabled., retrying.
2026-07-31 07:28:44,465 WARN  OffsetsForLeaderEpochUtils - Attempt to fetch offsets for partition streams-plaintext-input-0 failed due to: Topic deletion is disabled., retrying.
2026-07-31 07:28:44,565 WARN  OffsetsForLeaderEpochUtils - Attempt to fetch offsets for partition streams-plaintext-input-0 failed due to: Topic deletion is disabled., retrying.
2026-07-31 07:28:44,665 WARN  OffsetsForLeaderEpochUtils - Attempt to fetch offsets for partition streams-plaintext-input-0 failed due to: Topic deletion is disabled., retrying.
2026-07-31 07:28:44,765 WARN  OffsetsForLeaderEpochUtils - Attempt to fetch offsets for partition streams-plaintext-input-0 failed due to: Topic deletion is disabled., retrying.
2026-07-31 07:28:44,865 WARN  OffsetsForLeaderEpochUtils - Attempt to fetch offsets for partition streams-plaintext-input-0 failed due to: Topic deletion is disabled., retrying.
2026-07-31 07:28:44,965 WARN  OffsetsForLeaderEpochUtils - Attempt to fetch offsets for partition streams-plaintext-input-0 failed due to: Topic deletion is disabled., retrying.
2026-07-31 07:28:45,065 WARN  OffsetsForLeaderEpochUtils - Attempt to fetch offsets for partition streams-plaintext-input-0 failed due to: Topic deletion is disabled., retrying.
2026-07-31 07:28:45,165 WARN  OffsetsForLeaderEpochUtils - Attempt to fetch offsets for partition streams-plaintext-input-0 failed due to: Topic deletion is disabled., retrying.
2026-07-31 07:28:45,265 WARN  OffsetsForLeaderEpochUtils - Attempt to fetch offsets for partition streams-plaintext-input-0 failed due to: Topic deletion is disabled., retrying.
2026-07-31 07:28:45,368 WARN  OffsetsForLeaderEpochUtils - Attempt to fetch offsets for partition streams-plaintext-input-0 failed due to: Topic deletion is disabled., retrying.
2026-07-31 07:28:45,468 WARN  OffsetsForLeaderEpochUtils - Attempt to fetch offsets for partition streams-plaintext-input-0 failed due to: Topic deletion is disabled., retrying.
2026-07-31 07:28:45,568 WARN  OffsetsForLeaderEpochUtils - Attempt to fetch offsets for partition streams-plaintext-input-0 failed due to: Topic deletion is disabled., retrying.
2026-07-31 07:28:45,668 WARN  OffsetsForLeaderEpochUtils - Attempt to fetch offsets for partition streams-plaintext-input-0 failed due to: Topic deletion is disabled., retrying.
2026-07-31 07:28:45,768 WARN  OffsetsForLeaderEpochUtils - Attempt to fetch offsets for partition streams-plaintext-input-0 failed due to: Topic deletion is disabled., retrying.
2026-07-31 07:28:45,868 WARN  OffsetsForLeaderEpochUtils - Attempt to fetch offsets for partition streams-plaintext-input-0 failed due to: Topic deletion is disabled., retrying.
2026-07-31 07:28:45,968 WARN  OffsetsForLeaderEpochUtils - Attempt to fetch offsets for partition streams-plaintext-input-0 failed due to: Topic deletion is disabled., retrying.
2026-07-31 07:28:46,068 WARN  OffsetsForLeaderEpochUtils - Attempt to fetch offsets for partition streams-plaintext-input-0 failed due to: Topic deletion is disabled., retrying.
2026-07-31 07:28:46,168 WARN  OffsetsForLeaderEpochUtils - Attempt to fetch offsets for partition streams-plaintext-input-0 failed due to: Topic deletion is disabled., retrying.
2026-07-31 07:28:46,268 WARN  OffsetsForLeaderEpochUtils - Attempt to fetch offsets for partition streams-plaintext-input-0 failed due to: Topic deletion is disabled., retrying.
2026-07-31 07:28:46,368 WARN  OffsetsForLeaderEpochUtils - Attempt to fetch offsets for partition streams-plaintext-input-0 failed due to: Topic deletion is disabled., retrying.
2026-07-31 07:28:46,468 WARN  OffsetsForLeaderEpochUtils - Attempt to fetch offsets for partition streams-plaintext-input-0 failed due to: Topic deletion is disabled., retrying.
2026-07-31 07:28:46,568 WARN  OffsetsForLeaderEpochUtils - Attempt to fetch offsets for partition streams-plaintext-input-0 failed due to: Topic deletion is disabled., retrying.
2026-07-31 07:28:46,668 WARN  OffsetsForLeaderEpochUtils - Attempt to fetch offsets for partition streams-plaintext-input-0 failed due to: Topic deletion is disabled., retrying.
2026-07-31 07:28:46,768 WARN  OffsetsForLeaderEpochUtils - Attempt to fetch offsets for partition streams-plaintext-input-0 failed due to: Topic deletion is disabled., retrying.
2026-07-31 07:28:46,868 WARN  OffsetsForLeaderEpochUtils - Attempt to fetch offsets for partition streams-plaintext-input-0 failed due to: Topic deletion is disabled., retrying.
2026-07-31 07:28:46,968 WARN  OffsetsForLeaderEpochUtils - Attempt to fetch offsets for partition streams-plaintext-input-0 failed due to: Topic deletion is disabled., retrying.
2026-07-31 07:28:47,068 WARN  OffsetsForLeaderEpochUtils - Attempt to fetch offsets for partition streams-plaintext-input-0 failed due to: Topic deletion is disabled., retrying.
2026-07-31 07:28:47,168 WARN  OffsetsForLeaderEpochUtils - Attempt to fetch offsets for partition streams-plaintext-input-0 failed due to: Topic deletion is disabled., retrying.
2026-07-31 07:28:47,268 WARN  OffsetsForLeaderEpochUtils - Attempt to fetch offsets for partition streams-plaintext-input-0 failed due to: Topic deletion is disabled., retrying.
2026-07-31 07:28:47,368 WARN  OffsetsForLeaderEpochUtils - Attempt to fetch offsets for partition streams-plaintext-input-0 failed due to: Topic deletion is disabled., retrying.
2026-07-31 07:28:47,468 WARN  OffsetsForLeaderEpochUtils - Attempt to fetch offsets for partition streams-plaintext-input-0 failed due to: Topic deletion is disabled., retrying.
2026-07-31 07:28:47,568 WARN  OffsetsForLeaderEpochUtils - Attempt to fetch offsets for partition streams-plaintext-input-0 failed due to: Topic deletion is disabled., retrying.
2026-07-31 07:28:47,668 WARN  OffsetsForLeaderEpochUtils - Attempt to fetch offsets for partition streams-plaintext-input-0 failed due to: Topic deletion is disabled., retrying.
2026-07-31 07:28:47,768 WARN  OffsetsForLeaderEpochUtils - Attempt to fetch offsets for partition streams-plaintext-input-0 failed due to: Topic deletion is disabled., retrying.
2026-07-31 07:28:47,868 WARN  OffsetsForLeaderEpochUtils - Attempt to fetch offsets for partition streams-plaintext-input-0 failed due to: Topic deletion is disabled., retrying.
2026-07-31 07:28:47,968 WARN  OffsetsForLeaderEpochUtils - Attempt to fetch offsets for partition streams-plaintext-input-0 failed due to: Topic deletion is disabled., retrying.
2026-07-31 07:28:48,068 WARN  OffsetsForLeaderEpochUtils - Attempt to fetch offsets for partition streams-plaintext-input-0 failed due to: Topic deletion is disabled., retrying.
2026-07-31 07:28:48,168 WARN  OffsetsForLeaderEpochUtils - Attempt to fetch offsets for partition streams-plaintext-input-0 failed due to: Topic deletion is disabled., retrying.
2026-07-31 07:28:48,268 WARN  OffsetsForLeaderEpochUtils - Attempt to fetch offsets for partition streams-plaintext-input-0 failed due to: Topic deletion is disabled., retrying.
2026-07-31 07:28:48,368 WARN  OffsetsForLeaderEpochUtils - Attempt to fetch offsets for partition streams-plaintext-input-0 failed due to: Topic deletion is disabled., retrying.
2026-07-31 07:28:48,468 WARN  OffsetsForLeaderEpochUtils - Attempt to fetch offsets for partition streams-plaintext-input-0 failed due to: Topic deletion is disabled., retrying.
2026-07-31 07:28:48,568 WARN  OffsetsForLeaderEpochUtils - Attempt to fetch offsets for partition streams-plaintext-input-0 failed due to: Topic deletion is disabled., retrying.
2026-07-31 07:28:48,668 WARN  OffsetsForLeaderEpochUtils - Attempt to fetch offsets for partition streams-plaintext-input-0 failed due to: Topic deletion is disabled., retrying.
2026-07-31 07:28:48,768 WARN  OffsetsForLeaderEpochUtils - Attempt to fetch offsets for partition streams-plaintext-input-0 failed due to: Topic deletion is disabled., retrying.
2026-07-31 07:28:48,868 WARN  OffsetsForLeaderEpochUtils - Attempt to fetch offsets for partition streams-plaintext-input-0 failed due to: Topic deletion is disabled., retrying.
2026-07-31 07:28:48,968 WARN  OffsetsForLeaderEpochUtils - Attempt to fetch offsets for partition streams-plaintext-input-0 failed due to: Topic deletion is disabled., retrying.
2026-07-31 07:28:49,068 WARN  OffsetsForLeaderEpochUtils - Attempt to fetch offsets for partition streams-plaintext-input-0 failed due to: Topic deletion is disabled., retrying.
2026-07-31 07:28:49,168 WARN  OffsetsForLeaderEpochUtils - Attempt to fetch offsets for partition streams-plaintext-input-0 failed due to: Topic deletion is disabled., retrying.
2026-07-31 07:28:49,268 WARN  OffsetsForLeaderEpochUtils - Attempt to fetch offsets for partition streams-plaintext-input-0 failed due to: Topic deletion is disabled., retrying.
2026-07-31 07:28:49,368 WARN  OffsetsForLeaderEpochUtils - Attempt to fetch offsets for partition streams-plaintext-input-0 failed due to: Topic deletion is disabled., retrying.
2026-07-31 07:28:49,468 WARN  OffsetsForLeaderEpochUtils - Attempt to fetch offsets for partition streams-plaintext-input-0 failed due to: Topic deletion is disabled., retrying.
2026-07-31 07:28:49,568 WARN  OffsetsForLeaderEpochUtils - Attempt to fetch offsets for partition streams-plaintext-input-0 failed due to: Topic deletion is disabled., retrying.
2026-07-31 07:28:49,668 WARN  OffsetsForLeaderEpochUtils - Attempt to fetch offsets for partition streams-plaintext-input-0 failed due to: Topic deletion is disabled., retrying.
2026-07-31 07:28:49,768 WARN  OffsetsForLeaderEpochUtils - Attempt to fetch offsets for partition streams-plaintext-input-0 failed due to: Topic deletion is disabled., retrying.
2026-07-31 07:28:49,868 WARN  OffsetsForLeaderEpochUtils - Attempt to fetch offsets for partition streams-plaintext-input-0 failed due to: Topic deletion is disabled., retrying.
2026-07-31 07:28:49,968 WARN  OffsetsForLeaderEpochUtils - Attempt to fetch offsets for partition streams-plaintext-input-0 failed due to: Topic deletion is disabled., retrying.
2026-07-31 07:28:50,068 WARN  OffsetsForLeaderEpochUtils - Attempt to fetch offsets for partition streams-plaintext-input-0 failed due to: Topic deletion is disabled., retrying.
2026-07-31 07:28:50,168 WARN  OffsetsForLeaderEpochUtils - Attempt to fetch offsets for partition streams-plaintext-input-0 failed due to: Topic deletion is disabled., retrying.
2026-07-31 07:28:50,268 WARN  OffsetsForLeaderEpochUtils - Attempt to fetch offsets for partition streams-plaintext-input-0 failed due to: Topic deletion is disabled., retrying.
2026-07-31 07:28:50,368 WARN  OffsetsForLeaderEpochUtils - Attempt to fetch offsets for partition streams-plaintext-input-0 failed due to: Topic deletion is disabled., retrying.
2026-07-31 07:28:50,468 WARN  OffsetsForLeaderEpochUtils - Attempt to fetch offsets for partition streams-plaintext-input-0 failed due to: Topic deletion is disabled., retrying.
2026-07-31 07:28:50,568 WARN  OffsetsForLeaderEpochUtils - Attempt to fetch offsets for partition streams-plaintext-input-0 failed due to: Topic deletion is disabled., retrying.
2026-07-31 07:28:50,668 WARN  OffsetsForLeaderEpochUtils - Attempt to fetch offsets for partition streams-plaintext-input-0 failed due to: Topic deletion is disabled., retrying.
2026-07-31 07:28:50,768 WARN  OffsetsForLeaderEpochUtils - Attempt to fetch offsets for partition streams-plaintext-input-0 failed due to: Topic deletion is disabled., retrying.
2026-07-31 07:28:50,868 WARN  OffsetsForLeaderEpochUtils - Attempt to fetch offsets for partition streams-plaintext-input-0 failed due to: Topic deletion is disabled., retrying.
2026-07-31 07:28:50,968 WARN  OffsetsForLeaderEpochUtils - Attempt to fetch offsets for partition streams-plaintext-input-0 failed due to: Topic deletion is disabled., retrying.
2026-07-31 07:28:51,068 WARN  OffsetsForLeaderEpochUtils - Attempt to fetch offsets for partition streams-plaintext-input-0 failed due to: Topic deletion is disabled., retrying.
2026-07-31 07:28:51,168 WARN  OffsetsForLeaderEpochUtils - Attempt to fetch offsets for partition streams-plaintext-input-0 failed due to: Topic deletion is disabled., retrying.
2026-07-31 07:28:51,268 WARN  OffsetsForLeaderEpochUtils - Attempt to fetch offsets for partition streams-plaintext-input-0 failed due to: Topic deletion is disabled., retrying.
2026-07-31 07:28:51,368 WARN  OffsetsForLeaderEpochUtils - Attempt to fetch offsets for partition streams-plaintext-input-0 failed due to: Topic deletion is disabled., retrying.
2026-07-31 07:28:51,468 WARN  OffsetsForLeaderEpochUtils - Attempt to fetch offsets for partition streams-plaintext-input-0 failed due to: Topic deletion is disabled., retrying.
2026-07-31 07:28:51,568 WARN  OffsetsForLeaderEpochUtils - Attempt to fetch offsets for partition streams-plaintext-input-0 failed due to: Topic deletion is disabled., retrying.
2026-07-31 07:28:51,668 WARN  OffsetsForLeaderEpochUtils - Attempt to fetch offsets for partition streams-plaintext-input-0 failed due to: Topic deletion is disabled., retrying.
2026-07-31 07:28:51,768 WARN  OffsetsForLeaderEpochUtils - Attempt to fetch offsets for partition streams-plaintext-input-0 failed due to: Topic deletion is disabled., retrying.
2026-07-31 07:28:51,868 WARN  OffsetsForLeaderEpochUtils - Attempt to fetch offsets for partition streams-plaintext-input-0 failed due to: Topic deletion is disabled., retrying.
2026-07-31 07:28:51,968 WARN  OffsetsForLeaderEpochUtils - Attempt to fetch offsets for partition streams-plaintext-input-0 failed due to: Topic deletion is disabled., retrying.
2026-07-31 07:28:52,068 WARN  OffsetsForLeaderEpochUtils - Attempt to fetch offsets for partition streams-plaintext-input-0 failed due to: Topic deletion is disabled., retrying.
2026-07-31 07:28:52,168 WARN  OffsetsForLeaderEpochUtils - Attempt to fetch offsets for partition streams-plaintext-input-0 failed due to: Topic deletion is disabled., retrying.
2026-07-31 07:28:52,268 WARN  OffsetsForLeaderEpochUtils - Attempt to fetch offsets for partition streams-plaintext-input-0 failed due to: Topic deletion is disabled., retrying.
2026-07-31 07:28:52,368 WARN  OffsetsForLeaderEpochUtils - Attempt to fetch offsets for partition streams-plaintext-input-0 failed due to: Topic deletion is disabled., retrying.
2026-07-31 07:28:52,468 WARN  OffsetsForLeaderEpochUtils - Attempt to fetch offsets for partition streams-plaintext-input-0 failed due to: Topic deletion is disabled., retrying.
2026-07-31 07:28:52,568 WARN  OffsetsForLeaderEpochUtils - Attempt to fetch offsets for partition streams-plaintext-input-0 failed due to: Topic deletion is disabled., retrying.
2026-07-31 07:28:52,668 WARN  OffsetsForLeaderEpochUtils - Attempt to fetch offsets for partition streams-plaintext-input-0 failed due to: Topic deletion is disabled., retrying.
2026-07-31 07:28:52,768 WARN  OffsetsForLeaderEpochUtils - Attempt to fetch offsets for partition streams-plaintext-input-0 failed due to: Topic deletion is disabled., retrying.
2026-07-31 07:28:52,868 WARN  OffsetsForLeaderEpochUtils - Attempt to fetch offsets for partition streams-plaintext-input-0 failed due to: Topic deletion is disabled., retrying.
2026-07-31 07:28:52,968 WARN  OffsetsForLeaderEpochUtils - Attempt to fetch offsets for partition streams-plaintext-input-0 failed due to: Topic deletion is disabled., retrying.
2026-07-31 07:28:53,068 WARN  OffsetsForLeaderEpochUtils - Attempt to fetch offsets for partition streams-plaintext-input-0 failed due to: Topic deletion is disabled., retrying.
2026-07-31 07:28:53,168 WARN  OffsetsForLeaderEpochUtils - Attempt to fetch offsets for partition streams-plaintext-input-0 failed due to: Topic deletion is disabled., retrying.
2026-07-31 07:28:53,268 WARN  OffsetsForLeaderEpochUtils - Attempt to fetch offsets for partition streams-plaintext-input-0 failed due to: Topic deletion is disabled., retrying.
2026-07-31 07:28:53,368 WARN  OffsetsForLeaderEpochUtils - Attempt to fetch offsets for partition streams-plaintext-input-0 failed due to: Topic deletion is disabled., retrying.
2026-07-31 07:28:53,468 WARN  OffsetsForLeaderEpochUtils - Attempt to fetch offsets for partition streams-plaintext-input-0 failed due to: Topic deletion is disabled., retrying.
2026-07-31 07:28:53,568 WARN  OffsetsForLeaderEpochUtils - Attempt to fetch offsets for partition streams-plaintext-input-0 failed due to: Topic deletion is disabled., retrying.
2026-07-31 07:28:53,668 WARN  OffsetsForLeaderEpochUtils - Attempt to fetch offsets for partition streams-plaintext-input-0 failed due to: Topic deletion is disabled., retrying.
2026-07-31 07:28:53,768 WARN  OffsetsForLeaderEpochUtils - Attempt to fetch offsets for partition streams-plaintext-input-0 failed due to: Topic deletion is disabled., retrying.
2026-07-31 07:28:53,868 WARN  OffsetsForLeaderEpochUtils - Attempt to fetch offsets for partition streams-plaintext-input-0 failed due to: Topic deletion is disabled., retrying.
2026-07-31 07:28:53,968 WARN  OffsetsForLeaderEpochUtils - Attempt to fetch offsets for partition streams-plaintext-input-0 failed due to: Topic deletion is disabled., retrying.
2026-07-31 07:28:54,068 WARN  OffsetsForLeaderEpochUtils - Attempt to fetch offsets for partition streams-plaintext-input-0 failed due to: Topic deletion is disabled., retrying.
2026-07-31 07:28:54,168 WARN  OffsetsForLeaderEpochUtils - Attempt to fetch offsets for partition streams-plaintext-input-0 failed due to: Topic deletion is disabled., retrying.
2026-07-31 07:28:54,268 WARN  OffsetsForLeaderEpochUtils - Attempt to fetch offsets for partition streams-plaintext-input-0 failed due to: Topic deletion is disabled., retrying.
2026-07-31 07:28:54,368 WARN  OffsetsForLeaderEpochUtils - Attempt to fetch offsets for partition streams-plaintext-input-0 failed due to: Topic deletion is disabled., retrying.
2026-07-31 07:28:54,468 WARN  OffsetsForLeaderEpochUtils - Attempt to fetch offsets for partition streams-plaintext-input-0 failed due to: Topic deletion is disabled., retrying.
2026-07-31 07:28:54,568 WARN  OffsetsForLeaderEpochUtils - Attempt to fetch offsets for partition streams-plaintext-input-0 failed due to: Topic deletion is disabled., retrying.
2026-07-31 07:28:54,668 WARN  OffsetsForLeaderEpochUtils - Attempt to fetch offsets for partition streams-plaintext-input-0 failed due to: Topic deletion is disabled., retrying.
2026-07-31 07:28:54,768 WARN  OffsetsForLeaderEpochUtils - Attempt to fetch offsets for partition streams-plaintext-input-0 failed due to: Topic deletion is disabled., retrying.
2026-07-31 07:28:54,868 WARN  OffsetsForLeaderEpochUtils - Attempt to fetch offsets for partition streams-plaintext-input-0 failed due to: Topic deletion is disabled., retrying.
2026-07-31 07:28:54,968 WARN  OffsetsForLeaderEpochUtils - Attempt to fetch offsets for partition streams-plaintext-input-0 failed due to: Topic deletion is disabled., retrying.
2026-07-31 07:28:55,068 WARN  OffsetsForLeaderEpochUtils - Attempt to fetch offsets for partition streams-plaintext-input-0 failed due to: Topic deletion is disabled., retrying.
2026-07-31 07:28:55,168 WARN  OffsetsForLeaderEpochUtils - Attempt to fetch offsets for partition streams-plaintext-input-0 failed due to: Topic deletion is disabled., retrying.
2026-07-31 07:28:55,268 WARN  OffsetsForLeaderEpochUtils - Attempt to fetch offsets for partition streams-plaintext-input-0 failed due to: Topic deletion is disabled., retrying.
2026-07-31 07:28:55,368 WARN  OffsetsForLeaderEpochUtils - Attempt to fetch offsets for partition streams-plaintext-input-0 failed due to: Topic deletion is disabled., retrying.
2026-07-31 07:28:55,468 WARN  OffsetsForLeaderEpochUtils - Attempt to fetch offsets for partition streams-plaintext-input-0 failed due to: Topic deletion is disabled., retrying.
2026-07-31 07:28:55,568 WARN  OffsetsForLeaderEpochUtils - Attempt to fetch offsets for partition streams-plaintext-input-0 failed due to: Topic deletion is disabled., retrying.
2026-07-31 07:28:55,668 WARN  OffsetsForLeaderEpochUtils - Attempt to fetch offsets for partition streams-plaintext-input-0 failed due to: Topic deletion is disabled., retrying.
2026-07-31 07:28:55,768 WARN  OffsetsForLeaderEpochUtils - Attempt to fetch offsets for partition streams-plaintext-input-0 failed due to: Topic deletion is disabled., retrying.
2026-07-31 07:28:55,868 WARN  OffsetsForLeaderEpochUtils - Attempt to fetch offsets for partition streams-plaintext-input-0 failed due to: Topic deletion is disabled., retrying.
2026-07-31 07:28:55,968 WARN  OffsetsForLeaderEpochUtils - Attempt to fetch offsets for partition streams-plaintext-input-0 failed due to: Topic deletion is disabled., retrying.
2026-07-31 07:28:56,068 WARN  OffsetsForLeaderEpochUtils - Attempt to fetch offsets for partition streams-plaintext-input-0 failed due to: Topic deletion is disabled., retrying.
2026-07-31 07:28:56,168 WARN  OffsetsForLeaderEpochUtils - Attempt to fetch offsets for partition streams-plaintext-input-0 failed due to: Topic deletion is disabled., retrying.
2026-07-31 07:28:56,268 WARN  OffsetsForLeaderEpochUtils - Attempt to fetch offsets for partition streams-plaintext-input-0 failed due to: Topic deletion is disabled., retrying.
2026-07-31 07:28:56,368 WARN  OffsetsForLeaderEpochUtils - Attempt to fetch offsets for partition streams-plaintext-input-0 failed due to: Topic deletion is disabled., retrying.
2026-07-31 07:28:56,468 WARN  OffsetsForLeaderEpochUtils - Attempt to fetch offsets for partition streams-plaintext-input-0 failed due to: Topic deletion is disabled., retrying.
2026-07-31 07:28:56,568 WARN  OffsetsForLeaderEpochUtils - Attempt to fetch offsets for partition streams-plaintext-input-0 failed due to: Topic deletion is disabled., retrying.
2026-07-31 07:28:56,668 WARN  OffsetsForLeaderEpochUtils - Attempt to fetch offsets for partition streams-plaintext-input-0 failed due to: Topic deletion is disabled., retrying.
2026-07-31 07:28:56,768 WARN  OffsetsForLeaderEpochUtils - Attempt to fetch offsets for partition streams-plaintext-input-0 failed due to: Topic deletion is disabled., retrying.
2026-07-31 07:28:56,868 WARN  OffsetsForLeaderEpochUtils - Attempt to fetch offsets for partition streams-plaintext-input-0 failed due to: Topic deletion is disabled., retrying.
2026-07-31 07:28:56,968 WARN  OffsetsForLeaderEpochUtils - Attempt to fetch offsets for partition streams-plaintext-input-0 failed due to: Topic deletion is disabled., retrying.
2026-07-31 07:28:57,068 WARN  OffsetsForLeaderEpochUtils - Attempt to fetch offsets for partition streams-plaintext-input-0 failed due to: Topic deletion is disabled., retrying.
2026-07-31 07:28:57,168 WARN  OffsetsForLeaderEpochUtils - Attempt to fetch offsets for partition streams-plaintext-input-0 failed due to: Topic deletion is disabled., retrying.
2026-07-31 07:28:57,268 WARN  OffsetsForLeaderEpochUtils - Attempt to fetch offsets for partition streams-plaintext-input-0 failed due to: Topic deletion is disabled., retrying.
2026-07-31 07:28:57,368 WARN  OffsetsForLeaderEpochUtils - Attempt to fetch offsets for partition streams-plaintext-input-0 failed due to: Topic deletion is disabled., retrying.
2026-07-31 07:28:57,468 WARN  OffsetsForLeaderEpochUtils - Attempt to fetch offsets for partition streams-plaintext-input-0 failed due to: Topic deletion is disabled., retrying.
2026-07-31 07:28:57,568 WARN  OffsetsForLeaderEpochUtils - Attempt to fetch offsets for partition streams-plaintext-input-0 failed due to: Topic deletion is disabled., retrying.
2026-07-31 07:28:57,668 WARN  OffsetsForLeaderEpochUtils - Attempt to fetch offsets for partition streams-plaintext-input-0 failed due to: Topic deletion is disabled., retrying.
2026-07-31 07:28:57,768 WARN  OffsetsForLeaderEpochUtils - Attempt to fetch offsets for partition streams-plaintext-input-0 failed due to: Topic deletion is disabled., retrying.
2026-07-31 07:28:57,868 WARN  OffsetsForLeaderEpochUtils - Attempt to fetch offsets for partition streams-plaintext-input-0 failed due to: Topic deletion is disabled., retrying.
2026-07-31 07:28:57,968 WARN  OffsetsForLeaderEpochUtils - Attempt to fetch offsets for partition streams-plaintext-input-0 failed due to: Topic deletion is disabled., retrying.
2026-07-31 07:28:58,068 WARN  OffsetsForLeaderEpochUtils - Attempt to fetch offsets for partition streams-plaintext-input-0 failed due to: Topic deletion is disabled., retrying.
2026-07-31 07:28:58,168 WARN  OffsetsForLeaderEpochUtils - Attempt to fetch offsets for partition streams-plaintext-input-0 failed due to: Topic deletion is disabled., retrying.
2026-07-31 07:28:58,268 WARN  OffsetsForLeaderEpochUtils - Attempt to fetch offsets for partition streams-plaintext-input-0 failed due to: Topic deletion is disabled., retrying.
2026-07-31 07:28:58,368 WARN  OffsetsForLeaderEpochUtils - Attempt to fetch offsets for partition streams-plaintext-input-0 failed due to: Topic deletion is disabled., retrying.
2026-07-31 07:28:58,468 WARN  OffsetsForLeaderEpochUtils - Attempt to fetch offsets for partition streams-plaintext-input-0 failed due to: Topic deletion is disabled., retrying.
2026-07-31 07:28:58,568 WARN  OffsetsForLeaderEpochUtils - Attempt to fetch offsets for partition streams-plaintext-input-0 failed due to: Topic deletion is disabled., retrying.
2026-07-31 07:28:58,668 WARN  OffsetsForLeaderEpochUtils - Attempt to fetch offsets for partition streams-plaintext-input-0 failed due to: Topic deletion is disabled., retrying.
2026-07-31 07:28:58,768 WARN  OffsetsForLeaderEpochUtils - Attempt to fetch offsets for partition streams-plaintext-input-0 failed due to: Topic deletion is disabled., retrying.
2026-07-31 07:28:58,868 WARN  OffsetsForLeaderEpochUtils - Attempt to fetch offsets for partition streams-plaintext-input-0 failed due to: Topic deletion is disabled., retrying.
2026-07-31 07:28:58,968 WARN  OffsetsForLeaderEpochUtils - Attempt to fetch offsets for partition streams-plaintext-input-0 failed due to: Topic deletion is disabled., retrying.
2026-07-31 07:28:59,068 WARN  OffsetsForLeaderEpochUtils - Attempt to fetch offsets for partition streams-plaintext-input-0 failed due to: Topic deletion is disabled., retrying.
2026-07-31 07:28:59,168 WARN  OffsetsForLeaderEpochUtils - Attempt to fetch offsets for partition streams-plaintext-input-0 failed due to: Topic deletion is disabled., retrying.
2026-07-31 07:28:59,268 WARN  OffsetsForLeaderEpochUtils - Attempt to fetch offsets for partition streams-plaintext-input-0 failed due to: Topic deletion is disabled., retrying.
2026-07-31 07:28:59,368 WARN  OffsetsForLeaderEpochUtils - Attempt to fetch offsets for partition streams-plaintext-input-0 failed due to: Topic deletion is disabled., retrying.
2026-07-31 07:28:59,468 WARN  OffsetsForLeaderEpochUtils - Attempt to fetch offsets for partition streams-plaintext-input-0 failed due to: Topic deletion is disabled., retrying.
2026-07-31 07:28:59,568 WARN  OffsetsForLeaderEpochUtils - Attempt to fetch offsets for partition streams-plaintext-input-0 failed due to: Topic deletion is disabled., retrying.
2026-07-31 07:28:59,668 WARN  OffsetsForLeaderEpochUtils - Attempt to fetch offsets for partition streams-plaintext-input-0 failed due to: Topic deletion is disabled., retrying.
2026-07-31 07:28:59,768 WARN  OffsetsForLeaderEpochUtils - Attempt to fetch offsets for partition streams-plaintext-input-0 failed due to: Topic deletion is disabled., retrying.
2026-07-31 07:28:59,868 WARN  OffsetsForLeaderEpochUtils - Attempt to fetch offsets for partition streams-plaintext-input-0 failed due to: Topic deletion is disabled., retrying.
2026-07-31 07:28:59,968 WARN  OffsetsForLeaderEpochUtils - Attempt to fetch offsets for partition streams-plaintext-input-0 failed due to: Topic deletion is disabled., retrying.
2026-07-31 07:29:00,068 WARN  OffsetsForLeaderEpochUtils - Attempt to fetch offsets for partition streams-plaintext-input-0 failed due to: Topic deletion is disabled., retrying.
2026-07-31 07:29:00,168 WARN  OffsetsForLeaderEpochUtils - Attempt to fetch offsets for partition streams-plaintext-input-0 failed due to: Topic deletion is disabled., retrying.
2026-07-31 07:29:00,268 WARN  OffsetsForLeaderEpochUtils - Attempt to fetch offsets for partition streams-plaintext-input-0 failed due to: Topic deletion is disabled., retrying.
2026-07-31 07:29:00,368 WARN  OffsetsForLeaderEpochUtils - Attempt to fetch offsets for partition streams-plaintext-input-0 failed due to: Topic deletion is disabled., retrying.
2026-07-31 07:29:00,468 WARN  OffsetsForLeaderEpochUtils - Attempt to fetch offsets for partition streams-plaintext-input-0 failed due to: Topic deletion is disabled., retrying.
2026-07-31 07:29:00,568 WARN  OffsetsForLeaderEpochUtils - Attempt to fetch offsets for partition streams-plaintext-input-0 failed due to: Topic deletion is disabled., retrying.
2026-07-31 07:29:00,668 WARN  OffsetsForLeaderEpochUtils - Attempt to fetch offsets for partition streams-plaintext-input-0 failed due to: Topic deletion is disabled., retrying.
2026-07-31 07:29:00,768 WARN  OffsetsForLeaderEpochUtils - Attempt to fetch offsets for partition streams-plaintext-input-0 failed due to: Topic deletion is disabled., retrying.
2026-07-31 07:29:00,868 WARN  OffsetsForLeaderEpochUtils - Attempt to fetch offsets for partition streams-plaintext-input-0 failed due to: Topic deletion is disabled., retrying.
2026-07-31 07:29:00,968 WARN  OffsetsForLeaderEpochUtils - Attempt to fetch offsets for partition streams-plaintext-input-0 failed due to: Topic deletion is disabled., retrying.
2026-07-31 07:29:01,068 WARN  OffsetsForLeaderEpochUtils - Attempt to fetch offsets for partition streams-plaintext-input-0 failed due to: Topic deletion is disabled., retrying.
2026-07-31 07:29:01,168 WARN  OffsetsForLeaderEpochUtils - Attempt to fetch offsets for partition streams-plaintext-input-0 failed due to: Topic deletion is disabled., retrying.
2026-07-31 07:29:01,268 WARN  OffsetsForLeaderEpochUtils - Attempt to fetch offsets for partition streams-plaintext-input-0 failed due to: Topic deletion is disabled., retrying.
2026-07-31 07:29:01,368 WARN  OffsetsForLeaderEpochUtils - Attempt to fetch offsets for partition streams-plaintext-input-0 failed due to: Topic deletion is disabled., retrying.
2026-07-31 07:29:01,468 WARN  OffsetsForLeaderEpochUtils - Attempt to fetch offsets for partition streams-plaintext-input-0 failed due to: Topic deletion is disabled., retrying.
2026-07-31 07:29:01,568 WARN  OffsetsForLeaderEpochUtils - Attempt to fetch offsets for partition streams-plaintext-input-0 failed due to: Topic deletion is disabled., retrying.
2026-07-31 07:29:01,668 WARN  OffsetsForLeaderEpochUtils - Attempt to fetch offsets for partition streams-plaintext-input-0 failed due to: Topic deletion is disabled., retrying.
2026-07-31 07:29:01,768 WARN  OffsetsForLeaderEpochUtils - Attempt to fetch offsets for partition streams-plaintext-input-0 failed due to: Topic deletion is disabled., retrying.
2026-07-31 07:29:01,868 WARN  OffsetsForLeaderEpochUtils - Attempt to fetch offsets for partition streams-plaintext-input-0 failed due to: Topic deletion is disabled., retrying.
2026-07-31 07:29:01,968 WARN  OffsetsForLeaderEpochUtils - Attempt to fetch offsets for partition streams-plaintext-input-0 failed due to: Topic deletion is disabled., retrying.
2026-07-31 07:29:02,068 WARN  OffsetsForLeaderEpochUtils - Attempt to fetch offsets for partition streams-plaintext-input-0 failed due to: Topic deletion is disabled., retrying.
2026-07-31 07:29:02,168 WARN  OffsetsForLeaderEpochUtils - Attempt to fetch offsets for partition streams-plaintext-input-0 failed due to: Topic deletion is disabled., retrying.
2026-07-31 07:29:02,268 WARN  OffsetsForLeaderEpochUtils - Attempt to fetch offsets for partition streams-plaintext-input-0 failed due to: Topic deletion is disabled., retrying.
2026-07-31 07:29:02,368 WARN  OffsetsForLeaderEpochUtils - Attempt to fetch offsets for partition streams-plaintext-input-0 failed due to: Topic deletion is disabled., retrying.
2026-07-31 07:29:02,468 WARN  OffsetsForLeaderEpochUtils - Attempt to fetch offsets for partition streams-plaintext-input-0 failed due to: Topic deletion is disabled., retrying.
2026-07-31 07:29:02,568 WARN  OffsetsForLeaderEpochUtils - Attempt to fetch offsets for partition streams-plaintext-input-0 failed due to: Topic deletion is disabled., retrying.
2026-07-31 07:29:02,668 WARN  OffsetsForLeaderEpochUtils - Attempt to fetch offsets for partition streams-plaintext-input-0 failed due to: Topic deletion is disabled., retrying.
2026-07-31 07:29:02,768 WARN  OffsetsForLeaderEpochUtils - Attempt to fetch offsets for partition streams-plaintext-input-0 failed due to: Topic deletion is disabled., retrying.
2026-07-31 07:29:02,868 WARN  OffsetsForLeaderEpochUtils - Attempt to fetch offsets for partition streams-plaintext-input-0 failed due to: Topic deletion is disabled., retrying.
2026-07-31 07:29:02,968 WARN  OffsetsForLeaderEpochUtils - Attempt to fetch offsets for partition streams-plaintext-input-0 failed due to: Topic deletion is disabled., retrying.
2026-07-31 07:29:03,068 WARN  OffsetsForLeaderEpochUtils - Attempt to fetch offsets for partition streams-plaintext-input-0 failed due to: Topic deletion is disabled., retrying.
2026-07-31 07:29:03,168 WARN  OffsetsForLeaderEpochUtils - Attempt to fetch offsets for partition streams-plaintext-input-0 failed due to: Topic deletion is disabled., retrying.
2026-07-31 07:29:03,268 WARN  OffsetsForLeaderEpochUtils - Attempt to fetch offsets for partition streams-plaintext-input-0 failed due to: Topic deletion is disabled., retrying.
2026-07-31 07:29:03,368 WARN  OffsetsForLeaderEpochUtils - Attempt to fetch offsets for partition streams-plaintext-input-0 failed due to: Topic deletion is disabled., retrying.
2026-07-31 07:29:03,468 WARN  OffsetsForLeaderEpochUtils - Attempt to fetch offsets for partition streams-plaintext-input-0 failed due to: Topic deletion is disabled., retrying.
2026-07-31 07:29:03,568 WARN  OffsetsForLeaderEpochUtils - Attempt to fetch offsets for partition streams-plaintext-input-0 failed due to: Topic deletion is disabled., retrying.
2026-07-31 07:29:03,668 WARN  OffsetsForLeaderEpochUtils - Attempt to fetch offsets for partition streams-plaintext-input-0 failed due to: Topic deletion is disabled., retrying.
2026-07-31 07:29:03,768 WARN  OffsetsForLeaderEpochUtils - Attempt to fetch offsets for partition streams-plaintext-input-0 failed due to: Topic deletion is disabled., retrying.
2026-07-31 07:29:03,868 WARN  OffsetsForLeaderEpochUtils - Attempt to fetch offsets for partition streams-plaintext-input-0 failed due to: Topic deletion is disabled., retrying.
2026-07-31 07:29:03,968 WARN  OffsetsForLeaderEpochUtils - Attempt to fetch offsets for partition streams-plaintext-input-0 failed due to: Topic deletion is disabled., retrying.
2026-07-31 07:29:04,068 WARN  OffsetsForLeaderEpochUtils - Attempt to fetch offsets for partition streams-plaintext-input-0 failed due to: Topic deletion is disabled., retrying.
2026-07-31 07:29:04,168 WARN  OffsetsForLeaderEpochUtils - Attempt to fetch offsets for partition streams-plaintext-input-0 failed due to: Topic deletion is disabled., retrying.
2026-07-31 07:29:04,268 WARN  OffsetsForLeaderEpochUtils - Attempt to fetch offsets for partition streams-plaintext-input-0 failed due to: Topic deletion is disabled., retrying.
2026-07-31 07:29:04,368 WARN  OffsetsForLeaderEpochUtils - Attempt to fetch offsets for partition streams-plaintext-input-0 failed due to: Topic deletion is disabled., retrying.
2026-07-31 07:29:04,468 WARN  OffsetsForLeaderEpochUtils - Attempt to fetch offsets for partition streams-plaintext-input-0 failed due to: Topic deletion is disabled., retrying.
2026-07-31 07:29:04,568 WARN  OffsetsForLeaderEpochUtils - Attempt to fetch offsets for partition streams-plaintext-input-0 failed due to: Topic deletion is disabled., retrying.
2026-07-31 07:29:04,668 WARN  OffsetsForLeaderEpochUtils - Attempt to fetch offsets for partition streams-plaintext-input-0 failed due to: Topic deletion is disabled., retrying.
2026-07-31 07:29:04,768 WARN  OffsetsForLeaderEpochUtils - Attempt to fetch offsets for partition streams-plaintext-input-0 failed due to: Topic deletion is disabled., retrying.
2026-07-31 07:29:04,868 WARN  OffsetsForLeaderEpochUtils - Attempt to fetch offsets for partition streams-plaintext-input-0 failed due to: Topic deletion is disabled., retrying.
2026-07-31 07:29:04,968 WARN  OffsetsForLeaderEpochUtils - Attempt to fetch offsets for partition streams-plaintext-input-0 failed due to: Topic deletion is disabled., retrying.
2026-07-31 07:29:05,068 WARN  OffsetsForLeaderEpochUtils - Attempt to fetch offsets for partition streams-plaintext-input-0 failed due to: Topic deletion is disabled., retrying.
2026-07-31 07:29:05,168 WARN  OffsetsForLeaderEpochUtils - Attempt to fetch offsets for partition streams-plaintext-input-0 failed due to: Topic deletion is disabled., retrying.
2026-07-31 07:29:05,268 WARN  OffsetsForLeaderEpochUtils - Attempt to fetch offsets for partition streams-plaintext-input-0 failed due to: Topic deletion is disabled., retrying.
2026-07-31 07:29:05,368 WARN  OffsetsForLeaderEpochUtils - Attempt to fetch offsets for partition streams-plaintext-input-0 failed due to: Topic deletion is disabled., retrying.
2026-07-31 07:29:05,468 WARN  OffsetsForLeaderEpochUtils - Attempt to fetch offsets for partition streams-plaintext-input-0 failed due to: Topic deletion is disabled., retrying.
2026-07-31 07:29:05,568 WARN  OffsetsForLeaderEpochUtils - Attempt to fetch offsets for partition streams-plaintext-input-0 failed due to: Topic deletion is disabled., retrying.
2026-07-31 07:29:05,668 WARN  OffsetsForLeaderEpochUtils - Attempt to fetch offsets for partition streams-plaintext-input-0 failed due to: Topic deletion is disabled., retrying.
2026-07-31 07:29:05,768 WARN  OffsetsForLeaderEpochUtils - Attempt to fetch offsets for partition streams-plaintext-input-0 failed due to: Topic deletion is disabled., retrying.
2026-07-31 07:29:05,868 WARN  OffsetsForLeaderEpochUtils - Attempt to fetch offsets for partition streams-plaintext-input-0 failed due to: Topic deletion is disabled., retrying.
2026-07-31 07:29:05,968 WARN  OffsetsForLeaderEpochUtils - Attempt to fetch offsets for partition streams-plaintext-input-0 failed due to: Topic deletion is disabled., retrying.
2026-07-31 07:29:06,068 WARN  OffsetsForLeaderEpochUtils - Attempt to fetch offsets for partition streams-plaintext-input-0 failed due to: Topic deletion is disabled., retrying.
2026-07-31 07:29:06,168 WARN  OffsetsForLeaderEpochUtils - Attempt to fetch offsets for partition streams-plaintext-input-0 failed due to: Topic deletion is disabled., retrying.
2026-07-31 07:29:06,268 WARN  OffsetsForLeaderEpochUtils - Attempt to fetch offsets for partition streams-plaintext-input-0 failed due to: Topic deletion is disabled., retrying.
2026-07-31 07:29:06,368 WARN  OffsetsForLeaderEpochUtils - Attempt to fetch offsets for partition streams-plaintext-input-0 failed due to: Topic deletion is disabled., retrying.
2026-07-31 07:29:06,468 WARN  OffsetsForLeaderEpochUtils - Attempt to fetch offsets for partition streams-plaintext-input-0 failed due to: Topic deletion is disabled., retrying.
2026-07-31 07:29:06,568 WARN  OffsetsForLeaderEpochUtils - Attempt to fetch offsets for partition streams-plaintext-input-0 failed due to: Topic deletion is disabled., retrying.
2026-07-31 07:29:06,668 WARN  OffsetsForLeaderEpochUtils - Attempt to fetch offsets for partition streams-plaintext-input-0 failed due to: Topic deletion is disabled., retrying.
2026-07-31 07:29:06,768 WARN  OffsetsForLeaderEpochUtils - Attempt to fetch offsets for partition streams-plaintext-input-0 failed due to: Topic deletion is disabled., retrying.
2026-07-31 07:29:06,868 WARN  OffsetsForLeaderEpochUtils - Attempt to fetch offsets for partition streams-plaintext-input-0 failed due to: Topic deletion is disabled., retrying.
2026-07-31 07:29:06,968 WARN  OffsetsForLeaderEpochUtils - Attempt to fetch offsets for partition streams-plaintext-input-0 failed due to: Topic deletion is disabled., retrying.
2026-07-31 07:29:07,068 WARN  OffsetsForLeaderEpochUtils - Attempt to fetch offsets for partition streams-plaintext-input-0 failed due to: Topic deletion is disabled., retrying.
2026-07-31 07:29:07,168 WARN  OffsetsForLeaderEpochUtils - Attempt to fetch offsets for partition streams-plaintext-input-0 failed due to: Topic deletion is disabled., retrying.
2026-07-31 07:29:07,268 WARN  OffsetsForLeaderEpochUtils - Attempt to fetch offsets for partition streams-plaintext-input-0 failed due to: Topic deletion is disabled., retrying.
2026-07-31 07:29:07,368 WARN  OffsetsForLeaderEpochUtils - Attempt to fetch offsets for partition streams-plaintext-input-0 failed due to: Topic deletion is disabled., retrying.
2026-07-31 07:29:07,468 WARN  OffsetsForLeaderEpochUtils - Attempt to fetch offsets for partition streams-plaintext-input-0 failed due to: Topic deletion is disabled., retrying.
2026-07-31 07:29:07,568 WARN  OffsetsForLeaderEpochUtils - Attempt to fetch offsets for partition streams-plaintext-input-0 failed due to: Topic deletion is disabled., retrying.
2026-07-31 07:29:07,668 WARN  OffsetsForLeaderEpochUtils - Attempt to fetch offsets for partition streams-plaintext-input-0 failed due to: Topic deletion is disabled., retrying.
2026-07-31 07:29:07,768 WARN  OffsetsForLeaderEpochUtils - Attempt to fetch offsets for partition streams-plaintext-input-0 failed due to: Topic deletion is disabled., retrying.
2026-07-31 07:29:07,868 WARN  OffsetsForLeaderEpochUtils - Attempt to fetch offsets for partition streams-plaintext-input-0 failed due to: Topic deletion is disabled., retrying.
2026-07-31 07:29:07,968 WARN  OffsetsForLeaderEpochUtils - Attempt to fetch offsets for partition streams-plaintext-input-0 failed due to: Topic deletion is disabled., retrying.
2026-07-31 07:29:08,068 WARN  OffsetsForLeaderEpochUtils - Attempt to fetch offsets for partition streams-plaintext-input-0 failed due to: Topic deletion is disabled., retrying.
2026-07-31 07:29:08,168 WARN  OffsetsForLeaderEpochUtils - Attempt to fetch offsets for partition streams-plaintext-input-0 failed due to: Topic deletion is disabled., retrying.
2026-07-31 07:29:08,268 WARN  OffsetsForLeaderEpochUtils - Attempt to fetch offsets for partition streams-plaintext-input-0 failed due to: Topic deletion is disabled., retrying.
2026-07-31 07:29:08,368 WARN  OffsetsForLeaderEpochUtils - Attempt to fetch offsets for partition streams-plaintext-input-0 failed due to: Topic deletion is disabled., retrying.
2026-07-31 07:29:08,468 WARN  OffsetsForLeaderEpochUtils - Attempt to fetch offsets for partition streams-plaintext-input-0 failed due to: Topic deletion is disabled., retrying.
2026-07-31 07:29:08,568 WARN  OffsetsForLeaderEpochUtils - Attempt to fetch offsets for partition streams-plaintext-input-0 failed due to: Topic deletion is disabled., retrying.
2026-07-31 07:29:08,668 WARN  OffsetsForLeaderEpochUtils - Attempt to fetch offsets for partition streams-plaintext-input-0 failed due to: Topic deletion is disabled., retrying.
2026-07-31 07:29:08,768 WARN  OffsetsForLeaderEpochUtils - Attempt to fetch offsets for partition streams-plaintext-input-0 failed due to: Topic deletion is disabled., retrying.
2026-07-31 07:29:08,868 WARN  OffsetsForLeaderEpochUtils - Attempt to fetch offsets for partition streams-plaintext-input-0 failed due to: Topic deletion is disabled., retrying.
2026-07-31 07:29:08,968 WARN  OffsetsForLeaderEpochUtils - Attempt to fetch offsets for partition streams-plaintext-input-0 failed due to: Topic deletion is disabled., retrying.
2026-07-31 07:29:09,068 WARN  OffsetsForLeaderEpochUtils - Attempt to fetch offsets for partition streams-plaintext-input-0 failed due to: Topic deletion is disabled., retrying.
2026-07-31 07:29:09,168 WARN  OffsetsForLeaderEpochUtils - Attempt to fetch offsets for partition streams-plaintext-input-0 failed due to: Topic deletion is disabled., retrying.
2026-07-31 07:29:09,268 WARN  OffsetsForLeaderEpochUtils - Attempt to fetch offsets for partition streams-plaintext-input-0 failed due to: Topic deletion is disabled., retrying.
2026-07-31 07:29:09,368 WARN  OffsetsForLeaderEpochUtils - Attempt to fetch offsets for partition streams-plaintext-input-0 failed due to: Topic deletion is disabled., retrying.
2026-07-31 07:29:09,468 WARN  OffsetsForLeaderEpochUtils - Attempt to fetch offsets for partition streams-plaintext-input-0 failed due to: Topic deletion is disabled., retrying.
2026-07-31 07:29:09,568 WARN  OffsetsForLeaderEpochUtils - Attempt to fetch offsets for partition streams-plaintext-input-0 failed due to: Topic deletion is disabled., retrying.
2026-07-31 07:29:09,668 WARN  OffsetsForLeaderEpochUtils - Attempt to fetch offsets for partition streams-plaintext-input-0 failed due to: Topic deletion is disabled., retrying.
2026-07-31 07:29:09,768 WARN  OffsetsForLeaderEpochUtils - Attempt to fetch offsets for partition streams-plaintext-input-0 failed due to: Topic deletion is disabled., retrying.
2026-07-31 07:29:09,868 WARN  OffsetsForLeaderEpochUtils - Attempt to fetch offsets for partition streams-plaintext-input-0 failed due to: Topic deletion is disabled., retrying.
2026-07-31 07:29:09,968 WARN  OffsetsForLeaderEpochUtils - Attempt to fetch offsets for partition streams-plaintext-input-0 failed due to: Topic deletion is disabled., retrying.
2026-07-31 07:29:10,068 WARN  OffsetsForLeaderEpochUtils - Attempt to fetch offsets for partition streams-plaintext-input-0 failed due to: Topic deletion is disabled., retrying.
2026-07-31 07:29:10,168 WARN  OffsetsForLeaderEpochUtils - Attempt to fetch offsets for partition streams-plaintext-input-0 failed due to: Topic deletion is disabled., retrying.
2026-07-31 07:29:10,268 WARN  OffsetsForLeaderEpochUtils - Attempt to fetch offsets for partition streams-plaintext-input-0 failed due to: Topic deletion is disabled., retrying.
2026-07-31 07:29:10,368 WARN  OffsetsForLeaderEpochUtils - Attempt to fetch offsets for partition streams-plaintext-input-0 failed due to: Topic deletion is disabled., retrying.
2026-07-31 07:29:10,468 WARN  OffsetsForLeaderEpochUtils - Attempt to fetch offsets for partition streams-plaintext-input-0 failed due to: Topic deletion is disabled., retrying.
2026-07-31 07:29:10,568 WARN  OffsetsForLeaderEpochUtils - Attempt to fetch offsets for partition streams-plaintext-input-0 failed due to: Topic deletion is disabled., retrying.
2026-07-31 07:29:10,668 WARN  OffsetsForLeaderEpochUtils - Attempt to fetch offsets for partition streams-plaintext-input-0 failed due to: Topic deletion is disabled., retrying.
2026-07-31 07:29:10,768 WARN  OffsetsForLeaderEpochUtils - Attempt to fetch offsets for partition streams-plaintext-input-0 failed due to: Topic deletion is disabled., retrying.
2026-07-31 07:29:10,868 WARN  OffsetsForLeaderEpochUtils - Attempt to fetch offsets for partition streams-plaintext-input-0 failed due to: Topic deletion is disabled., retrying.
2026-07-31 07:29:10,968 WARN  OffsetsForLeaderEpochUtils - Attempt to fetch offsets for partition streams-plaintext-input-0 failed due to: Topic deletion is disabled., retrying.
2026-07-31 07:29:11,068 WARN  OffsetsForLeaderEpochUtils - Attempt to fetch offsets for partition streams-plaintext-input-0 failed due to: Topic deletion is disabled., retrying.
2026-07-31 07:29:11,168 WARN  OffsetsForLeaderEpochUtils - Attempt to fetch offsets for partition streams-plaintext-input-0 failed due to: Topic deletion is disabled., retrying.
2026-07-31 07:29:11,268 WARN  OffsetsForLeaderEpochUtils - Attempt to fetch offsets for partition streams-plaintext-input-0 failed due to: Topic deletion is disabled., retrying.
2026-07-31 07:29:11,368 WARN  OffsetsForLeaderEpochUtils - Attempt to fetch offsets for partition streams-plaintext-input-0 failed due to: Topic deletion is disabled., retrying.
2026-07-31 07:29:11,468 WARN  OffsetsForLeaderEpochUtils - Attempt to fetch offsets for partition streams-plaintext-input-0 failed due to: Topic deletion is disabled., retrying.
2026-07-31 07:29:11,568 WARN  OffsetsForLeaderEpochUtils - Attempt to fetch offsets for partition streams-plaintext-input-0 failed due to: Topic deletion is disabled., retrying.
2026-07-31 07:29:11,668 WARN  OffsetsForLeaderEpochUtils - Attempt to fetch offsets for partition streams-plaintext-input-0 failed due to: Topic deletion is disabled., retrying.
2026-07-31 07:29:11,768 WARN  OffsetsForLeaderEpochUtils - Attempt to fetch offsets for partition streams-plaintext-input-0 failed due to: Topic deletion is disabled., retrying.
2026-07-31 07:29:11,868 WARN  OffsetsForLeaderEpochUtils - Attempt to fetch offsets for partition streams-plaintext-input-0 failed due to: Topic deletion is disabled., retrying.
2026-07-31 07:29:11,968 WARN  OffsetsForLeaderEpochUtils - Attempt to fetch offsets for partition streams-plaintext-input-0 failed due to: Topic deletion is disabled., retrying.
2026-07-31 07:29:12,068 WARN  OffsetsForLeaderEpochUtils - Attempt to fetch offsets for partition streams-plaintext-input-0 failed due to: Topic deletion is disabled., retrying.
2026-07-31 07:29:12,168 WARN  OffsetsForLeaderEpochUtils - Attempt to fetch offsets for partition streams-plaintext-input-0 failed due to: Topic deletion is disabled., retrying.
2026-07-31 07:29:12,268 WARN  OffsetsForLeaderEpochUtils - Attempt to fetch offsets for partition streams-plaintext-input-0 failed due to: Topic deletion is disabled., retrying.
2026-07-31 07:29:12,368 WARN  OffsetsForLeaderEpochUtils - Attempt to fetch offsets for partition streams-plaintext-input-0 failed due to: Topic deletion is disabled., retrying.
2026-07-31 07:29:12,468 WARN  OffsetsForLeaderEpochUtils - Attempt to fetch offsets for partition streams-plaintext-input-0 failed due to: Topic deletion is disabled., retrying.
2026-07-31 07:29:12,568 WARN  OffsetsForLeaderEpochUtils - Attempt to fetch offsets for partition streams-plaintext-input-0 failed due to: Topic deletion is disabled., retrying.
2026-07-31 07:29:12,668 WARN  OffsetsForLeaderEpochUtils - Attempt to fetch offsets for partition streams-plaintext-input-0 failed due to: Topic deletion is disabled., retrying.
2026-07-31 07:29:12,768 WARN  OffsetsForLeaderEpochUtils - Attempt to fetch offsets for partition streams-plaintext-input-0 failed due to: Topic deletion is disabled., retrying.
2026-07-31 07:29:12,868 WARN  OffsetsForLeaderEpochUtils - Attempt to fetch offsets for partition streams-plaintext-input-0 failed due to: Topic deletion is disabled., retrying.
2026-07-31 07:29:12,968 WARN  OffsetsForLeaderEpochUtils - Attempt to fetch offsets for partition streams-plaintext-input-0 failed due to: Topic deletion is disabled., retrying.
2026-07-31 07:29:13,068 WARN  OffsetsForLeaderEpochUtils - Attempt to fetch offsets for partition streams-plaintext-input-0 failed due to: Topic deletion is disabled., retrying.
2026-07-31 07:29:13,168 WARN  OffsetsForLeaderEpochUtils - Attempt to fetch offsets for partition streams-plaintext-input-0 failed due to: Topic deletion is disabled., retrying.
2026-07-31 07:29:13,268 WARN  OffsetsForLeaderEpochUtils - Attempt to fetch offsets for partition streams-plaintext-input-0 failed due to: Topic deletion is disabled., retrying.
2026-07-31 07:29:13,368 WARN  OffsetsForLeaderEpochUtils - Attempt to fetch offsets for partition streams-plaintext-input-0 failed due to: Topic deletion is disabled., retrying.
2026-07-31 07:29:13,468 WARN  OffsetsForLeaderEpochUtils - Attempt to fetch offsets for partition streams-plaintext-input-0 failed due to: Topic deletion is disabled., retrying.
2026-07-31 07:29:13,568 WARN  OffsetsForLeaderEpochUtils - Attempt to fetch offsets for partition streams-plaintext-input-0 failed due to: Topic deletion is disabled., retrying.
2026-07-31 07:29:13,668 WARN  OffsetsForLeaderEpochUtils - Attempt to fetch offsets for partition streams-plaintext-input-0 failed due to: Topic deletion is disabled., retrying.
2026-07-31 07:29:13,768 WARN  OffsetsForLeaderEpochUtils - Attempt to fetch offsets for partition streams-plaintext-input-0 failed due to: Topic deletion is disabled., retrying.
2026-07-31 07:29:13,868 WARN  OffsetsForLeaderEpochUtils - Attempt to fetch offsets for partition streams-plaintext-input-0 failed due to: Topic deletion is disabled., retrying.
2026-07-31 07:29:13,968 WARN  OffsetsForLeaderEpochUtils - Attempt to fetch offsets for partition streams-plaintext-input-0 failed due to: Topic deletion is disabled., retrying.
2026-07-31 07:29:14,068 WARN  OffsetsForLeaderEpochUtils - Attempt to fetch offsets for partition streams-plaintext-input-0 failed due to: Topic deletion is disabled., retrying.
2026-07-31 07:29:14,168 WARN  OffsetsForLeaderEpochUtils - Attempt to fetch offsets for partition streams-plaintext-input-0 failed due to: Topic deletion is disabled., retrying.
2026-07-31 07:29:14,268 WARN  OffsetsForLeaderEpochUtils - Attempt to fetch offsets for partition streams-plaintext-input-0 failed due to: Topic deletion is disabled., retrying.
2026-07-31 07:29:14,368 WARN  OffsetsForLeaderEpochUtils - Attempt to fetch offsets for partition streams-plaintext-input-0 failed due to: Topic deletion is disabled., retrying.
2026-07-31 07:29:14,468 WARN  OffsetsForLeaderEpochUtils - Attempt to fetch offsets for partition streams-plaintext-input-0 failed due to: Topic deletion is disabled., retrying.
2026-07-31 07:29:14,568 WARN  OffsetsForLeaderEpochUtils - Attempt to fetch offsets for partition streams-plaintext-input-0 failed due to: Topic deletion is disabled., retrying.
2026-07-31 07:29:14,668 WARN  OffsetsForLeaderEpochUtils - Attempt to fetch offsets for partition streams-plaintext-input-0 failed due to: Topic deletion is disabled., retrying.
2026-07-31 07:29:14,768 WARN  OffsetsForLeaderEpochUtils - Attempt to fetch offsets for partition streams-plaintext-input-0 failed due to: Topic deletion is disabled., retrying.
2026-07-31 07:29:14,868 WARN  OffsetsForLeaderEpochUtils - Attempt to fetch offsets for partition streams-plaintext-input-0 failed due to: Topic deletion is disabled., retrying.
2026-07-31 07:29:14,968 WARN  OffsetsForLeaderEpochUtils - Attempt to fetch offsets for partition streams-plaintext-input-0 failed due to: Topic deletion is disabled., retrying.
2026-07-31 07:29:15,068 WARN  OffsetsForLeaderEpochUtils - Attempt to fetch offsets for partition streams-plaintext-input-0 failed due to: Topic deletion is disabled., retrying.
2026-07-31 07:29:15,168 WARN  OffsetsForLeaderEpochUtils - Attempt to fetch offsets for partition streams-plaintext-input-0 failed due to: Topic deletion is disabled., retrying.
2026-07-31 07:29:15,268 WARN  OffsetsForLeaderEpochUtils - Attempt to fetch offsets for partition streams-plaintext-input-0 failed due to: Topic deletion is disabled., retrying.
2026-07-31 07:29:15,368 WARN  OffsetsForLeaderEpochUtils - Attempt to fetch offsets for partition streams-plaintext-input-0 failed due to: Topic deletion is disabled., retrying.
2026-07-31 07:29:15,468 WARN  OffsetsForLeaderEpochUtils - Attempt to fetch offsets for partition streams-plaintext-input-0 failed due to: Topic deletion is disabled., retrying.
2026-07-31 07:29:15,568 WARN  OffsetsForLeaderEpochUtils - Attempt to fetch offsets for partition streams-plaintext-input-0 failed due to: Topic deletion is disabled., retrying.
2026-07-31 07:29:15,668 WARN  OffsetsForLeaderEpochUtils - Attempt to fetch offsets for partition streams-plaintext-input-0 failed due to: Topic deletion is disabled., retrying.
2026-07-31 07:29:15,768 WARN  OffsetsForLeaderEpochUtils - Attempt to fetch offsets for partition streams-plaintext-input-0 failed due to: Topic deletion is disabled., retrying.
2026-07-31 07:29:15,868 WARN  OffsetsForLeaderEpochUtils - Attempt to fetch offsets for partition streams-plaintext-input-0 failed due to: Topic deletion is disabled., retrying.
2026-07-31 07:29:15,968 WARN  OffsetsForLeaderEpochUtils - Attempt to fetch offsets for partition streams-plaintext-input-0 failed due to: Topic deletion is disabled., retrying.
2026-07-31 07:29:16,068 WARN  OffsetsForLeaderEpochUtils - Attempt to fetch offsets for partition streams-plaintext-input-0 failed due to: Topic deletion is disabled., retrying.
2026-07-31 07:29:16,168 WARN  OffsetsForLeaderEpochUtils - Attempt to fetch offsets for partition streams-plaintext-input-0 failed due to: Topic deletion is disabled., retrying.
2026-07-31 07:29:16,268 WARN  OffsetsForLeaderEpochUtils - Attempt to fetch offsets for partition streams-plaintext-input-0 failed due to: Topic deletion is disabled., retrying.
2026-07-31 07:29:16,368 WARN  OffsetsForLeaderEpochUtils - Attempt to fetch offsets for partition streams-plaintext-input-0 failed due to: Topic deletion is disabled., retrying.
2026-07-31 07:29:16,468 WARN  OffsetsForLeaderEpochUtils - Attempt to fetch offsets for partition streams-plaintext-input-0 failed due to: Topic deletion is disabled., retrying.
2026-07-31 07:29:16,568 WARN  OffsetsForLeaderEpochUtils - Attempt to fetch offsets for partition streams-plaintext-input-0 failed due to: Topic deletion is disabled., retrying.
2026-07-31 07:29:16,668 WARN  OffsetsForLeaderEpochUtils - Attempt to fetch offsets for partition streams-plaintext-input-0 failed due to: Topic deletion is disabled., retrying.
2026-07-31 07:29:16,768 WARN  OffsetsForLeaderEpochUtils - Attempt to fetch offsets for partition streams-plaintext-input-0 failed due to: Topic deletion is disabled., retrying.
2026-07-31 07:29:16,868 WARN  OffsetsForLeaderEpochUtils - Attempt to fetch offsets for partition streams-plaintext-input-0 failed due to: Topic deletion is disabled., retrying.
2026-07-31 07:29:16,968 WARN  OffsetsForLeaderEpochUtils - Attempt to fetch offsets for partition streams-plaintext-input-0 failed due to: Topic deletion is disabled., retrying.
2026-07-31 07:29:17,068 WARN  OffsetsForLeaderEpochUtils - Attempt to fetch offsets for partition streams-plaintext-input-0 failed due to: Topic deletion is disabled., retrying.
2026-07-31 07:29:17,168 WARN  OffsetsForLeaderEpochUtils - Attempt to fetch offsets for partition streams-plaintext-input-0 failed due to: Topic deletion is disabled., retrying.
2026-07-31 07:29:17,268 WARN  OffsetsForLeaderEpochUtils - Attempt to fetch offsets for partition streams-plaintext-input-0 failed due to: Topic deletion is disabled., retrying.
2026-07-31 07:29:17,368 WARN  OffsetsForLeaderEpochUtils - Attempt to fetch offsets for partition streams-plaintext-input-0 failed due to: Topic deletion is disabled., retrying.
2026-07-31 07:29:17,468 WARN  OffsetsForLeaderEpochUtils - Attempt to fetch offsets for partition streams-plaintext-input-0 failed due to: Topic deletion is disabled., retrying.
2026-07-31 07:29:17,568 WARN  OffsetsForLeaderEpochUtils - Attempt to fetch offsets for partition streams-plaintext-input-0 failed due to: Topic deletion is disabled., retrying.
2026-07-31 07:29:17,668 WARN  OffsetsForLeaderEpochUtils - Attempt to fetch offsets for partition streams-plaintext-input-0 failed due to: Topic deletion is disabled., retrying.
2026-07-31 07:29:17,768 WARN  OffsetsForLeaderEpochUtils - Attempt to fetch offsets for partition streams-plaintext-input-0 failed due to: Topic deletion is disabled., retrying.
2026-07-31 07:29:17,868 WARN  OffsetsForLeaderEpochUtils - Attempt to fetch offsets for partition streams-plaintext-input-0 failed due to: Topic deletion is disabled., retrying.
2026-07-31 07:29:17,968 WARN  OffsetsForLeaderEpochUtils - Attempt to fetch offsets for partition streams-plaintext-input-0 failed due to: Topic deletion is disabled., retrying.
2026-07-31 07:29:18,068 WARN  OffsetsForLeaderEpochUtils - Attempt to fetch offsets for partition streams-plaintext-input-0 failed due to: Topic deletion is disabled., retrying.
2026-07-31 07:29:18,168 WARN  OffsetsForLeaderEpochUtils - Attempt to fetch offsets for partition streams-plaintext-input-0 failed due to: Topic deletion is disabled., retrying.
2026-07-31 07:29:18,268 WARN  OffsetsForLeaderEpochUtils - Attempt to fetch offsets for partition streams-plaintext-input-0 failed due to: Topic deletion is disabled., retrying.
2026-07-31 07:29:18,368 WARN  OffsetsForLeaderEpochUtils - Attempt to fetch offsets for partition streams-plaintext-input-0 failed due to: Topic deletion is disabled., retrying.
2026-07-31 07:29:18,468 WARN  OffsetsForLeaderEpochUtils - Attempt to fetch offsets for partition streams-plaintext-input-0 failed due to: Topic deletion is disabled., retrying.
2026-07-31 07:29:18,568 WARN  OffsetsForLeaderEpochUtils - Attempt to fetch offsets for partition streams-plaintext-input-0 failed due to: Topic deletion is disabled., retrying.
2026-07-31 07:29:18,668 WARN  OffsetsForLeaderEpochUtils - Attempt to fetch offsets for partition streams-plaintext-input-0 failed due to: Topic deletion is disabled., retrying.
2026-07-31 07:29:18,768 WARN  OffsetsForLeaderEpochUtils - Attempt to fetch offsets for partition streams-plaintext-input-0 failed due to: Topic deletion is disabled., retrying.
2026-07-31 07:29:18,868 WARN  OffsetsForLeaderEpochUtils - Attempt to fetch offsets for partition streams-plaintext-input-0 failed due to: Topic deletion is disabled., retrying.
2026-07-31 07:29:18,968 WARN  OffsetsForLeaderEpochUtils - Attempt to fetch offsets for partition streams-plaintext-input-0 failed due to: Topic deletion is disabled., retrying.
2026-07-31 07:29:19,068 WARN  OffsetsForLeaderEpochUtils - Attempt to fetch offsets for partition streams-plaintext-input-0 failed due to: Topic deletion is disabled., retrying.
2026-07-31 07:29:19,168 WARN  OffsetsForLeaderEpochUtils - Attempt to fetch offsets for partition streams-plaintext-input-0 failed due to: Topic deletion is disabled., retrying.
2026-07-31 07:29:19,268 WARN  OffsetsForLeaderEpochUtils - Attempt to fetch offsets for partition streams-plaintext-input-0 failed due to: Topic deletion is disabled., retrying.
2026-07-31 07:29:19,368 WARN  OffsetsForLeaderEpochUtils - Attempt to fetch offsets for partition streams-plaintext-input-0 failed due to: Topic deletion is disabled., retrying.
2026-07-31 07:29:19,468 WARN  OffsetsForLeaderEpochUtils - Attempt to fetch offsets for partition streams-plaintext-input-0 failed due to: Topic deletion is disabled., retrying.
2026-07-31 07:29:19,568 WARN  OffsetsForLeaderEpochUtils - Attempt to fetch offsets for partition streams-plaintext-input-0 failed due to: Topic deletion is disabled., retrying.
2026-07-31 07:29:19,668 WARN  OffsetsForLeaderEpochUtils - Attempt to fetch offsets for partition streams-plaintext-input-0 failed due to: Topic deletion is disabled., retrying.
2026-07-31 07:29:19,768 WARN  OffsetsForLeaderEpochUtils - Attempt to fetch offsets for partition streams-plaintext-input-0 failed due to: Topic deletion is disabled., retrying.
2026-07-31 07:29:19,868 WARN  OffsetsForLeaderEpochUtils - Attempt to fetch offsets for partition streams-plaintext-input-0 failed due to: Topic deletion is disabled., retrying.
2026-07-31 07:29:19,968 WARN  OffsetsForLeaderEpochUtils - Attempt to fetch offsets for partition streams-plaintext-input-0 failed due to: Topic deletion is disabled., retrying.
2026-07-31 07:29:20,068 WARN  OffsetsForLeaderEpochUtils - Attempt to fetch offsets for partition streams-plaintext-input-0 failed due to: Topic deletion is disabled., retrying.
2026-07-31 07:29:20,168 WARN  OffsetsForLeaderEpochUtils - Attempt to fetch offsets for partition streams-plaintext-input-0 failed due to: Topic deletion is disabled., retrying.
2026-07-31 07:29:20,268 WARN  OffsetsForLeaderEpochUtils - Attempt to fetch offsets for partition streams-plaintext-input-0 failed due to: Topic deletion is disabled., retrying.
2026-07-31 07:29:20,368 WARN  OffsetsForLeaderEpochUtils - Attempt to fetch offsets for partition streams-plaintext-input-0 failed due to: Topic deletion is disabled., retrying.
2026-07-31 07:29:20,468 WARN  OffsetsForLeaderEpochUtils - Attempt to fetch offsets for partition streams-plaintext-input-0 failed due to: Topic deletion is disabled., retrying.
2026-07-31 07:29:20,568 WARN  OffsetsForLeaderEpochUtils - Attempt to fetch offsets for partition streams-plaintext-input-0 failed due to: Topic deletion is disabled., retrying.
2026-07-31 07:29:20,668 WARN  OffsetsForLeaderEpochUtils - Attempt to fetch offsets for partition streams-plaintext-input-0 failed due to: Topic deletion is disabled., retrying.
2026-07-31 07:29:20,768 WARN  OffsetsForLeaderEpochUtils - Attempt to fetch offsets for partition streams-plaintext-input-0 failed due to: Topic deletion is disabled., retrying.
2026-07-31 07:29:20,868 WARN  OffsetsForLeaderEpochUtils - Attempt to fetch offsets for partition streams-plaintext-input-0 failed due to: Topic deletion is disabled., retrying.
2026-07-31 07:29:20,968 WARN  OffsetsForLeaderEpochUtils - Attempt to fetch offsets for partition streams-plaintext-input-0 failed due to: Topic deletion is disabled., retrying.
2026-07-31 07:29:21,068 WARN  OffsetsForLeaderEpochUtils - Attempt to fetch offsets for partition streams-plaintext-input-0 failed due to: Topic deletion is disabled., retrying.
2026-07-31 07:29:21,168 WARN  OffsetsForLeaderEpochUtils - Attempt to fetch offsets for partition streams-plaintext-input-0 failed due to: Topic deletion is disabled., retrying.
2026-07-31 07:29:21,268 WARN  OffsetsForLeaderEpochUtils - Attempt to fetch offsets for partition streams-plaintext-input-0 failed due to: Topic deletion is disabled., retrying.
2026-07-31 07:29:21,368 WARN  OffsetsForLeaderEpochUtils - Attempt to fetch offsets for partition streams-plaintext-input-0 failed due to: Topic deletion is disabled., retrying.
2026-07-31 07:29:21,468 WARN  OffsetsForLeaderEpochUtils - Attempt to fetch offsets for partition streams-plaintext-input-0 failed due to: Topic deletion is disabled., retrying.
2026-07-31 07:29:21,568 WARN  OffsetsForLeaderEpochUtils - Attempt to fetch offsets for partition streams-plaintext-input-0 failed due to: Topic deletion is disabled., retrying.
2026-07-31 07:29:21,668 WARN  OffsetsForLeaderEpochUtils - Attempt to fetch offsets for partition streams-plaintext-input-0 failed due to: Topic deletion is disabled., retrying.
2026-07-31 07:29:21,768 WARN  OffsetsForLeaderEpochUtils - Attempt to fetch offsets for partition streams-plaintext-input-0 failed due to: Topic deletion is disabled., retrying.
2026-07-31 07:29:21,868 WARN  OffsetsForLeaderEpochUtils - Attempt to fetch offsets for partition streams-plaintext-input-0 failed due to: Topic deletion is disabled., retrying.
2026-07-31 07:29:21,968 WARN  OffsetsForLeaderEpochUtils - Attempt to fetch offsets for partition streams-plaintext-input-0 failed due to: Topic deletion is disabled., retrying.
2026-07-31 07:29:22,068 WARN  OffsetsForLeaderEpochUtils - Attempt to fetch offsets for partition streams-plaintext-input-0 failed due to: Topic deletion is disabled., retrying.
2026-07-31 07:29:22,168 WARN  OffsetsForLeaderEpochUtils - Attempt to fetch offsets for partition streams-plaintext-input-0 failed due to: Topic deletion is disabled., retrying.
2026-07-31 07:29:22,268 WARN  OffsetsForLeaderEpochUtils - Attempt to fetch offsets for partition streams-plaintext-input-0 failed due to: Topic deletion is disabled., retrying.
2026-07-31 07:29:22,368 WARN  OffsetsForLeaderEpochUtils - Attempt to fetch offsets for partition streams-plaintext-input-0 failed due to: Topic deletion is disabled., retrying.
2026-07-31 07:29:22,468 WARN  OffsetsForLeaderEpochUtils - Attempt to fetch offsets for partition streams-plaintext-input-0 failed due to: Topic deletion is disabled., retrying.
2026-07-31 07:29:22,568 WARN  OffsetsForLeaderEpochUtils - Attempt to fetch offsets for partition streams-plaintext-input-0 failed due to: Topic deletion is disabled., retrying.
2026-07-31 07:29:22,668 WARN  OffsetsForLeaderEpochUtils - Attempt to fetch offsets for partition streams-plaintext-input-0 failed due to: Topic deletion is disabled., retrying.
2026-07-31 07:29:22,768 WARN  OffsetsForLeaderEpochUtils - Attempt to fetch offsets for partition streams-plaintext-input-0 failed due to: Topic deletion is disabled., retrying.
2026-07-31 07:29:22,868 WARN  OffsetsForLeaderEpochUtils - Attempt to fetch offsets for partition streams-plaintext-input-0 failed due to: Topic deletion is disabled., retrying.
2026-07-31 07:29:22,968 WARN  OffsetsForLeaderEpochUtils - Attempt to fetch offsets for partition streams-plaintext-input-0 failed due to: Topic deletion is disabled., retrying.
2026-07-31 07:29:23,068 WARN  OffsetsForLeaderEpochUtils - Attempt to fetch offsets for partition streams-plaintext-input-0 failed due to: Topic deletion is disabled., retrying.
2026-07-31 07:29:23,168 WARN  OffsetsForLeaderEpochUtils - Attempt to fetch offsets for partition streams-plaintext-input-0 failed due to: Topic deletion is disabled., retrying.
2026-07-31 07:29:23,268 WARN  OffsetsForLeaderEpochUtils - Attempt to fetch offsets for partition streams-plaintext-input-0 failed due to: Topic deletion is disabled., retrying.
2026-07-31 07:29:23,368 WARN  OffsetsForLeaderEpochUtils - Attempt to fetch offsets for partition streams-plaintext-input-0 failed due to: Topic deletion is disabled., retrying.
2026-07-31 07:29:23,468 WARN  OffsetsForLeaderEpochUtils - Attempt to fetch offsets for partition streams-plaintext-input-0 failed due to: Topic deletion is disabled., retrying.
2026-07-31 07:29:23,568 WARN  OffsetsForLeaderEpochUtils - Attempt to fetch offsets for partition streams-plaintext-input-0 failed due to: Topic deletion is disabled., retrying.
2026-07-31 07:29:23,668 WARN  OffsetsForLeaderEpochUtils - Attempt to fetch offsets for partition streams-plaintext-input-0 failed due to: Topic deletion is disabled., retrying.
2026-07-31 07:29:23,768 WARN  OffsetsForLeaderEpochUtils - Attempt to fetch offsets for partition streams-plaintext-input-0 failed due to: Topic deletion is disabled., retrying.
2026-07-31 07:29:23,868 WARN  OffsetsForLeaderEpochUtils - Attempt to fetch offsets for partition streams-plaintext-input-0 failed due to: Topic deletion is disabled., retrying.
2026-07-31 07:29:23,968 WARN  OffsetsForLeaderEpochUtils - Attempt to fetch offsets for partition streams-plaintext-input-0 failed due to: Topic deletion is disabled., retrying.
2026-07-31 07:29:24,068 WARN  OffsetsForLeaderEpochUtils - Attempt to fetch offsets for partition streams-plaintext-input-0 failed due to: Topic deletion is disabled., retrying.
2026-07-31 07:29:24,168 WARN  OffsetsForLeaderEpochUtils - Attempt to fetch offsets for partition streams-plaintext-input-0 failed due to: Topic deletion is disabled., retrying.
2026-07-31 07:29:24,268 WARN  OffsetsForLeaderEpochUtils - Attempt to fetch offsets for partition streams-plaintext-input-0 failed due to: Topic deletion is disabled., retrying.
2026-07-31 07:29:24,368 WARN  OffsetsForLeaderEpochUtils - Attempt to fetch offsets for partition streams-plaintext-input-0 failed due to: Topic deletion is disabled., retrying.
2026-07-31 07:29:24,468 WARN  OffsetsForLeaderEpochUtils - Attempt to fetch offsets for partition streams-plaintext-input-0 failed due to: Topic deletion is disabled., retrying.
2026-07-31 07:29:24,568 WARN  OffsetsForLeaderEpochUtils - Attempt to fetch offsets for partition streams-plaintext-input-0 failed due to: Topic deletion is disabled., retrying.
2026-07-31 07:29:24,668 WARN  OffsetsForLeaderEpochUtils - Attempt to fetch offsets for partition streams-plaintext-input-0 failed due to: Topic deletion is disabled., retrying.
2026-07-31 07:29:24,768 WARN  OffsetsForLeaderEpochUtils - Attempt to fetch offsets for partition streams-plaintext-input-0 failed due to: Topic deletion is disabled., retrying.
2026-07-31 07:29:24,868 WARN  OffsetsForLeaderEpochUtils - Attempt to fetch offsets for partition streams-plaintext-input-0 failed due to: Topic deletion is disabled., retrying.
2026-07-31 07:29:24,968 WARN  OffsetsForLeaderEpochUtils - Attempt to fetch offsets for partition streams-plaintext-input-0 failed due to: Topic deletion is disabled., retrying.
2026-07-31 07:29:25,068 WARN  OffsetsForLeaderEpochUtils - Attempt to fetch offsets for partition streams-plaintext-input-0 failed due to: Topic deletion is disabled., retrying.
2026-07-31 07:29:25,168 WARN  OffsetsForLeaderEpochUtils - Attempt to fetch offsets for partition streams-plaintext-input-0 failed due to: Topic deletion is disabled., retrying.
2026-07-31 07:29:25,268 WARN  OffsetsForLeaderEpochUtils - Attempt to fetch offsets for partition streams-plaintext-input-0 failed due to: Topic deletion is disabled., retrying.
2026-07-31 07:29:25,368 WARN  OffsetsForLeaderEpochUtils - Attempt to fetch offsets for partition streams-plaintext-input-0 failed due to: Topic deletion is disabled., retrying.
2026-07-31 07:29:25,468 WARN  OffsetsForLeaderEpochUtils - Attempt to fetch offsets for partition streams-plaintext-input-0 failed due to: Topic deletion is disabled., retrying.
2026-07-31 07:29:25,568 WARN  OffsetsForLeaderEpochUtils - Attempt to fetch offsets for partition streams-plaintext-input-0 failed due to: Topic deletion is disabled., retrying.
2026-07-31 07:29:25,668 WARN  OffsetsForLeaderEpochUtils - Attempt to fetch offsets for partition streams-plaintext-input-0 failed due to: Topic deletion is disabled., retrying.
2026-07-31 07:29:25,768 WARN  OffsetsForLeaderEpochUtils - Attempt to fetch offsets for partition streams-plaintext-input-0 failed due to: Topic deletion is disabled., retrying.
2026-07-31 07:29:25,868 WARN  OffsetsForLeaderEpochUtils - Attempt to fetch offsets for partition streams-plaintext-input-0 failed due to: Topic deletion is disabled., retrying.
2026-07-31 07:29:25,968 WARN  OffsetsForLeaderEpochUtils - Attempt to fetch offsets for partition streams-plaintext-input-0 failed due to: Topic deletion is disabled., retrying.
2026-07-31 07:29:26,068 WARN  OffsetsForLeaderEpochUtils - Attempt to fetch offsets for partition streams-plaintext-input-0 failed due to: Topic deletion is disabled., retrying.
2026-07-31 07:29:26,168 WARN  OffsetsForLeaderEpochUtils - Attempt to fetch offsets for partition streams-plaintext-input-0 failed due to: Topic deletion is disabled., retrying.
2026-07-31 07:29:26,268 WARN  OffsetsForLeaderEpochUtils - Attempt to fetch offsets for partition streams-plaintext-input-0 failed due to: Topic deletion is disabled., retrying.
2026-07-31 07:29:26,368 WARN  OffsetsForLeaderEpochUtils - Attempt to fetch offsets for partition streams-plaintext-input-0 failed due to: Topic deletion is disabled., retrying.
2026-07-31 07:29:26,468 WARN  OffsetsForLeaderEpochUtils - Attempt to fetch offsets for partition streams-plaintext-input-0 failed due to: Topic deletion is disabled., retrying.
2026-07-31 07:29:26,568 WARN  OffsetsForLeaderEpochUtils - Attempt to fetch offsets for partition streams-plaintext-input-0 failed due to: Topic deletion is disabled., retrying.
2026-07-31 07:29:26,668 WARN  OffsetsForLeaderEpochUtils - Attempt to fetch offsets for partition streams-plaintext-input-0 failed due to: Topic deletion is disabled., retrying.
2026-07-31 07:29:26,768 WARN  OffsetsForLeaderEpochUtils - Attempt to fetch offsets for partition streams-plaintext-input-0 failed due to: Topic deletion is disabled., retrying.
2026-07-31 07:29:26,868 WARN  OffsetsForLeaderEpochUtils - Attempt to fetch offsets for partition streams-plaintext-input-0 failed due to: Topic deletion is disabled., retrying.
2026-07-31 07:29:26,968 WARN  OffsetsForLeaderEpochUtils - Attempt to fetch offsets for partition streams-plaintext-input-0 failed due to: Topic deletion is disabled., retrying.
2026-07-31 07:29:27,068 WARN  OffsetsForLeaderEpochUtils - Attempt to fetch offsets for partition streams-plaintext-input-0 failed due to: Topic deletion is disabled., retrying.
2026-07-31 07:29:27,168 WARN  OffsetsForLeaderEpochUtils - Attempt to fetch offsets for partition streams-plaintext-input-0 failed due to: Topic deletion is disabled., retrying.
2026-07-31 07:29:27,268 WARN  OffsetsForLeaderEpochUtils - Attempt to fetch offsets for partition streams-plaintext-input-0 failed due to: Topic deletion is disabled., retrying.
2026-07-31 07:29:27,368 WARN  OffsetsForLeaderEpochUtils - Attempt to fetch offsets for partition streams-plaintext-input-0 failed due to: Topic deletion is disabled., retrying.
2026-07-31 07:29:27,468 WARN  OffsetsForLeaderEpochUtils - Attempt to fetch offsets for partition streams-plaintext-input-0 failed due to: Topic deletion is disabled., retrying.
2026-07-31 07:29:27,568 WARN  OffsetsForLeaderEpochUtils - Attempt to fetch offsets for partition streams-plaintext-input-0 failed due to: Topic deletion is disabled., retrying.
2026-07-31 07:29:27,668 WARN  OffsetsForLeaderEpochUtils - Attempt to fetch offsets for partition streams-plaintext-input-0 failed due to: Topic deletion is disabled., retrying.
2026-07-31 07:29:27,768 WARN  OffsetsForLeaderEpochUtils - Attempt to fetch offsets for partition streams-plaintext-input-0 failed due to: Topic deletion is disabled., retrying.
2026-07-31 07:29:27,868 WARN  OffsetsForLeaderEpochUtils - Attempt to fetch offsets for partition streams-plaintext-input-0 failed due to: Topic deletion is disabled., retrying.
2026-07-31 07:29:27,968 WARN  OffsetsForLeaderEpochUtils - Attempt to fetch offsets for partition streams-plaintext-input-0 failed due to: Topic deletion is disabled., retrying.
2026-07-31 07:29:28,068 WARN  OffsetsForLeaderEpochUtils - Attempt to fetch offsets for partition streams-plaintext-input-0 failed due to: Topic deletion is disabled., retrying.
2026-07-31 07:29:28,168 WARN  OffsetsForLeaderEpochUtils - Attempt to fetch offsets for partition streams-plaintext-input-0 failed due to: Topic deletion is disabled., retrying.
2026-07-31 07:29:28,268 WARN  OffsetsForLeaderEpochUtils - Attempt to fetch offsets for partition streams-plaintext-input-0 failed due to: Topic deletion is disabled., retrying.
2026-07-31 07:29:28,368 WARN  OffsetsForLeaderEpochUtils - Attempt to fetch offsets for partition streams-plaintext-input-0 failed due to: Topic deletion is disabled., retrying.
2026-07-31 07:29:28,468 WARN  OffsetsForLeaderEpochUtils - Attempt to fetch offsets for partition streams-plaintext-input-0 failed due to: Topic deletion is disabled., retrying.
2026-07-31 07:29:28,568 WARN  OffsetsForLeaderEpochUtils - Attempt to fetch offsets for partition streams-plaintext-input-0 failed due to: Topic deletion is disabled., retrying.
2026-07-31 07:29:28,668 WARN  OffsetsForLeaderEpochUtils - Attempt to fetch offsets for partition streams-plaintext-input-0 failed due to: Topic deletion is disabled., retrying.
2026-07-31 07:29:28,768 WARN  OffsetsForLeaderEpochUtils - Attempt to fetch offsets for partition streams-plaintext-input-0 failed due to: Topic deletion is disabled., retrying.
2026-07-31 07:29:28,868 WARN  OffsetsForLeaderEpochUtils - Attempt to fetch offsets for partition streams-plaintext-input-0 failed due to: Topic deletion is disabled., retrying.
2026-07-31 07:29:28,968 WARN  OffsetsForLeaderEpochUtils - Attempt to fetch offsets for partition streams-plaintext-input-0 failed due to: Topic deletion is disabled., retrying.
2026-07-31 07:29:29,068 WARN  OffsetsForLeaderEpochUtils - Attempt to fetch offsets for partition streams-plaintext-input-0 failed due to: Topic deletion is disabled., retrying.
2026-07-31 07:29:29,168 WARN  OffsetsForLeaderEpochUtils - Attempt to fetch offsets for partition streams-plaintext-input-0 failed due to: Topic deletion is disabled., retrying.
2026-07-31 07:29:29,268 WARN  OffsetsForLeaderEpochUtils - Attempt to fetch offsets for partition streams-plaintext-input-0 failed due to: Topic deletion is disabled., retrying.
2026-07-31 07:29:29,368 WARN  OffsetsForLeaderEpochUtils - Attempt to fetch offsets for partition streams-plaintext-input-0 failed due to: Topic deletion is disabled., retrying.
2026-07-31 07:29:29,468 WARN  OffsetsForLeaderEpochUtils - Attempt to fetch offsets for partition streams-plaintext-input-0 failed due to: Topic deletion is disabled., retrying.
2026-07-31 07:29:29,568 WARN  OffsetsForLeaderEpochUtils - Attempt to fetch offsets for partition streams-plaintext-input-0 failed due to: Topic deletion is disabled., retrying.
2026-07-31 07:29:29,668 WARN  OffsetsForLeaderEpochUtils - Attempt to fetch offsets for partition streams-plaintext-input-0 failed due to: Topic deletion is disabled., retrying.
2026-07-31 07:29:29,768 WARN  OffsetsForLeaderEpochUtils - Attempt to fetch offsets for partition streams-plaintext-input-0 failed due to: Topic deletion is disabled., retrying.
2026-07-31 07:29:29,868 WARN  OffsetsForLeaderEpochUtils - Attempt to fetch offsets for partition streams-plaintext-input-0 failed due to: Topic deletion is disabled., retrying.
2026-07-31 07:29:29,968 WARN  OffsetsForLeaderEpochUtils - Attempt to fetch offsets for partition streams-plaintext-input-0 failed due to: Topic deletion is disabled., retrying.
2026-07-31 07:29:30,068 WARN  OffsetsForLeaderEpochUtils - Attempt to fetch offsets for partition streams-plaintext-input-0 failed due to: Topic deletion is disabled., retrying.
2026-07-31 07:29:30,168 WARN  OffsetsForLeaderEpochUtils - Attempt to fetch offsets for partition streams-plaintext-input-0 failed due to: Topic deletion is disabled., retrying.
2026-07-31 07:29:30,268 WARN  OffsetsForLeaderEpochUtils - Attempt to fetch offsets for partition streams-plaintext-input-0 failed due to: Topic deletion is disabled., retrying.
2026-07-31 07:29:30,368 WARN  OffsetsForLeaderEpochUtils - Attempt to fetch offsets for partition streams-plaintext-input-0 failed due to: Topic deletion is disabled., retrying.
2026-07-31 07:29:30,468 WARN  OffsetsForLeaderEpochUtils - Attempt to fetch offsets for partition streams-plaintext-input-0 failed due to: Topic deletion is disabled., retrying.
2026-07-31 07:29:30,568 WARN  OffsetsForLeaderEpochUtils - Attempt to fetch offsets for partition streams-plaintext-input-0 failed due to: Topic deletion is disabled., retrying.
2026-07-31 07:29:30,668 WARN  OffsetsForLeaderEpochUtils - Attempt to fetch offsets for partition streams-plaintext-input-0 failed due to: Topic deletion is disabled., retrying.
2026-07-31 07:29:30,768 WARN  OffsetsForLeaderEpochUtils - Attempt to fetch offsets for partition streams-plaintext-input-0 failed due to: Topic deletion is disabled., retrying.
2026-07-31 07:29:30,868 WARN  OffsetsForLeaderEpochUtils - Attempt to fetch offsets for partition streams-plaintext-input-0 failed due to: Topic deletion is disabled., retrying.
2026-07-31 07:29:30,968 WARN  OffsetsForLeaderEpochUtils - Attempt to fetch offsets for partition streams-plaintext-input-0 failed due to: Topic deletion is disabled., retrying.
2026-07-31 07:29:31,068 WARN  OffsetsForLeaderEpochUtils - Attempt to fetch offsets for partition streams-plaintext-input-0 failed due to: Topic deletion is disabled., retrying.
2026-07-31 07:29:31,168 WARN  OffsetsForLeaderEpochUtils - Attempt to fetch offsets for partition streams-plaintext-input-0 failed due to: Topic deletion is disabled., retrying.
2026-07-31 07:29:31,268 WARN  OffsetsForLeaderEpochUtils - Attempt to fetch offsets for partition streams-plaintext-input-0 failed due to: Topic deletion is disabled., retrying.
2026-07-31 07:29:31,368 WARN  OffsetsForLeaderEpochUtils - Attempt to fetch offsets for partition streams-plaintext-input-0 failed due to: Topic deletion is disabled., retrying.
2026-07-31 07:29:31,468 WARN  OffsetsForLeaderEpochUtils - Attempt to fetch offsets for partition streams-plaintext-input-0 failed due to: Topic deletion is disabled., retrying.
2026-07-31 07:29:31,568 WARN  OffsetsForLeaderEpochUtils - Attempt to fetch offsets for partition streams-plaintext-input-0 failed due to: Topic deletion is disabled., retrying.
2026-07-31 07:29:31,668 WARN  OffsetsForLeaderEpochUtils - Attempt to fetch offsets for partition streams-plaintext-input-0 failed due to: Topic deletion is disabled., retrying.
2026-07-31 07:29:31,768 WARN  OffsetsForLeaderEpochUtils - Attempt to fetch offsets for partition streams-plaintext-input-0 failed due to: Topic deletion is disabled., retrying.
2026-07-31 07:29:31,868 WARN  OffsetsForLeaderEpochUtils - Attempt to fetch offsets for partition streams-plaintext-input-0 failed due to: Topic deletion is disabled., retrying.
2026-07-31 07:29:31,968 WARN  OffsetsForLeaderEpochUtils - Attempt to fetch offsets for partition streams-plaintext-input-0 failed due to: Topic deletion is disabled., retrying.
2026-07-31 07:29:32,068 WARN  OffsetsForLeaderEpochUtils - Attempt to fetch offsets for partition streams-plaintext-input-0 failed due to: Topic deletion is disabled., retrying.
2026-07-31 07:29:32,168 WARN  OffsetsForLeaderEpochUtils - Attempt to fetch offsets for partition streams-plaintext-input-0 failed due to: Topic deletion is disabled., retrying.
2026-07-31 07:29:32,268 WARN  OffsetsForLeaderEpochUtils - Attempt to fetch offsets for partition streams-plaintext-input-0 failed due to: Topic deletion is disabled., retrying.
2026-07-31 07:29:32,368 WARN  OffsetsForLeaderEpochUtils - Attempt to fetch offsets for partition streams-plaintext-input-0 failed due to: Topic deletion is disabled., retrying.
2026-07-31 07:29:32,468 WARN  OffsetsForLeaderEpochUtils - Attempt to fetch offsets for partition streams-plaintext-input-0 failed due to: Topic deletion is disabled., retrying.
2026-07-31 07:29:32,568 WARN  OffsetsForLeaderEpochUtils - Attempt to fetch offsets for partition streams-plaintext-input-0 failed due to: Topic deletion is disabled., retrying.
2026-07-31 07:29:32,668 WARN  OffsetsForLeaderEpochUtils - Attempt to fetch offsets for partition streams-plaintext-input-0 failed due to: Topic deletion is disabled., retrying.
2026-07-31 07:29:32,768 WARN  OffsetsForLeaderEpochUtils - Attempt to fetch offsets for partition streams-plaintext-input-0 failed due to: Topic deletion is disabled., retrying.
2026-07-31 07:29:32,868 WARN  OffsetsForLeaderEpochUtils - Attempt to fetch offsets for partition streams-plaintext-input-0 failed due to: Topic deletion is disabled., retrying.
2026-07-31 07:29:32,968 WARN  OffsetsForLeaderEpochUtils - Attempt to fetch offsets for partition streams-plaintext-input-0 failed due to: Topic deletion is disabled., retrying.
2026-07-31 07:29:33,068 WARN  OffsetsForLeaderEpochUtils - Attempt to fetch offsets for partition streams-plaintext-input-0 failed due to: Topic deletion is disabled., retrying.
2026-07-31 07:29:33,168 WARN  OffsetsForLeaderEpochUtils - Attempt to fetch offsets for partition streams-plaintext-input-0 failed due to: Topic deletion is disabled., retrying.
2026-07-31 07:29:33,268 WARN  OffsetsForLeaderEpochUtils - Attempt to fetch offsets for partition streams-plaintext-input-0 failed due to: Topic deletion is disabled., retrying.
2026-07-31 07:29:33,368 WARN  OffsetsForLeaderEpochUtils - Attempt to fetch offsets for partition streams-plaintext-input-0 failed due to: Topic deletion is disabled., retrying.
2026-07-31 07:29:33,468 WARN  OffsetsForLeaderEpochUtils - Attempt to fetch offsets for partition streams-plaintext-input-0 failed due to: Topic deletion is disabled., retrying.
2026-07-31 07:29:33,568 WARN  OffsetsForLeaderEpochUtils - Attempt to fetch offsets for partition streams-plaintext-input-0 failed due to: Topic deletion is disabled., retrying.
2026-07-31 07:29:33,668 WARN  OffsetsForLeaderEpochUtils - Attempt to fetch offsets for partition streams-plaintext-input-0 failed due to: Topic deletion is disabled., retrying.
2026-07-31 07:29:33,768 WARN  OffsetsForLeaderEpochUtils - Attempt to fetch offsets for partition streams-plaintext-input-0 failed due to: Topic deletion is disabled., retrying.
2026-07-31 07:29:33,868 WARN  OffsetsForLeaderEpochUtils - Attempt to fetch offsets for partition streams-plaintext-input-0 failed due to: Topic deletion is disabled., retrying.
2026-07-31 07:29:33,968 WARN  OffsetsForLeaderEpochUtils - Attempt to fetch offsets for partition streams-plaintext-input-0 failed due to: Topic deletion is disabled., retrying.
2026-07-31 07:29:34,068 WARN  OffsetsForLeaderEpochUtils - Attempt to fetch offsets for partition streams-plaintext-input-0 failed due to: Topic deletion is disabled., retrying.
2026-07-31 07:29:34,168 WARN  OffsetsForLeaderEpochUtils - Attempt to fetch offsets for partition streams-plaintext-input-0 failed due to: Topic deletion is disabled., retrying.
2026-07-31 07:29:34,268 WARN  OffsetsForLeaderEpochUtils - Attempt to fetch offsets for partition streams-plaintext-input-0 failed due to: Topic deletion is disabled., retrying.
2026-07-31 07:29:34,368 WARN  OffsetsForLeaderEpochUtils - Attempt to fetch offsets for partition streams-plaintext-input-0 failed due to: Topic deletion is disabled., retrying.
2026-07-31 07:29:34,468 WARN  OffsetsForLeaderEpochUtils - Attempt to fetch offsets for partition streams-plaintext-input-0 failed due to: Topic deletion is disabled., retrying.
2026-07-31 07:29:34,568 WARN  OffsetsForLeaderEpochUtils - Attempt to fetch offsets for partition streams-plaintext-input-0 failed due to: Topic deletion is disabled., retrying.
2026-07-31 07:29:34,668 WARN  OffsetsForLeaderEpochUtils - Attempt to fetch offsets for partition streams-plaintext-input-0 failed due to: Topic deletion is disabled., retrying.
2026-07-31 07:29:34,768 WARN  OffsetsForLeaderEpochUtils - Attempt to fetch offsets for partition streams-plaintext-input-0 failed due to: Topic deletion is disabled., retrying.
2026-07-31 07:29:34,868 WARN  OffsetsForLeaderEpochUtils - Attempt to fetch offsets for partition streams-plaintext-input-0 failed due to: Topic deletion is disabled., retrying.
2026-07-31 07:29:34,968 WARN  OffsetsForLeaderEpochUtils - Attempt to fetch offsets for partition streams-plaintext-input-0 failed due to: Topic deletion is disabled., retrying.
2026-07-31 07:29:35,068 WARN  OffsetsForLeaderEpochUtils - Attempt to fetch offsets for partition streams-plaintext-input-0 failed due to: Topic deletion is disabled., retrying.
2026-07-31 07:29:35,168 WARN  OffsetsForLeaderEpochUtils - Attempt to fetch offsets for partition streams-plaintext-input-0 failed due to: Topic deletion is disabled., retrying.
2026-07-31 07:29:35,268 WARN  OffsetsForLeaderEpochUtils - Attempt to fetch offsets for partition streams-plaintext-input-0 failed due to: Topic deletion is disabled., retrying.
2026-07-31 07:29:35,368 WARN  OffsetsForLeaderEpochUtils - Attempt to fetch offsets for partition streams-plaintext-input-0 failed due to: Topic deletion is disabled., retrying.
2026-07-31 07:29:35,468 WARN  OffsetsForLeaderEpochUtils - Attempt to fetch offsets for partition streams-plaintext-input-0 failed due to: Topic deletion is disabled., retrying.
2026-07-31 07:29:35,568 WARN  OffsetsForLeaderEpochUtils - Attempt to fetch offsets for partition streams-plaintext-input-0 failed due to: Topic deletion is disabled., retrying.
2026-07-31 07:29:35,668 WARN  OffsetsForLeaderEpochUtils - Attempt to fetch offsets for partition streams-plaintext-input-0 failed due to: Topic deletion is disabled., retrying.
2026-07-31 07:29:35,768 WARN  OffsetsForLeaderEpochUtils - Attempt to fetch offsets for partition streams-plaintext-input-0 failed due to: Topic deletion is disabled., retrying.
2026-07-31 07:29:35,868 WARN  OffsetsForLeaderEpochUtils - Attempt to fetch offsets for partition streams-plaintext-input-0 failed due to: Topic deletion is disabled., retrying.
2026-07-31 07:29:35,968 WARN  OffsetsForLeaderEpochUtils - Attempt to fetch offsets for partition streams-plaintext-input-0 failed due to: Topic deletion is disabled., retrying.
2026-07-31 07:29:36,068 WARN  OffsetsForLeaderEpochUtils - Attempt to fetch offsets for partition streams-plaintext-input-0 failed due to: Topic deletion is disabled., retrying.
2026-07-31 07:29:36,168 WARN  OffsetsForLeaderEpochUtils - Attempt to fetch offsets for partition streams-plaintext-input-0 failed due to: Topic deletion is disabled., retrying.
2026-07-31 07:29:36,268 WARN  OffsetsForLeaderEpochUtils - Attempt to fetch offsets for partition streams-plaintext-input-0 failed due to: Topic deletion is disabled., retrying.
2026-07-31 07:29:36,368 WARN  OffsetsForLeaderEpochUtils - Attempt to fetch offsets for partition streams-plaintext-input-0 failed due to: Topic deletion is disabled., retrying.
2026-07-31 07:29:36,468 WARN  OffsetsForLeaderEpochUtils - Attempt to fetch offsets for partition streams-plaintext-input-0 failed due to: Topic deletion is disabled., retrying.
2026-07-31 07:29:36,568 WARN  OffsetsForLeaderEpochUtils - Attempt to fetch offsets for partition streams-plaintext-input-0 failed due to: Topic deletion is disabled., retrying.
2026-07-31 07:29:36,668 WARN  OffsetsForLeaderEpochUtils - Attempt to fetch offsets for partition streams-plaintext-input-0 failed due to: Topic deletion is disabled., retrying.
2026-07-31 07:29:36,768 WARN  OffsetsForLeaderEpochUtils - Attempt to fetch offsets for partition streams-plaintext-input-0 failed due to: Topic deletion is disabled., retrying.
2026-07-31 07:29:36,868 WARN  OffsetsForLeaderEpochUtils - Attempt to fetch offsets for partition streams-plaintext-input-0 failed due to: Topic deletion is disabled., retrying.
2026-07-31 07:29:36,968 WARN  OffsetsForLeaderEpochUtils - Attempt to fetch offsets for partition streams-plaintext-input-0 failed due to: Topic deletion is disabled., retrying.
2026-07-31 07:29:37,068 WARN  OffsetsForLeaderEpochUtils - Attempt to fetch offsets for partition streams-plaintext-input-0 failed due to: Topic deletion is disabled., retrying.
2026-07-31 07:29:37,168 WARN  OffsetsForLeaderEpochUtils - Attempt to fetch offsets for partition streams-plaintext-input-0 failed due to: Topic deletion is disabled., retrying.
2026-07-31 07:29:37,268 WARN  OffsetsForLeaderEpochUtils - Attempt to fetch offsets for partition streams-plaintext-input-0 failed due to: Topic deletion is disabled., retrying.
2026-07-31 07:29:37,368 WARN  OffsetsForLeaderEpochUtils - Attempt to fetch offsets for partition streams-plaintext-input-0 failed due to: Topic deletion is disabled., retrying.
2026-07-31 07:29:37,468 WARN  OffsetsForLeaderEpochUtils - Attempt to fetch offsets for partition streams-plaintext-input-0 failed due to: Topic deletion is disabled., retrying.
2026-07-31 07:29:37,568 WARN  OffsetsForLeaderEpochUtils - Attempt to fetch offsets for partition streams-plaintext-input-0 failed due to: Topic deletion is disabled., retrying.
2026-07-31 07:29:37,668 WARN  OffsetsForLeaderEpochUtils - Attempt to fetch offsets for partition streams-plaintext-input-0 failed due to: Topic deletion is disabled., retrying.
2026-07-31 07:29:37,768 WARN  OffsetsForLeaderEpochUtils - Attempt to fetch offsets for partition streams-plaintext-input-0 failed due to: Topic deletion is disabled., retrying.
2026-07-31 07:29:37,868 WARN  OffsetsForLeaderEpochUtils - Attempt to fetch offsets for partition streams-plaintext-input-0 failed due to: Topic deletion is disabled., retrying.
2026-07-31 07:29:37,968 WARN  OffsetsForLeaderEpochUtils - Attempt to fetch offsets for partition streams-plaintext-input-0 failed due to: Topic deletion is disabled., retrying.
2026-07-31 07:29:38,068 WARN  OffsetsForLeaderEpochUtils - Attempt to fetch offsets for partition streams-plaintext-input-0 failed due to: Topic deletion is disabled., retrying.
2026-07-31 07:29:38,168 WARN  OffsetsForLeaderEpochUtils - Attempt to fetch offsets for partition streams-plaintext-input-0 failed due to: Topic deletion is disabled., retrying.
2026-07-31 07:29:38,268 WARN  OffsetsForLeaderEpochUtils - Attempt to fetch offsets for partition streams-plaintext-input-0 failed due to: Topic deletion is disabled., retrying.
2026-07-31 07:29:38,368 WARN  OffsetsForLeaderEpochUtils - Attempt to fetch offsets for partition streams-plaintext-input-0 failed due to: Topic deletion is disabled., retrying.
2026-07-31 07:29:38,468 WARN  OffsetsForLeaderEpochUtils - Attempt to fetch offsets for partition streams-plaintext-input-0 failed due to: Topic deletion is disabled., retrying.
2026-07-31 07:29:38,568 WARN  OffsetsForLeaderEpochUtils - Attempt to fetch offsets for partition streams-plaintext-input-0 failed due to: Topic deletion is disabled., retrying.
2026-07-31 07:29:38,668 WARN  OffsetsForLeaderEpochUtils - Attempt to fetch offsets for partition streams-plaintext-input-0 failed due to: Topic deletion is disabled., retrying.
2026-07-31 07:29:38,768 WARN  OffsetsForLeaderEpochUtils - Attempt to fetch offsets for partition streams-plaintext-input-0 failed due to: Topic deletion is disabled., retrying.
2026-07-31 07:29:38,868 WARN  OffsetsForLeaderEpochUtils - Attempt to fetch offsets for partition streams-plaintext-input-0 failed due to: Topic deletion is disabled., retrying.
2026-07-31 07:29:38,968 WARN  OffsetsForLeaderEpochUtils - Attempt to fetch offsets for partition streams-plaintext-input-0 failed due to: Topic deletion is disabled., retrying.
2026-07-31 07:29:39,068 WARN  OffsetsForLeaderEpochUtils - Attempt to fetch offsets for partition streams-plaintext-input-0 failed due to: Topic deletion is disabled., retrying.
2026-07-31 07:29:39,168 WARN  OffsetsForLeaderEpochUtils - Attempt to fetch offsets for partition streams-plaintext-input-0 failed due to: Topic deletion is disabled., retrying.
2026-07-31 07:29:39,268 WARN  OffsetsForLeaderEpochUtils - Attempt to fetch offsets for partition streams-plaintext-input-0 failed due to: Topic deletion is disabled., retrying.
2026-07-31 07:29:39,368 WARN  OffsetsForLeaderEpochUtils - Attempt to fetch offsets for partition streams-plaintext-input-0 failed due to: Topic deletion is disabled., retrying.
2026-07-31 07:29:39,468 WARN  OffsetsForLeaderEpochUtils - Attempt to fetch offsets for partition streams-plaintext-input-0 failed due to: Topic deletion is disabled., retrying.
2026-07-31 07:29:39,568 WARN  OffsetsForLeaderEpochUtils - Attempt to fetch offsets for partition streams-plaintext-input-0 failed due to: Topic deletion is disabled., retrying.
2026-07-31 07:29:39,668 WARN  OffsetsForLeaderEpochUtils - Attempt to fetch offsets for partition streams-plaintext-input-0 failed due to: Topic deletion is disabled., retrying.
2026-07-31 07:29:39,768 WARN  OffsetsForLeaderEpochUtils - Attempt to fetch offsets for partition streams-plaintext-input-0 failed due to: Topic deletion is disabled., retrying.
2026-07-31 07:29:39,868 WARN  OffsetsForLeaderEpochUtils - Attempt to fetch offsets for partition streams-plaintext-input-0 failed due to: Topic deletion is disabled., retrying.
2026-07-31 07:29:39,968 WARN  OffsetsForLeaderEpochUtils - Attempt to fetch offsets for partition streams-plaintext-input-0 failed due to: Topic deletion is disabled., retrying.
2026-07-31 07:29:40,069 WARN  OffsetsForLeaderEpochUtils - Attempt to fetch offsets for partition streams-plaintext-input-0 failed due to: Topic deletion is disabled., retrying.
2026-07-31 07:29:40,169 WARN  OffsetsForLeaderEpochUtils - Attempt to fetch offsets for partition streams-plaintext-input-0 failed due to: Topic deletion is disabled., retrying.
2026-07-31 07:29:40,269 WARN  OffsetsForLeaderEpochUtils - Attempt to fetch offsets for partition streams-plaintext-input-0 failed due to: Topic deletion is disabled., retrying.
2026-07-31 07:29:40,369 WARN  OffsetsForLeaderEpochUtils - Attempt to fetch offsets for partition streams-plaintext-input-0 failed due to: Topic deletion is disabled., retrying.
2026-07-31 07:29:40,469 WARN  OffsetsForLeaderEpochUtils - Attempt to fetch offsets for partition streams-plaintext-input-0 failed due to: Topic deletion is disabled., retrying.
2026-07-31 07:29:40,569 WARN  OffsetsForLeaderEpochUtils - Attempt to fetch offsets for partition streams-plaintext-input-0 failed due to: Topic deletion is disabled., retrying.
2026-07-31 07:29:40,669 WARN  OffsetsForLeaderEpochUtils - Attempt to fetch offsets for partition streams-plaintext-input-0 failed due to: Topic deletion is disabled., retrying.
2026-07-31 07:29:40,769 WARN  OffsetsForLeaderEpochUtils - Attempt to fetch offsets for partition streams-plaintext-input-0 failed due to: Topic deletion is disabled., retrying.
2026-07-31 07:29:40,869 WARN  OffsetsForLeaderEpochUtils - Attempt to fetch offsets for partition streams-plaintext-input-0 failed due to: Topic deletion is disabled., retrying.
2026-07-31 07:29:40,969 WARN  OffsetsForLeaderEpochUtils - Attempt to fetch offsets for partition streams-plaintext-input-0 failed due to: Topic deletion is disabled., retrying.
2026-07-31 07:29:41,069 WARN  OffsetsForLeaderEpochUtils - Attempt to fetch offsets for partition streams-plaintext-input-0 failed due to: Topic deletion is disabled., retrying.
2026-07-31 07:29:41,169 WARN  OffsetsForLeaderEpochUtils - Attempt to fetch offsets for partition streams-plaintext-input-0 failed due to: Topic deletion is disabled., retrying.
2026-07-31 07:29:41,269 WARN  OffsetsForLeaderEpochUtils - Attempt to fetch offsets for partition streams-plaintext-input-0 failed due to: Topic deletion is disabled., retrying.
2026-07-31 07:29:41,369 WARN  OffsetsForLeaderEpochUtils - Attempt to fetch offsets for partition streams-plaintext-input-0 failed due to: Topic deletion is disabled., retrying.
2026-07-31 07:29:41,469 WARN  OffsetsForLeaderEpochUtils - Attempt to fetch offsets for partition streams-plaintext-input-0 failed due to: Topic deletion is disabled., retrying.
2026-07-31 07:29:41,569 WARN  OffsetsForLeaderEpochUtils - Attempt to fetch offsets for partition streams-plaintext-input-0 failed due to: Topic deletion is disabled., retrying.
2026-07-31 07:29:41,669 WARN  OffsetsForLeaderEpochUtils - Attempt to fetch offsets for partition streams-plaintext-input-0 failed due to: Topic deletion is disabled., retrying.
2026-07-31 07:29:41,769 WARN  OffsetsForLeaderEpochUtils - Attempt to fetch offsets for partition streams-plaintext-input-0 failed due to: Topic deletion is disabled., retrying.
2026-07-31 07:29:41,869 WARN  OffsetsForLeaderEpochUtils - Attempt to fetch offsets for partition streams-plaintext-input-0 failed due to: Topic deletion is disabled., retrying.
2026-07-31 07:29:41,969 WARN  OffsetsForLeaderEpochUtils - Attempt to fetch offsets for partition streams-plaintext-input-0 failed due to: Topic deletion is disabled., retrying.
2026-07-31 07:29:42,069 WARN  OffsetsForLeaderEpochUtils - Attempt to fetch offsets for partition streams-plaintext-input-0 failed due to: Topic deletion is disabled., retrying.
2026-07-31 07:29:42,169 WARN  OffsetsForLeaderEpochUtils - Attempt to fetch offsets for partition streams-plaintext-input-0 failed due to: Topic deletion is disabled., retrying.
2026-07-31 07:29:42,269 WARN  OffsetsForLeaderEpochUtils - Attempt to fetch offsets for partition streams-plaintext-input-0 failed due to: Topic deletion is disabled., retrying.
2026-07-31 07:29:42,369 WARN  OffsetsForLeaderEpochUtils - Attempt to fetch offsets for partition streams-plaintext-input-0 failed due to: Topic deletion is disabled., retrying.
2026-07-31 07:29:42,469 WARN  OffsetsForLeaderEpochUtils - Attempt to fetch offsets for partition streams-plaintext-input-0 failed due to: Topic deletion is disabled., retrying.
2026-07-31 07:29:42,569 WARN  OffsetsForLeaderEpochUtils - Attempt to fetch offsets for partition streams-plaintext-input-0 failed due to: Topic deletion is disabled., retrying.
2026-07-31 07:29:42,669 WARN  OffsetsForLeaderEpochUtils - Attempt to fetch offsets for partition streams-plaintext-input-0 failed due to: Topic deletion is disabled., retrying.
2026-07-31 07:29:42,769 WARN  OffsetsForLeaderEpochUtils - Attempt to fetch offsets for partition streams-plaintext-input-0 failed due to: Topic deletion is disabled., retrying.
2026-07-31 07:29:42,869 WARN  OffsetsForLeaderEpochUtils - Attempt to fetch offsets for partition streams-plaintext-input-0 failed due to: Topic deletion is disabled., retrying.
2026-07-31 07:29:42,969 WARN  OffsetsForLeaderEpochUtils - Attempt to fetch offsets for partition streams-plaintext-input-0 failed due to: Topic deletion is disabled., retrying.
2026-07-31 07:29:43,069 WARN  OffsetsForLeaderEpochUtils - Attempt to fetch offsets for partition streams-plaintext-input-0 failed due to: Topic deletion is disabled., retrying.
2026-07-31 07:29:43,169 WARN  OffsetsForLeaderEpochUtils - Attempt to fetch offsets for partition streams-plaintext-input-0 failed due to: Topic deletion is disabled., retrying.
2026-07-31 07:29:43,269 WARN  OffsetsForLeaderEpochUtils - Attempt to fetch offsets for partition streams-plaintext-input-0 failed due to: Topic deletion is disabled., retrying.
2026-07-31 07:29:43,369 WARN  OffsetsForLeaderEpochUtils - Attempt to fetch offsets for partition streams-plaintext-input-0 failed due to: Topic deletion is disabled., retrying.
2026-07-31 07:29:43,469 WARN  OffsetsForLeaderEpochUtils - Attempt to fetch offsets for partition streams-plaintext-input-0 failed due to: Topic deletion is disabled., retrying.
2026-07-31 07:29:43,569 WARN  OffsetsForLeaderEpochUtils - Attempt to fetch offsets for partition streams-plaintext-input-0 failed due to: Topic deletion is disabled., retrying.
2026-07-31 07:29:43,669 WARN  OffsetsForLeaderEpochUtils - Attempt to fetch offsets for partition streams-plaintext-input-0 failed due to: Topic deletion is disabled., retrying.
2026-07-31 07:29:43,769 WARN  OffsetsForLeaderEpochUtils - Attempt to fetch offsets for partition streams-plaintext-input-0 failed due to: Topic deletion is disabled., retrying.
2026-07-31 07:29:43,869 WARN  OffsetsForLeaderEpochUtils - Attempt to fetch offsets for partition streams-plaintext-input-0 failed due to: Topic deletion is disabled., retrying.
2026-07-31 07:29:43,969 WARN  OffsetsForLeaderEpochUtils - Attempt to fetch offsets for partition streams-plaintext-input-0 failed due to: Topic deletion is disabled., retrying.
2026-07-31 07:29:44,069 WARN  OffsetsForLeaderEpochUtils - Attempt to fetch offsets for partition streams-plaintext-input-0 failed due to: Topic deletion is disabled., retrying.
2026-07-31 07:29:44,169 WARN  OffsetsForLeaderEpochUtils - Attempt to fetch offsets for partition streams-plaintext-input-0 failed due to: Topic deletion is disabled., retrying.
2026-07-31 07:29:44,269 WARN  OffsetsForLeaderEpochUtils - Attempt to fetch offsets for partition streams-plaintext-input-0 failed due to: Topic deletion is disabled., retrying.
2026-07-31 07:29:44,369 WARN  OffsetsForLeaderEpochUtils - Attempt to fetch offsets for partition streams-plaintext-input-0 failed due to: Topic deletion is disabled., retrying.
2026-07-31 07:29:44,469 WARN  OffsetsForLeaderEpochUtils - Attempt to fetch offsets for partition streams-plaintext-input-0 failed due to: Topic deletion is disabled., retrying.
2026-07-31 07:29:44,569 WARN  OffsetsForLeaderEpochUtils - Attempt to fetch offsets for partition streams-plaintext-input-0 failed due to: Topic deletion is disabled., retrying.
2026-07-31 07:29:44,669 WARN  OffsetsForLeaderEpochUtils - Attempt to fetch offsets for partition streams-plaintext-input-0 failed due to: Topic deletion is disabled., retrying.
2026-07-31 07:29:44,769 WARN  OffsetsForLeaderEpochUtils - Attempt to fetch offsets for partition streams-plaintext-input-0 failed due to: Topic deletion is disabled., retrying.
2026-07-31 07:29:44,869 WARN  OffsetsForLeaderEpochUtils - Attempt to fetch offsets for partition streams-plaintext-input-0 failed due to: Topic deletion is disabled., retrying.
2026-07-31 07:29:44,969 WARN  OffsetsForLeaderEpochUtils - Attempt to fetch offsets for partition streams-plaintext-input-0 failed due to: Topic deletion is disabled., retrying.
2026-07-31 07:29:45,069 WARN  OffsetsForLeaderEpochUtils - Attempt to fetch offsets for partition streams-plaintext-input-0 failed due to: Topic deletion is disabled., retrying.
2026-07-31 07:29:45,169 WARN  OffsetsForLeaderEpochUtils - Attempt to fetch offsets for partition streams-plaintext-input-0 failed due to: Topic deletion is disabled., retrying.
2026-07-31 07:29:45,269 WARN  OffsetsForLeaderEpochUtils - Attempt to fetch offsets for partition streams-plaintext-input-0 failed due to: Topic deletion is disabled., retrying.
2026-07-31 07:29:45,369 WARN  OffsetsForLeaderEpochUtils - Attempt to fetch offsets for partition streams-plaintext-input-0 failed due to: Topic deletion is disabled., retrying.
2026-07-31 07:29:45,469 WARN  OffsetsForLeaderEpochUtils - Attempt to fetch offsets for partition streams-plaintext-input-0 failed due to: Topic deletion is disabled., retrying.
2026-07-31 07:29:45,569 WARN  OffsetsForLeaderEpochUtils - Attempt to fetch offsets for partition streams-plaintext-input-0 failed due to: Topic deletion is disabled., retrying.
2026-07-31 07:29:45,669 WARN  OffsetsForLeaderEpochUtils - Attempt to fetch offsets for partition streams-plaintext-input-0 failed due to: Topic deletion is disabled., retrying.
2026-07-31 07:29:45,769 WARN  OffsetsForLeaderEpochUtils - Attempt to fetch offsets for partition streams-plaintext-input-0 failed due to: Topic deletion is disabled., retrying.
2026-07-31 07:29:45,869 WARN  OffsetsForLeaderEpochUtils - Attempt to fetch offsets for partition streams-plaintext-input-0 failed due to: Topic deletion is disabled., retrying.
2026-07-31 07:29:45,969 WARN  OffsetsForLeaderEpochUtils - Attempt to fetch offsets for partition streams-plaintext-input-0 failed due to: Topic deletion is disabled., retrying.
2026-07-31 07:29:46,069 WARN  OffsetsForLeaderEpochUtils - Attempt to fetch offsets for partition streams-plaintext-input-0 failed due to: Topic deletion is disabled., retrying.
2026-07-31 07:29:46,169 WARN  OffsetsForLeaderEpochUtils - Attempt to fetch offsets for partition streams-plaintext-input-0 failed due to: Topic deletion is disabled., retrying.
2026-07-31 07:29:46,269 WARN  OffsetsForLeaderEpochUtils - Attempt to fetch offsets for partition streams-plaintext-input-0 failed due to: Topic deletion is disabled., retrying.
2026-07-31 07:29:46,369 WARN  OffsetsForLeaderEpochUtils - Attempt to fetch offsets for partition streams-plaintext-input-0 failed due to: Topic deletion is disabled., retrying.
2026-07-31 07:29:46,469 WARN  OffsetsForLeaderEpochUtils - Attempt to fetch offsets for partition streams-plaintext-input-0 failed due to: Topic deletion is disabled., retrying.
2026-07-31 07:29:46,569 WARN  OffsetsForLeaderEpochUtils - Attempt to fetch offsets for partition streams-plaintext-input-0 failed due to: Topic deletion is disabled., retrying.
2026-07-31 07:29:46,669 WARN  OffsetsForLeaderEpochUtils - Attempt to fetch offsets for partition streams-plaintext-input-0 failed due to: Topic deletion is disabled., retrying.
2026-07-31 07:29:46,769 WARN  OffsetsForLeaderEpochUtils - Attempt to fetch offsets for partition streams-plaintext-input-0 failed due to: Topic deletion is disabled., retrying.
2026-07-31 07:29:46,869 WARN  OffsetsForLeaderEpochUtils - Attempt to fetch offsets for partition streams-plaintext-input-0 failed due to: Topic deletion is disabled., retrying.
2026-07-31 07:29:46,969 WARN  OffsetsForLeaderEpochUtils - Attempt to fetch offsets for partition streams-plaintext-input-0 failed due to: Topic deletion is disabled., retrying.
2026-07-31 07:29:47,069 WARN  OffsetsForLeaderEpochUtils - Attempt to fetch offsets for partition streams-plaintext-input-0 failed due to: Topic deletion is disabled., retrying.
2026-07-31 07:29:47,169 WARN  OffsetsForLeaderEpochUtils - Attempt to fetch offsets for partition streams-plaintext-input-0 failed due to: Topic deletion is disabled., retrying.
2026-07-31 07:29:47,269 WARN  OffsetsForLeaderEpochUtils - Attempt to fetch offsets for partition streams-plaintext-input-0 failed due to: Topic deletion is disabled., retrying.
2026-07-31 07:29:47,369 WARN  OffsetsForLeaderEpochUtils - Attempt to fetch offsets for partition streams-plaintext-input-0 failed due to: Topic deletion is disabled., retrying.
2026-07-31 07:29:47,469 WARN  OffsetsForLeaderEpochUtils - Attempt to fetch offsets for partition streams-plaintext-input-0 failed due to: Topic deletion is disabled., retrying.
2026-07-31 07:29:47,569 WARN  OffsetsForLeaderEpochUtils - Attempt to fetch offsets for partition streams-plaintext-input-0 failed due to: Topic deletion is disabled., retrying.
2026-07-31 07:29:47,669 WARN  OffsetsForLeaderEpochUtils - Attempt to fetch offsets for partition streams-plaintext-input-0 failed due to: Topic deletion is disabled., retrying.
2026-07-31 07:29:47,769 WARN  OffsetsForLeaderEpochUtils - Attempt to fetch offsets for partition streams-plaintext-input-0 failed due to: Topic deletion is disabled., retrying.
2026-07-31 07:29:47,869 WARN  OffsetsForLeaderEpochUtils - Attempt to fetch offsets for partition streams-plaintext-input-0 failed due to: Topic deletion is disabled., retrying.
2026-07-31 07:29:47,969 WARN  OffsetsForLeaderEpochUtils - Attempt to fetch offsets for partition streams-plaintext-input-0 failed due to: Topic deletion is disabled., retrying.
2026-07-31 07:29:48,069 WARN  OffsetsForLeaderEpochUtils - Attempt to fetch offsets for partition streams-plaintext-input-0 failed due to: Topic deletion is disabled., retrying.
2026-07-31 07:29:48,169 WARN  OffsetsForLeaderEpochUtils - Attempt to fetch offsets for partition streams-plaintext-input-0 failed due to: Topic deletion is disabled., retrying.
2026-07-31 07:29:48,269 WARN  OffsetsForLeaderEpochUtils - Attempt to fetch offsets for partition streams-plaintext-input-0 failed due to: Topic deletion is disabled., retrying.
2026-07-31 07:29:48,369 WARN  OffsetsForLeaderEpochUtils - Attempt to fetch offsets for partition streams-plaintext-input-0 failed due to: Topic deletion is disabled., retrying.
2026-07-31 07:29:48,469 WARN  OffsetsForLeaderEpochUtils - Attempt to fetch offsets for partition streams-plaintext-input-0 failed due to: Topic deletion is disabled., retrying.
2026-07-31 07:29:48,569 WARN  OffsetsForLeaderEpochUtils - Attempt to fetch offsets for partition streams-plaintext-input-0 failed due to: Topic deletion is disabled., retrying.
2026-07-31 07:29:48,671 WARN  OffsetsForLeaderEpochUtils - Attempt to fetch offsets for partition streams-plaintext-input-0 failed due to: Topic deletion is disabled., retrying.
2026-07-31 07:29:48,771 WARN  OffsetsForLeaderEpochUtils - Attempt to fetch offsets for partition streams-plaintext-input-0 failed due to: Topic deletion is disabled., retrying.
2026-07-31 07:29:48,871 WARN  OffsetsForLeaderEpochUtils - Attempt to fetch offsets for partition streams-plaintext-input-0 failed due to: Topic deletion is disabled., retrying.
2026-07-31 07:29:48,971 WARN  OffsetsForLeaderEpochUtils - Attempt to fetch offsets for partition streams-plaintext-input-0 failed due to: Topic deletion is disabled., retrying.
2026-07-31 07:29:49,071 WARN  OffsetsForLeaderEpochUtils - Attempt to fetch offsets for partition streams-plaintext-input-0 failed due to: Topic deletion is disabled., retrying.
2026-07-31 07:29:49,171 WARN  OffsetsForLeaderEpochUtils - Attempt to fetch offsets for partition streams-plaintext-input-0 failed due to: Topic deletion is disabled., retrying.
2026-07-31 07:29:49,271 WARN  OffsetsForLeaderEpochUtils - Attempt to fetch offsets for partition streams-plaintext-input-0 failed due to: Topic deletion is disabled., retrying.
2026-07-31 07:29:49,371 WARN  OffsetsForLeaderEpochUtils - Attempt to fetch offsets for partition streams-plaintext-input-0 failed due to: Topic deletion is disabled., retrying.
2026-07-31 07:29:49,471 WARN  OffsetsForLeaderEpochUtils - Attempt to fetch offsets for partition streams-plaintext-input-0 failed due to: Topic deletion is disabled., retrying.
2026-07-31 07:29:49,571 WARN  OffsetsForLeaderEpochUtils - Attempt to fetch offsets for partition streams-plaintext-input-0 failed due to: Topic deletion is disabled., retrying.
2026-07-31 07:29:49,671 WARN  OffsetsForLeaderEpochUtils - Attempt to fetch offsets for partition streams-plaintext-input-0 failed due to: Topic deletion is disabled., retrying.
2026-07-31 07:29:49,771 WARN  OffsetsForLeaderEpochUtils - Attempt to fetch offsets for partition streams-plaintext-input-0 failed due to: Topic deletion is disabled., retrying.
2026-07-31 07:29:49,871 WARN  OffsetsForLeaderEpochUtils - Attempt to fetch offsets for partition streams-plaintext-input-0 failed due to: Topic deletion is disabled., retrying.
2026-07-31 07:29:49,971 WARN  OffsetsForLeaderEpochUtils - Attempt to fetch offsets for partition streams-plaintext-input-0 failed due to: Topic deletion is disabled., retrying.
2026-07-31 07:29:50,071 WARN  OffsetsForLeaderEpochUtils - Attempt to fetch offsets for partition streams-plaintext-input-0 failed due to: Topic deletion is disabled., retrying.
2026-07-31 07:29:50,171 WARN  OffsetsForLeaderEpochUtils - Attempt to fetch offsets for partition streams-plaintext-input-0 failed due to: Topic deletion is disabled., retrying.
2026-07-31 07:29:50,271 WARN  OffsetsForLeaderEpochUtils - Attempt to fetch offsets for partition streams-plaintext-input-0 failed due to: Topic deletion is disabled., retrying.
2026-07-31 07:29:50,371 WARN  OffsetsForLeaderEpochUtils - Attempt to fetch offsets for partition streams-plaintext-input-0 failed due to: Topic deletion is disabled., retrying.
2026-07-31 07:29:50,471 WARN  OffsetsForLeaderEpochUtils - Attempt to fetch offsets for partition streams-plaintext-input-0 failed due to: Topic deletion is disabled., retrying.
2026-07-31 07:29:50,571 WARN  OffsetsForLeaderEpochUtils - Attempt to fetch offsets for partition streams-plaintext-input-0 failed due to: Topic deletion is disabled., retrying.
2026-07-31 07:29:50,671 WARN  OffsetsForLeaderEpochUtils - Attempt to fetch offsets for partition streams-plaintext-input-0 failed due to: Topic deletion is disabled., retrying.
2026-07-31 07:29:50,771 WARN  OffsetsForLeaderEpochUtils - Attempt to fetch offsets for partition streams-plaintext-input-0 failed due to: Topic deletion is disabled., retrying.
2026-07-31 07:29:50,871 WARN  OffsetsForLeaderEpochUtils - Attempt to fetch offsets for partition streams-plaintext-input-0 failed due to: Topic deletion is disabled., retrying.
2026-07-31 07:29:50,971 WARN  OffsetsForLeaderEpochUtils - Attempt to fetch offsets for partition streams-plaintext-input-0 failed due to: Topic deletion is disabled., retrying.
2026-07-31 07:29:51,071 WARN  OffsetsForLeaderEpochUtils - Attempt to fetch offsets for partition streams-plaintext-input-0 failed due to: Topic deletion is disabled., retrying.
2026-07-31 07:29:51,171 WARN  OffsetsForLeaderEpochUtils - Attempt to fetch offsets for partition streams-plaintext-input-0 failed due to: Topic deletion is disabled., retrying.
2026-07-31 07:29:51,271 WARN  OffsetsForLeaderEpochUtils - Attempt to fetch offsets for partition streams-plaintext-input-0 failed due to: Topic deletion is disabled., retrying.
2026-07-31 07:29:51,371 WARN  OffsetsForLeaderEpochUtils - Attempt to fetch offsets for partition streams-plaintext-input-0 failed due to: Topic deletion is disabled., retrying.
2026-07-31 07:29:51,471 WARN  OffsetsForLeaderEpochUtils - Attempt to fetch offsets for partition streams-plaintext-input-0 failed due to: Topic deletion is disabled., retrying.
2026-07-31 07:29:51,571 WARN  OffsetsForLeaderEpochUtils - Attempt to fetch offsets for partition streams-plaintext-input-0 failed due to: Topic deletion is disabled., retrying.
2026-07-31 07:29:51,671 WARN  OffsetsForLeaderEpochUtils - Attempt to fetch offsets for partition streams-plaintext-input-0 failed due to: Topic deletion is disabled., retrying.
2026-07-31 07:29:51,771 WARN  OffsetsForLeaderEpochUtils - Attempt to fetch offsets for partition streams-plaintext-input-0 failed due to: Topic deletion is disabled., retrying.
2026-07-31 07:29:51,871 WARN  OffsetsForLeaderEpochUtils - Attempt to fetch offsets for partition streams-plaintext-input-0 failed due to: Topic deletion is disabled., retrying.
2026-07-31 07:29:51,971 WARN  OffsetsForLeaderEpochUtils - Attempt to fetch offsets for partition streams-plaintext-input-0 failed due to: Topic deletion is disabled., retrying.
2026-07-31 07:29:52,071 WARN  OffsetsForLeaderEpochUtils - Attempt to fetch offsets for partition streams-plaintext-input-0 failed due to: Topic deletion is disabled., retrying.
2026-07-31 07:29:52,171 WARN  OffsetsForLeaderEpochUtils - Attempt to fetch offsets for partition streams-plaintext-input-0 failed due to: Topic deletion is disabled., retrying.
2026-07-31 07:29:52,271 WARN  OffsetsForLeaderEpochUtils - Attempt to fetch offsets for partition streams-plaintext-input-0 failed due to: Topic deletion is disabled., retrying.
2026-07-31 07:29:52,371 WARN  OffsetsForLeaderEpochUtils - Attempt to fetch offsets for partition streams-plaintext-input-0 failed due to: Topic deletion is disabled., retrying.
2026-07-31 07:29:52,471 WARN  OffsetsForLeaderEpochUtils - Attempt to fetch offsets for partition streams-plaintext-input-0 failed due to: Topic deletion is disabled., retrying.
2026-07-31 07:29:52,571 WARN  OffsetsForLeaderEpochUtils - Attempt to fetch offsets for partition streams-plaintext-input-0 failed due to: Topic deletion is disabled., retrying.
2026-07-31 07:29:52,671 WARN  OffsetsForLeaderEpochUtils - Attempt to fetch offsets for partition streams-plaintext-input-0 failed due to: Topic deletion is disabled., retrying.
2026-07-31 07:29:52,771 WARN  OffsetsForLeaderEpochUtils - Attempt to fetch offsets for partition streams-plaintext-input-0 failed due to: Topic deletion is disabled., retrying.
2026-07-31 07:29:52,871 WARN  OffsetsForLeaderEpochUtils - Attempt to fetch offsets for partition streams-plaintext-input-0 failed due to: Topic deletion is disabled., retrying.
2026-07-31 07:29:52,971 WARN  OffsetsForLeaderEpochUtils - Attempt to fetch offsets for partition streams-plaintext-input-0 failed due to: Topic deletion is disabled., retrying.
2026-07-31 07:29:53,071 WARN  OffsetsForLeaderEpochUtils - Attempt to fetch offsets for partition streams-plaintext-input-0 failed due to: Topic deletion is disabled., retrying.
2026-07-31 07:29:53,171 WARN  OffsetsForLeaderEpochUtils - Attempt to fetch offsets for partition streams-plaintext-input-0 failed due to: Topic deletion is disabled., retrying.
2026-07-31 07:29:53,271 WARN  OffsetsForLeaderEpochUtils - Attempt to fetch offsets for partition streams-plaintext-input-0 failed due to: Topic deletion is disabled., retrying.
2026-07-31 07:29:53,371 WARN  OffsetsForLeaderEpochUtils - Attempt to fetch offsets for partition streams-plaintext-input-0 failed due to: Topic deletion is disabled., retrying.
2026-07-31 07:29:53,471 WARN  OffsetsForLeaderEpochUtils - Attempt to fetch offsets for partition streams-plaintext-input-0 failed due to: Topic deletion is disabled., retrying.
2026-07-31 07:29:53,571 WARN  OffsetsForLeaderEpochUtils - Attempt to fetch offsets for partition streams-plaintext-input-0 failed due to: Topic deletion is disabled., retrying.
2026-07-31 07:29:53,671 WARN  OffsetsForLeaderEpochUtils - Attempt to fetch offsets for partition streams-plaintext-input-0 failed due to: Topic deletion is disabled., retrying.
2026-07-31 07:29:53,771 WARN  OffsetsForLeaderEpochUtils - Attempt to fetch offsets for partition streams-plaintext-input-0 failed due to: Topic deletion is disabled., retrying.
2026-07-31 07:29:53,871 WARN  OffsetsForLeaderEpochUtils - Attempt to fetch offsets for partition streams-plaintext-input-0 failed due to: Topic deletion is disabled., retrying.
2026-07-31 07:29:53,971 WARN  OffsetsForLeaderEpochUtils - Attempt to fetch offsets for partition streams-plaintext-input-0 failed due to: Topic deletion is disabled., retrying.
2026-07-31 07:29:54,071 WARN  OffsetsForLeaderEpochUtils - Attempt to fetch offsets for partition streams-plaintext-input-0 failed due to: Topic deletion is disabled., retrying.
2026-07-31 07:29:54,171 WARN  OffsetsForLeaderEpochUtils - Attempt to fetch offsets for partition streams-plaintext-input-0 failed due to: Topic deletion is disabled., retrying.
2026-07-31 07:29:54,271 WARN  OffsetsForLeaderEpochUtils - Attempt to fetch offsets for partition streams-plaintext-input-0 failed due to: Topic deletion is disabled., retrying.
2026-07-31 07:29:54,371 WARN  OffsetsForLeaderEpochUtils - Attempt to fetch offsets for partition streams-plaintext-input-0 failed due to: Topic deletion is disabled., retrying.
2026-07-31 07:29:54,471 WARN  OffsetsForLeaderEpochUtils - Attempt to fetch offsets for partition streams-plaintext-input-0 failed due to: Topic deletion is disabled., retrying.
2026-07-31 07:29:54,571 WARN  OffsetsForLeaderEpochUtils - Attempt to fetch offsets for partition streams-plaintext-input-0 failed due to: Topic deletion is disabled., retrying.
2026-07-31 07:29:54,671 WARN  OffsetsForLeaderEpochUtils - Attempt to fetch offsets for partition streams-plaintext-input-0 failed due to: Topic deletion is disabled., retrying.
2026-07-31 07:29:54,771 WARN  OffsetsForLeaderEpochUtils - Attempt to fetch offsets for partition streams-plaintext-input-0 failed due to: Topic deletion is disabled., retrying.
2026-07-31 07:29:54,871 WARN  OffsetsForLeaderEpochUtils - Attempt to fetch offsets for partition streams-plaintext-input-0 failed due to: Topic deletion is disabled., retrying.
2026-07-31 07:29:54,971 WARN  OffsetsForLeaderEpochUtils - Attempt to fetch offsets for partition streams-plaintext-input-0 failed due to: Topic deletion is disabled., retrying.
2026-07-31 07:29:55,071 WARN  OffsetsForLeaderEpochUtils - Attempt to fetch offsets for partition streams-plaintext-input-0 failed due to: Topic deletion is disabled., retrying.
2026-07-31 07:29:55,171 WARN  OffsetsForLeaderEpochUtils - Attempt to fetch offsets for partition streams-plaintext-input-0 failed due to: Topic deletion is disabled., retrying.
2026-07-31 07:29:55,271 WARN  OffsetsForLeaderEpochUtils - Attempt to fetch offsets for partition streams-plaintext-input-0 failed due to: Topic deletion is disabled., retrying.
2026-07-31 07:29:55,371 WARN  OffsetsForLeaderEpochUtils - Attempt to fetch offsets for partition streams-plaintext-input-0 failed due to: Topic deletion is disabled., retrying.
2026-07-31 07:29:55,471 WARN  OffsetsForLeaderEpochUtils - Attempt to fetch offsets for partition streams-plaintext-input-0 failed due to: Topic deletion is disabled., retrying.
2026-07-31 07:29:55,571 WARN  OffsetsForLeaderEpochUtils - Attempt to fetch offsets for partition streams-plaintext-input-0 failed due to: Topic deletion is disabled., retrying.
2026-07-31 07:29:55,671 WARN  OffsetsForLeaderEpochUtils - Attempt to fetch offsets for partition streams-plaintext-input-0 failed due to: Topic deletion is disabled., retrying.
2026-07-31 07:29:55,771 WARN  OffsetsForLeaderEpochUtils - Attempt to fetch offsets for partition streams-plaintext-input-0 failed due to: Topic deletion is disabled., retrying.
2026-07-31 07:29:55,871 WARN  OffsetsForLeaderEpochUtils - Attempt to fetch offsets for partition streams-plaintext-input-0 failed due to: Topic deletion is disabled., retrying.
2026-07-31 07:29:55,971 WARN  OffsetsForLeaderEpochUtils - Attempt to fetch offsets for partition streams-plaintext-input-0 failed due to: Topic deletion is disabled., retrying.
2026-07-31 07:29:56,071 WARN  OffsetsForLeaderEpochUtils - Attempt to fetch offsets for partition streams-plaintext-input-0 failed due to: Topic deletion is disabled., retrying.
2026-07-31 07:29:56,171 WARN  OffsetsForLeaderEpochUtils - Attempt to fetch offsets for partition streams-plaintext-input-0 failed due to: Topic deletion is disabled., retrying.
2026-07-31 07:29:56,271 WARN  OffsetsForLeaderEpochUtils - Attempt to fetch offsets for partition streams-plaintext-input-0 failed due to: Topic deletion is disabled., retrying.
2026-07-31 07:29:56,371 WARN  OffsetsForLeaderEpochUtils - Attempt to fetch offsets for partition streams-plaintext-input-0 failed due to: Topic deletion is disabled., retrying.
2026-07-31 07:29:56,471 WARN  OffsetsForLeaderEpochUtils - Attempt to fetch offsets for partition streams-plaintext-input-0 failed due to: Topic deletion is disabled., retrying.
2026-07-31 07:29:56,571 WARN  OffsetsForLeaderEpochUtils - Attempt to fetch offsets for partition streams-plaintext-input-0 failed due to: Topic deletion is disabled., retrying.
2026-07-31 07:29:56,671 WARN  OffsetsForLeaderEpochUtils - Attempt to fetch offsets for partition streams-plaintext-input-0 failed due to: Topic deletion is disabled., retrying.
2026-07-31 07:29:56,771 WARN  OffsetsForLeaderEpochUtils - Attempt to fetch offsets for partition streams-plaintext-input-0 failed due to: Topic deletion is disabled., retrying.
2026-07-31 07:29:56,871 WARN  OffsetsForLeaderEpochUtils - Attempt to fetch offsets for partition streams-plaintext-input-0 failed due to: Topic deletion is disabled., retrying.
2026-07-31 07:29:56,971 WARN  OffsetsForLeaderEpochUtils - Attempt to fetch offsets for partition streams-plaintext-input-0 failed due to: Topic deletion is disabled., retrying.
2026-07-31 07:29:57,071 WARN  OffsetsForLeaderEpochUtils - Attempt to fetch offsets for partition streams-plaintext-input-0 failed due to: Topic deletion is disabled., retrying.
2026-07-31 07:29:57,171 WARN  OffsetsForLeaderEpochUtils - Attempt to fetch offsets for partition streams-plaintext-input-0 failed due to: Topic deletion is disabled., retrying.
2026-07-31 07:29:57,271 WARN  OffsetsForLeaderEpochUtils - Attempt to fetch offsets for partition streams-plaintext-input-0 failed due to: Topic deletion is disabled., retrying.
2026-07-31 07:29:57,371 WARN  OffsetsForLeaderEpochUtils - Attempt to fetch offsets for partition streams-plaintext-input-0 failed due to: Topic deletion is disabled., retrying.
2026-07-31 07:29:57,471 WARN  OffsetsForLeaderEpochUtils - Attempt to fetch offsets for partition streams-plaintext-input-0 failed due to: Topic deletion is disabled., retrying.
2026-07-31 07:29:57,571 WARN  OffsetsForLeaderEpochUtils - Attempt to fetch offsets for partition streams-plaintext-input-0 failed due to: Topic deletion is disabled., retrying.
2026-07-31 07:29:57,671 WARN  OffsetsForLeaderEpochUtils - Attempt to fetch offsets for partition streams-plaintext-input-0 failed due to: Topic deletion is disabled., retrying.
2026-07-31 07:29:57,771 WARN  OffsetsForLeaderEpochUtils - Attempt to fetch offsets for partition streams-plaintext-input-0 failed due to: Topic deletion is disabled., retrying.
2026-07-31 07:29:57,871 WARN  OffsetsForLeaderEpochUtils - Attempt to fetch offsets for partition streams-plaintext-input-0 failed due to: Topic deletion is disabled., retrying.
2026-07-31 07:29:57,971 WARN  OffsetsForLeaderEpochUtils - Attempt to fetch offsets for partition streams-plaintext-input-0 failed due to: Topic deletion is disabled., retrying.
2026-07-31 07:29:58,071 WARN  OffsetsForLeaderEpochUtils - Attempt to fetch offsets for partition streams-plaintext-input-0 failed due to: Topic deletion is disabled., retrying.
2026-07-31 07:29:58,171 WARN  OffsetsForLeaderEpochUtils - Attempt to fetch offsets for partition streams-plaintext-input-0 failed due to: Topic deletion is disabled., retrying.
2026-07-31 07:29:58,271 WARN  OffsetsForLeaderEpochUtils - Attempt to fetch offsets for partition streams-plaintext-input-0 failed due to: Topic deletion is disabled., retrying.
2026-07-31 07:29:58,371 WARN  OffsetsForLeaderEpochUtils - Attempt to fetch offsets for partition streams-plaintext-input-0 failed due to: Topic deletion is disabled., retrying.
2026-07-31 07:29:58,471 WARN  OffsetsForLeaderEpochUtils - Attempt to fetch offsets for partition streams-plaintext-input-0 failed due to: Topic deletion is disabled., retrying.
2026-07-31 07:29:58,571 WARN  OffsetsForLeaderEpochUtils - Attempt to fetch offsets for partition streams-plaintext-input-0 failed due to: Topic deletion is disabled., retrying.
2026-07-31 07:29:58,671 WARN  OffsetsForLeaderEpochUtils - Attempt to fetch offsets for partition streams-plaintext-input-0 failed due to: Topic deletion is disabled., retrying.
2026-07-31 07:29:58,771 WARN  OffsetsForLeaderEpochUtils - Attempt to fetch offsets for partition streams-plaintext-input-0 failed due to: Topic deletion is disabled., retrying.
2026-07-31 07:29:58,871 WARN  OffsetsForLeaderEpochUtils - Attempt to fetch offsets for partition streams-plaintext-input-0 failed due to: Topic deletion is disabled., retrying.
2026-07-31 07:29:58,971 WARN  OffsetsForLeaderEpochUtils - Attempt to fetch offsets for partition streams-plaintext-input-0 failed due to: Topic deletion is disabled., retrying.
2026-07-31 07:29:59,071 WARN  OffsetsForLeaderEpochUtils - Attempt to fetch offsets for partition streams-plaintext-input-0 failed due to: Topic deletion is disabled., retrying.
2026-07-31 07:29:59,171 WARN  OffsetsForLeaderEpochUtils - Attempt to fetch offsets for partition streams-plaintext-input-0 failed due to: Topic deletion is disabled., retrying.
2026-07-31 07:29:59,271 WARN  OffsetsForLeaderEpochUtils - Attempt to fetch offsets for partition streams-plaintext-input-0 failed due to: Topic deletion is disabled., retrying.
2026-07-31 07:29:59,371 WARN  OffsetsForLeaderEpochUtils - Attempt to fetch offsets for partition streams-plaintext-input-0 failed due to: Topic deletion is disabled., retrying.
2026-07-31 07:29:59,471 WARN  OffsetsForLeaderEpochUtils - Attempt to fetch offsets for partition streams-plaintext-input-0 failed due to: Topic deletion is disabled., retrying.
2026-07-31 07:29:59,571 WARN  OffsetsForLeaderEpochUtils - Attempt to fetch offsets for partition streams-plaintext-input-0 failed due to: Topic deletion is disabled., retrying.
2026-07-31 07:29:59,671 WARN  OffsetsForLeaderEpochUtils - Attempt to fetch offsets for partition streams-plaintext-input-0 failed due to: Topic deletion is disabled., retrying.
2026-07-31 07:29:59,771 WARN  OffsetsForLeaderEpochUtils - Attempt to fetch offsets for partition streams-plaintext-input-0 failed due to: Topic deletion is disabled., retrying.
2026-07-31 07:29:59,871 WARN  OffsetsForLeaderEpochUtils - Attempt to fetch offsets for partition streams-plaintext-input-0 failed due to: Topic deletion is disabled., retrying.
2026-07-31 07:29:59,971 WARN  OffsetsForLeaderEpochUtils - Attempt to fetch offsets for partition streams-plaintext-input-0 failed due to: Topic deletion is disabled., retrying.
2026-07-31 07:30:00,071 WARN  OffsetsForLeaderEpochUtils - Attempt to fetch offsets for partition streams-plaintext-input-0 failed due to: Topic deletion is disabled., retrying.
2026-07-31 07:30:00,171 WARN  OffsetsForLeaderEpochUtils - Attempt to fetch offsets for partition streams-plaintext-input-0 failed due to: Topic deletion is disabled., retrying.
2026-07-31 07:30:00,271 WARN  OffsetsForLeaderEpochUtils - Attempt to fetch offsets for partition streams-plaintext-input-0 failed due to: Topic deletion is disabled., retrying.
2026-07-31 07:30:00,371 WARN  OffsetsForLeaderEpochUtils - Attempt to fetch offsets for partition streams-plaintext-input-0 failed due to: Topic deletion is disabled., retrying.
2026-07-31 07:30:00,471 WARN  OffsetsForLeaderEpochUtils - Attempt to fetch offsets for partition streams-plaintext-input-0 failed due to: Topic deletion is disabled., retrying.
2026-07-31 07:30:00,571 WARN  OffsetsForLeaderEpochUtils - Attempt to fetch offsets for partition streams-plaintext-input-0 failed due to: Topic deletion is disabled., retrying.
2026-07-31 07:30:00,671 WARN  OffsetsForLeaderEpochUtils - Attempt to fetch offsets for partition streams-plaintext-input-0 failed due to: Topic deletion is disabled., retrying.
2026-07-31 07:30:00,771 WARN  OffsetsForLeaderEpochUtils - Attempt to fetch offsets for partition streams-plaintext-input-0 failed due to: Topic deletion is disabled., retrying.
2026-07-31 07:30:00,871 WARN  OffsetsForLeaderEpochUtils - Attempt to fetch offsets for partition streams-plaintext-input-0 failed due to: Topic deletion is disabled., retrying.
2026-07-31 07:30:00,971 WARN  OffsetsForLeaderEpochUtils - Attempt to fetch offsets for partition streams-plaintext-input-0 failed due to: Topic deletion is disabled., retrying.
2026-07-31 07:30:01,071 WARN  OffsetsForLeaderEpochUtils - Attempt to fetch offsets for partition streams-plaintext-input-0 failed due to: Topic deletion is disabled., retrying.
2026-07-31 07:30:01,171 WARN  OffsetsForLeaderEpochUtils - Attempt to fetch offsets for partition streams-plaintext-input-0 failed due to: Topic deletion is disabled., retrying.
2026-07-31 07:30:01,271 WARN  OffsetsForLeaderEpochUtils - Attempt to fetch offsets for partition streams-plaintext-input-0 failed due to: Topic deletion is disabled., retrying.
2026-07-31 07:30:01,371 WARN  OffsetsForLeaderEpochUtils - Attempt to fetch offsets for partition streams-plaintext-input-0 failed due to: Topic deletion is disabled., retrying.
2026-07-31 07:30:01,471 WARN  OffsetsForLeaderEpochUtils - Attempt to fetch offsets for partition streams-plaintext-input-0 failed due to: Topic deletion is disabled., retrying.
2026-07-31 07:30:01,571 WARN  OffsetsForLeaderEpochUtils - Attempt to fetch offsets for partition streams-plaintext-input-0 failed due to: Topic deletion is disabled., retrying.
2026-07-31 07:30:01,671 WARN  OffsetsForLeaderEpochUtils - Attempt to fetch offsets for partition streams-plaintext-input-0 failed due to: Topic deletion is disabled., retrying.
2026-07-31 07:30:01,771 WARN  OffsetsForLeaderEpochUtils - Attempt to fetch offsets for partition streams-plaintext-input-0 failed due to: Topic deletion is disabled., retrying.
2026-07-31 07:30:01,871 WARN  OffsetsForLeaderEpochUtils - Attempt to fetch offsets for partition streams-plaintext-input-0 failed due to: Topic deletion is disabled., retrying.
2026-07-31 07:30:01,978 WARN  OffsetsForLeaderEpochUtils - Attempt to fetch offsets for partition streams-plaintext-input-0 failed due to: Topic deletion is disabled., retrying.
2026-07-31 07:30:02,078 WARN  OffsetsForLeaderEpochUtils - Attempt to fetch offsets for partition streams-plaintext-input-0 failed due to: Topic deletion is disabled., retrying.
2026-07-31 07:30:02,178 WARN  OffsetsForLeaderEpochUtils - Attempt to fetch offsets for partition streams-plaintext-input-0 failed due to: Topic deletion is disabled., retrying.
2026-07-31 07:30:02,278 WARN  OffsetsForLeaderEpochUtils - Attempt to fetch offsets for partition streams-plaintext-input-0 failed due to: Topic deletion is disabled., retrying.
2026-07-31 07:30:02,378 WARN  OffsetsForLeaderEpochUtils - Attempt to fetch offsets for partition streams-plaintext-input-0 failed due to: Topic deletion is disabled., retrying.
2026-07-31 07:30:02,478 WARN  OffsetsForLeaderEpochUtils - Attempt to fetch offsets for partition streams-plaintext-input-0 failed due to: Topic deletion is disabled., retrying.
2026-07-31 07:30:02,578 WARN  OffsetsForLeaderEpochUtils - Attempt to fetch offsets for partition streams-plaintext-input-0 failed due to: Topic deletion is disabled., retrying.
2026-07-31 07:30:02,678 WARN  OffsetsForLeaderEpochUtils - Attempt to fetch offsets for partition streams-plaintext-input-0 failed due to: Topic deletion is disabled., retrying.
2026-07-31 07:30:02,778 WARN  OffsetsForLeaderEpochUtils - Attempt to fetch offsets for partition streams-plaintext-input-0 failed due to: Topic deletion is disabled., retrying.
2026-07-31 07:30:02,878 WARN  OffsetsForLeaderEpochUtils - Attempt to fetch offsets for partition streams-plaintext-input-0 failed due to: Topic deletion is disabled., retrying.
2026-07-31 07:30:02,978 WARN  OffsetsForLeaderEpochUtils - Attempt to fetch offsets for partition streams-plaintext-input-0 failed due to: Topic deletion is disabled., retrying.
2026-07-31 07:30:03,078 WARN  OffsetsForLeaderEpochUtils - Attempt to fetch offsets for partition streams-plaintext-input-0 failed due to: Topic deletion is disabled., retrying.
2026-07-31 07:30:03,178 WARN  OffsetsForLeaderEpochUtils - Attempt to fetch offsets for partition streams-plaintext-input-0 failed due to: Topic deletion is disabled., retrying.
2026-07-31 07:30:03,278 WARN  OffsetsForLeaderEpochUtils - Attempt to fetch offsets for partition streams-plaintext-input-0 failed due to: Topic deletion is disabled., retrying.
2026-07-31 07:30:03,378 WARN  OffsetsForLeaderEpochUtils - Attempt to fetch offsets for partition streams-plaintext-input-0 failed due to: Topic deletion is disabled., retrying.
2026-07-31 07:30:03,478 WARN  OffsetsForLeaderEpochUtils - Attempt to fetch offsets for partition streams-plaintext-input-0 failed due to: Topic deletion is disabled., retrying.
2026-07-31 07:30:03,578 WARN  OffsetsForLeaderEpochUtils - Attempt to fetch offsets for partition streams-plaintext-input-0 failed due to: Topic deletion is disabled., retrying.
2026-07-31 07:30:03,678 WARN  OffsetsForLeaderEpochUtils - Attempt to fetch offsets for partition streams-plaintext-input-0 failed due to: Topic deletion is disabled., retrying.
2026-07-31 07:30:03,778 WARN  OffsetsForLeaderEpochUtils - Attempt to fetch offsets for partition streams-plaintext-input-0 failed due to: Topic deletion is disabled., retrying.
2026-07-31 07:30:03,878 WARN  OffsetsForLeaderEpochUtils - Attempt to fetch offsets for partition streams-plaintext-input-0 failed due to: Topic deletion is disabled., retrying.
2026-07-31 07:30:03,978 WARN  OffsetsForLeaderEpochUtils - Attempt to fetch offsets for partition streams-plaintext-input-0 failed due to: Topic deletion is disabled., retrying.
2026-07-31 07:30:04,078 WARN  OffsetsForLeaderEpochUtils - Attempt to fetch offsets for partition streams-plaintext-input-0 failed due to: Topic deletion is disabled., retrying.
2026-07-31 07:30:04,178 WARN  OffsetsForLeaderEpochUtils - Attempt to fetch offsets for partition streams-plaintext-input-0 failed due to: Topic deletion is disabled., retrying.
2026-07-31 07:30:04,278 WARN  OffsetsForLeaderEpochUtils - Attempt to fetch offsets for partition streams-plaintext-input-0 failed due to: Topic deletion is disabled., retrying.
2026-07-31 07:30:04,378 WARN  OffsetsForLeaderEpochUtils - Attempt to fetch offsets for partition streams-plaintext-input-0 failed due to: Topic deletion is disabled., retrying.
2026-07-31 07:30:04,478 WARN  OffsetsForLeaderEpochUtils - Attempt to fetch offsets for partition streams-plaintext-input-0 failed due to: Topic deletion is disabled., retrying.
2026-07-31 07:30:04,578 WARN  OffsetsForLeaderEpochUtils - Attempt to fetch offsets for partition streams-plaintext-input-0 failed due to: Topic deletion is disabled., retrying.
2026-07-31 07:30:04,678 WARN  OffsetsForLeaderEpochUtils - Attempt to fetch offsets for partition streams-plaintext-input-0 failed due to: Topic deletion is disabled., retrying.
2026-07-31 07:30:04,778 WARN  OffsetsForLeaderEpochUtils - Attempt to fetch offsets for partition streams-plaintext-input-0 failed due to: Topic deletion is disabled., retrying.
2026-07-31 07:30:04,878 WARN  OffsetsForLeaderEpochUtils - Attempt to fetch offsets for partition streams-plaintext-input-0 failed due to: Topic deletion is disabled., retrying.
2026-07-31 07:30:04,978 WARN  OffsetsForLeaderEpochUtils - Attempt to fetch offsets for partition streams-plaintext-input-0 failed due to: Topic deletion is disabled., retrying.
2026-07-31 07:30:05,078 WARN  OffsetsForLeaderEpochUtils - Attempt to fetch offsets for partition streams-plaintext-input-0 failed due to: Topic deletion is disabled., retrying.
2026-07-31 07:30:05,178 WARN  OffsetsForLeaderEpochUtils - Attempt to fetch offsets for partition streams-plaintext-input-0 failed due to: Topic deletion is disabled., retrying.
2026-07-31 07:30:05,278 WARN  OffsetsForLeaderEpochUtils - Attempt to fetch offsets for partition streams-plaintext-input-0 failed due to: Topic deletion is disabled., retrying.
2026-07-31 07:30:05,378 WARN  OffsetsForLeaderEpochUtils - Attempt to fetch offsets for partition streams-plaintext-input-0 failed due to: Topic deletion is disabled., retrying.
2026-07-31 07:30:05,478 WARN  OffsetsForLeaderEpochUtils - Attempt to fetch offsets for partition streams-plaintext-input-0 failed due to: Topic deletion is disabled., retrying.
2026-07-31 07:30:05,578 WARN  OffsetsForLeaderEpochUtils - Attempt to fetch offsets for partition streams-plaintext-input-0 failed due to: Topic deletion is disabled., retrying.
2026-07-31 07:30:05,678 WARN  OffsetsForLeaderEpochUtils - Attempt to fetch offsets for partition streams-plaintext-input-0 failed due to: Topic deletion is disabled., retrying.
2026-07-31 07:30:05,778 WARN  OffsetsForLeaderEpochUtils - Attempt to fetch offsets for partition streams-plaintext-input-0 failed due to: Topic deletion is disabled., retrying.
2026-07-31 07:30:05,878 WARN  OffsetsForLeaderEpochUtils - Attempt to fetch offsets for partition streams-plaintext-input-0 failed due to: Topic deletion is disabled., retrying.
2026-07-31 07:30:05,978 WARN  OffsetsForLeaderEpochUtils - Attempt to fetch offsets for partition streams-plaintext-input-0 failed due to: Topic deletion is disabled., retrying.
2026-07-31 07:30:06,078 WARN  OffsetsForLeaderEpochUtils - Attempt to fetch offsets for partition streams-plaintext-input-0 failed due to: Topic deletion is disabled., retrying.
2026-07-31 07:30:06,178 WARN  OffsetsForLeaderEpochUtils - Attempt to fetch offsets for partition streams-plaintext-input-0 failed due to: Topic deletion is disabled., retrying.
2026-07-31 07:30:06,278 WARN  OffsetsForLeaderEpochUtils - Attempt to fetch offsets for partition streams-plaintext-input-0 failed due to: Topic deletion is disabled., retrying.
2026-07-31 07:30:06,378 WARN  OffsetsForLeaderEpochUtils - Attempt to fetch offsets for partition streams-plaintext-input-0 failed due to: Topic deletion is disabled., retrying.
2026-07-31 07:30:06,478 WARN  OffsetsForLeaderEpochUtils - Attempt to fetch offsets for partition streams-plaintext-input-0 failed due to: Topic deletion is disabled., retrying.
2026-07-31 07:30:06,578 WARN  OffsetsForLeaderEpochUtils - Attempt to fetch offsets for partition streams-plaintext-input-0 failed due to: Topic deletion is disabled., retrying.
2026-07-31 07:30:06,678 WARN  OffsetsForLeaderEpochUtils - Attempt to fetch offsets for partition streams-plaintext-input-0 failed due to: Topic deletion is disabled., retrying.
2026-07-31 07:30:06,778 WARN  OffsetsForLeaderEpochUtils - Attempt to fetch offsets for partition streams-plaintext-input-0 failed due to: Topic deletion is disabled., retrying.
2026-07-31 07:30:06,878 WARN  OffsetsForLeaderEpochUtils - Attempt to fetch offsets for partition streams-plaintext-input-0 failed due to: Topic deletion is disabled., retrying.
2026-07-31 07:30:06,978 WARN  OffsetsForLeaderEpochUtils - Attempt to fetch offsets for partition streams-plaintext-input-0 failed due to: Topic deletion is disabled., retrying.
2026-07-31 07:30:07,078 WARN  OffsetsForLeaderEpochUtils - Attempt to fetch offsets for partition streams-plaintext-input-0 failed due to: Topic deletion is disabled., retrying.
2026-07-31 07:30:07,178 WARN  OffsetsForLeaderEpochUtils - Attempt to fetch offsets for partition streams-plaintext-input-0 failed due to: Topic deletion is disabled., retrying.
2026-07-31 07:30:07,278 WARN  OffsetsForLeaderEpochUtils - Attempt to fetch offsets for partition streams-plaintext-input-0 failed due to: Topic deletion is disabled., retrying.
2026-07-31 07:30:07,378 WARN  OffsetsForLeaderEpochUtils - Attempt to fetch offsets for partition streams-plaintext-input-0 failed due to: Topic deletion is disabled., retrying.
2026-07-31 07:30:07,478 WARN  OffsetsForLeaderEpochUtils - Attempt to fetch offsets for partition streams-plaintext-input-0 failed due to: Topic deletion is disabled., retrying.
2026-07-31 07:30:07,578 WARN  OffsetsForLeaderEpochUtils - Attempt to fetch offsets for partition streams-plaintext-input-0 failed due to: Topic deletion is disabled., retrying.
2026-07-31 07:30:07,678 WARN  OffsetsForLeaderEpochUtils - Attempt to fetch offsets for partition streams-plaintext-input-0 failed due to: Topic deletion is disabled., retrying.
2026-07-31 07:30:07,778 WARN  OffsetsForLeaderEpochUtils - Attempt to fetch offsets for partition streams-plaintext-input-0 failed due to: Topic deletion is disabled., retrying.
2026-07-31 07:30:07,878 WARN  OffsetsForLeaderEpochUtils - Attempt to fetch offsets for partition streams-plaintext-input-0 failed due to: Topic deletion is disabled., retrying.
2026-07-31 07:30:07,978 WARN  OffsetsForLeaderEpochUtils - Attempt to fetch offsets for partition streams-plaintext-input-0 failed due to: Topic deletion is disabled., retrying.
2026-07-31 07:30:08,078 WARN  OffsetsForLeaderEpochUtils - Attempt to fetch offsets for partition streams-plaintext-input-0 failed due to: Topic deletion is disabled., retrying.
2026-07-31 07:30:08,178 WARN  OffsetsForLeaderEpochUtils - Attempt to fetch offsets for partition streams-plaintext-input-0 failed due to: Topic deletion is disabled., retrying.
2026-07-31 07:30:08,278 WARN  OffsetsForLeaderEpochUtils - Attempt to fetch offsets for partition streams-plaintext-input-0 failed due to: Topic deletion is disabled., retrying.
2026-07-31 07:30:08,378 WARN  OffsetsForLeaderEpochUtils - Attempt to fetch offsets for partition streams-plaintext-input-0 failed due to: Topic deletion is disabled., retrying.
2026-07-31 07:30:08,478 WARN  OffsetsForLeaderEpochUtils - Attempt to fetch offsets for partition streams-plaintext-input-0 failed due to: Topic deletion is disabled., retrying.
2026-07-31 07:30:08,578 WARN  OffsetsForLeaderEpochUtils - Attempt to fetch offsets for partition streams-plaintext-input-0 failed due to: Topic deletion is disabled., retrying.
2026-07-31 07:30:08,678 WARN  OffsetsForLeaderEpochUtils - Attempt to fetch offsets for partition streams-plaintext-input-0 failed due to: Topic deletion is disabled., retrying.
2026-07-31 07:30:08,778 WARN  OffsetsForLeaderEpochUtils - Attempt to fetch offsets for partition streams-plaintext-input-0 failed due to: Topic deletion is disabled., retrying.
2026-07-31 07:30:08,878 WARN  OffsetsForLeaderEpochUtils - Attempt to fetch offsets for partition streams-plaintext-input-0 failed due to: Topic deletion is disabled., retrying.
2026-07-31 07:30:08,978 WARN  OffsetsForLeaderEpochUtils - Attempt to fetch offsets for partition streams-plaintext-input-0 failed due to: Topic deletion is disabled., retrying.
2026-07-31 07:30:09,078 WARN  OffsetsForLeaderEpochUtils - Attempt to fetch offsets for partition streams-plaintext-input-0 failed due to: Topic deletion is disabled., retrying.
2026-07-31 07:30:09,178 WARN  OffsetsForLeaderEpochUtils - Attempt to fetch offsets for partition streams-plaintext-input-0 failed due to: Topic deletion is disabled., retrying.
2026-07-31 07:30:09,278 WARN  OffsetsForLeaderEpochUtils - Attempt to fetch offsets for partition streams-plaintext-input-0 failed due to: Topic deletion is disabled., retrying.
2026-07-31 07:30:09,378 WARN  OffsetsForLeaderEpochUtils - Attempt to fetch offsets for partition streams-plaintext-input-0 failed due to: Topic deletion is disabled., retrying.
2026-07-31 07:30:09,478 WARN  OffsetsForLeaderEpochUtils - Attempt to fetch offsets for partition streams-plaintext-input-0 failed due to: Topic deletion is disabled., retrying.
2026-07-31 07:30:09,578 WARN  OffsetsForLeaderEpochUtils - Attempt to fetch offsets for partition streams-plaintext-input-0 failed due to: Topic deletion is disabled., retrying.
2026-07-31 07:30:09,678 WARN  OffsetsForLeaderEpochUtils - Attempt to fetch offsets for partition streams-plaintext-input-0 failed due to: Topic deletion is disabled., retrying.
2026-07-31 07:30:09,778 WARN  OffsetsForLeaderEpochUtils - Attempt to fetch offsets for partition streams-plaintext-input-0 failed due to: Topic deletion is disabled., retrying.
2026-07-31 07:30:09,878 WARN  OffsetsForLeaderEpochUtils - Attempt to fetch offsets for partition streams-plaintext-input-0 failed due to: Topic deletion is disabled., retrying.
2026-07-31 07:30:09,978 WARN  OffsetsForLeaderEpochUtils - Attempt to fetch offsets for partition streams-plaintext-input-0 failed due to: Topic deletion is disabled., retrying.
2026-07-31 07:30:10,078 WARN  OffsetsForLeaderEpochUtils - Attempt to fetch offsets for partition streams-plaintext-input-0 failed due to: Topic deletion is disabled., retrying.
2026-07-31 07:30:10,178 WARN  OffsetsForLeaderEpochUtils - Attempt to fetch offsets for partition streams-plaintext-input-0 failed due to: Topic deletion is disabled., retrying.
2026-07-31 07:30:10,278 WARN  OffsetsForLeaderEpochUtils - Attempt to fetch offsets for partition streams-plaintext-input-0 failed due to: Topic deletion is disabled., retrying.
2026-07-31 07:30:10,378 WARN  OffsetsForLeaderEpochUtils - Attempt to fetch offsets for partition streams-plaintext-input-0 failed due to: Topic deletion is disabled., retrying.
2026-07-31 07:30:10,478 WARN  OffsetsForLeaderEpochUtils - Attempt to fetch offsets for partition streams-plaintext-input-0 failed due to: Topic deletion is disabled., retrying.
2026-07-31 07:30:10,578 WARN  OffsetsForLeaderEpochUtils - Attempt to fetch offsets for partition streams-plaintext-input-0 failed due to: Topic deletion is disabled., retrying.
2026-07-31 07:30:10,678 WARN  OffsetsForLeaderEpochUtils - Attempt to fetch offsets for partition streams-plaintext-input-0 failed due to: Topic deletion is disabled., retrying.
2026-07-31 07:30:10,778 WARN  OffsetsForLeaderEpochUtils - Attempt to fetch offsets for partition streams-plaintext-input-0 failed due to: Topic deletion is disabled., retrying.
2026-07-31 07:30:10,878 WARN  OffsetsForLeaderEpochUtils - Attempt to fetch offsets for partition streams-plaintext-input-0 failed due to: Topic deletion is disabled., retrying.
2026-07-31 07:30:10,978 WARN  OffsetsForLeaderEpochUtils - Attempt to fetch offsets for partition streams-plaintext-input-0 failed due to: Topic deletion is disabled., retrying.
2026-07-31 07:30:11,078 WARN  OffsetsForLeaderEpochUtils - Attempt to fetch offsets for partition streams-plaintext-input-0 failed due to: Topic deletion is disabled., retrying.
2026-07-31 07:30:11,178 WARN  OffsetsForLeaderEpochUtils - Attempt to fetch offsets for partition streams-plaintext-input-0 failed due to: Topic deletion is disabled., retrying.
2026-07-31 07:30:11,278 WARN  OffsetsForLeaderEpochUtils - Attempt to fetch offsets for partition streams-plaintext-input-0 failed due to: Topic deletion is disabled., retrying.
2026-07-31 07:30:11,378 WARN  OffsetsForLeaderEpochUtils - Attempt to fetch offsets for partition streams-plaintext-input-0 failed due to: Topic deletion is disabled., retrying.
2026-07-31 07:30:11,478 WARN  OffsetsForLeaderEpochUtils - Attempt to fetch offsets for partition streams-plaintext-input-0 failed due to: Topic deletion is disabled., retrying.
2026-07-31 07:30:11,578 WARN  OffsetsForLeaderEpochUtils - Attempt to fetch offsets for partition streams-plaintext-input-0 failed due to: Topic deletion is disabled., retrying.
2026-07-31 07:30:11,678 WARN  OffsetsForLeaderEpochUtils - Attempt to fetch offsets for partition streams-plaintext-input-0 failed due to: Topic deletion is disabled., retrying.
2026-07-31 07:30:11,778 WARN  OffsetsForLeaderEpochUtils - Attempt to fetch offsets for partition streams-plaintext-input-0 failed due to: Topic deletion is disabled., retrying.
2026-07-31 07:30:11,878 WARN  OffsetsForLeaderEpochUtils - Attempt to fetch offsets for partition streams-plaintext-input-0 failed due to: Topic deletion is disabled., retrying.
2026-07-31 07:30:11,978 WARN  OffsetsForLeaderEpochUtils - Attempt to fetch offsets for partition streams-plaintext-input-0 failed due to: Topic deletion is disabled., retrying.
2026-07-31 07:30:12,078 WARN  OffsetsForLeaderEpochUtils - Attempt to fetch offsets for partition streams-plaintext-input-0 failed due to: Topic deletion is disabled., retrying.
2026-07-31 07:30:12,178 WARN  OffsetsForLeaderEpochUtils - Attempt to fetch offsets for partition streams-plaintext-input-0 failed due to: Topic deletion is disabled., retrying.
2026-07-31 07:30:12,278 WARN  OffsetsForLeaderEpochUtils - Attempt to fetch offsets for partition streams-plaintext-input-0 failed due to: Topic deletion is disabled., retrying.
2026-07-31 07:30:12,378 WARN  OffsetsForLeaderEpochUtils - Attempt to fetch offsets for partition streams-plaintext-input-0 failed due to: Topic deletion is disabled., retrying.
2026-07-31 07:30:12,478 WARN  OffsetsForLeaderEpochUtils - Attempt to fetch offsets for partition streams-plaintext-input-0 failed due to: Topic deletion is disabled., retrying.
2026-07-31 07:30:12,578 WARN  OffsetsForLeaderEpochUtils - Attempt to fetch offsets for partition streams-plaintext-input-0 failed due to: Topic deletion is disabled., retrying.
2026-07-31 07:30:12,678 WARN  OffsetsForLeaderEpochUtils - Attempt to fetch offsets for partition streams-plaintext-input-0 failed due to: Topic deletion is disabled., retrying.
2026-07-31 07:30:12,778 WARN  OffsetsForLeaderEpochUtils - Attempt to fetch offsets for partition streams-plaintext-input-0 failed due to: Topic deletion is disabled., retrying.
2026-07-31 07:30:12,878 WARN  OffsetsForLeaderEpochUtils - Attempt to fetch offsets for partition streams-plaintext-input-0 failed due to: Topic deletion is disabled., retrying.
2026-07-31 07:30:12,978 WARN  OffsetsForLeaderEpochUtils - Attempt to fetch offsets for partition streams-plaintext-input-0 failed due to: Topic deletion is disabled., retrying.
2026-07-31 07:30:13,078 WARN  OffsetsForLeaderEpochUtils - Attempt to fetch offsets for partition streams-plaintext-input-0 failed due to: Topic deletion is disabled., retrying.
2026-07-31 07:30:13,178 WARN  OffsetsForLeaderEpochUtils - Attempt to fetch offsets for partition streams-plaintext-input-0 failed due to: Topic deletion is disabled., retrying.
2026-07-31 07:30:13,278 WARN  OffsetsForLeaderEpochUtils - Attempt to fetch offsets for partition streams-plaintext-input-0 failed due to: Topic deletion is disabled., retrying.
2026-07-31 07:30:13,378 WARN  OffsetsForLeaderEpochUtils - Attempt to fetch offsets for partition streams-plaintext-input-0 failed due to: Topic deletion is disabled., retrying.
2026-07-31 07:30:13,478 WARN  OffsetsForLeaderEpochUtils - Attempt to fetch offsets for partition streams-plaintext-input-0 failed due to: Topic deletion is disabled., retrying.
2026-07-31 07:30:13,578 WARN  OffsetsForLeaderEpochUtils - Attempt to fetch offsets for partition streams-plaintext-input-0 failed due to: Topic deletion is disabled., retrying.
2026-07-31 07:30:13,678 WARN  OffsetsForLeaderEpochUtils - Attempt to fetch offsets for partition streams-plaintext-input-0 failed due to: Topic deletion is disabled., retrying.
2026-07-31 07:30:13,778 WARN  OffsetsForLeaderEpochUtils - Attempt to fetch offsets for partition streams-plaintext-input-0 failed due to: Topic deletion is disabled., retrying.
2026-07-31 07:30:13,878 WARN  OffsetsForLeaderEpochUtils - Attempt to fetch offsets for partition streams-plaintext-input-0 failed due to: Topic deletion is disabled., retrying.
2026-07-31 07:30:13,978 WARN  OffsetsForLeaderEpochUtils - Attempt to fetch offsets for partition streams-plaintext-input-0 failed due to: Topic deletion is disabled., retrying.
2026-07-31 07:30:14,078 WARN  OffsetsForLeaderEpochUtils - Attempt to fetch offsets for partition streams-plaintext-input-0 failed due to: Topic deletion is disabled., retrying.
2026-07-31 07:30:14,178 WARN  OffsetsForLeaderEpochUtils - Attempt to fetch offsets for partition streams-plaintext-input-0 failed due to: Topic deletion is disabled., retrying.
2026-07-31 07:30:14,278 WARN  OffsetsForLeaderEpochUtils - Attempt to fetch offsets for partition streams-plaintext-input-0 failed due to: Topic deletion is disabled., retrying.
2026-07-31 07:30:14,378 WARN  OffsetsForLeaderEpochUtils - Attempt to fetch offsets for partition streams-plaintext-input-0 failed due to: Topic deletion is disabled., retrying.
2026-07-31 07:30:14,478 WARN  OffsetsForLeaderEpochUtils - Attempt to fetch offsets for partition streams-plaintext-input-0 failed due to: Topic deletion is disabled., retrying.
2026-07-31 07:30:14,578 WARN  OffsetsForLeaderEpochUtils - Attempt to fetch offsets for partition streams-plaintext-input-0 failed due to: Topic deletion is disabled., retrying.
2026-07-31 07:30:14,678 WARN  OffsetsForLeaderEpochUtils - Attempt to fetch offsets for partition streams-plaintext-input-0 failed due to: Topic deletion is disabled., retrying.
2026-07-31 07:30:14,778 WARN  OffsetsForLeaderEpochUtils - Attempt to fetch offsets for partition streams-plaintext-input-0 failed due to: Topic deletion is disabled., retrying.
2026-07-31 07:30:14,878 WARN  OffsetsForLeaderEpochUtils - Attempt to fetch offsets for partition streams-plaintext-input-0 failed due to: Topic deletion is disabled., retrying.
2026-07-31 07:30:14,978 WARN  OffsetsForLeaderEpochUtils - Attempt to fetch offsets for partition streams-plaintext-input-0 failed due to: Topic deletion is disabled., retrying.
2026-07-31 07:30:15,078 WARN  OffsetsForLeaderEpochUtils - Attempt to fetch offsets for partition streams-plaintext-input-0 failed due to: Topic deletion is disabled., retrying.
2026-07-31 07:30:15,178 WARN  OffsetsForLeaderEpochUtils - Attempt to fetch offsets for partition streams-plaintext-input-0 failed due to: Topic deletion is disabled., retrying.
2026-07-31 07:30:15,278 WARN  OffsetsForLeaderEpochUtils - Attempt to fetch offsets for partition streams-plaintext-input-0 failed due to: Topic deletion is disabled., retrying.
2026-07-31 07:30:15,378 WARN  OffsetsForLeaderEpochUtils - Attempt to fetch offsets for partition streams-plaintext-input-0 failed due to: Topic deletion is disabled., retrying.
2026-07-31 07:30:15,478 WARN  OffsetsForLeaderEpochUtils - Attempt to fetch offsets for partition streams-plaintext-input-0 failed due to: Topic deletion is disabled., retrying.
2026-07-31 07:30:15,578 WARN  OffsetsForLeaderEpochUtils - Attempt to fetch offsets for partition streams-plaintext-input-0 failed due to: Topic deletion is disabled., retrying.
2026-07-31 07:30:15,678 WARN  OffsetsForLeaderEpochUtils - Attempt to fetch offsets for partition streams-plaintext-input-0 failed due to: Topic deletion is disabled., retrying.
2026-07-31 07:30:15,778 WARN  OffsetsForLeaderEpochUtils - Attempt to fetch offsets for partition streams-plaintext-input-0 failed due to: Topic deletion is disabled., retrying.
2026-07-31 07:30:15,878 WARN  OffsetsForLeaderEpochUtils - Attempt to fetch offsets for partition streams-plaintext-input-0 failed due to: Topic deletion is disabled., retrying.
2026-07-31 07:30:15,978 WARN  OffsetsForLeaderEpochUtils - Attempt to fetch offsets for partition streams-plaintext-input-0 failed due to: Topic deletion is disabled., retrying.
2026-07-31 07:30:16,078 WARN  OffsetsForLeaderEpochUtils - Attempt to fetch offsets for partition streams-plaintext-input-0 failed due to: Topic deletion is disabled., retrying.
2026-07-31 07:30:16,178 WARN  OffsetsForLeaderEpochUtils - Attempt to fetch offsets for partition streams-plaintext-input-0 failed due to: Topic deletion is disabled., retrying.
2026-07-31 07:30:16,278 WARN  OffsetsForLeaderEpochUtils - Attempt to fetch offsets for partition streams-plaintext-input-0 failed due to: Topic deletion is disabled., retrying.
2026-07-31 07:30:16,378 WARN  OffsetsForLeaderEpochUtils - Attempt to fetch offsets for partition streams-plaintext-input-0 failed due to: Topic deletion is disabled., retrying.
2026-07-31 07:30:16,478 WARN  OffsetsForLeaderEpochUtils - Attempt to fetch offsets for partition streams-plaintext-input-0 failed due to: Topic deletion is disabled., retrying.
2026-07-31 07:30:16,578 WARN  OffsetsForLeaderEpochUtils - Attempt to fetch offsets for partition streams-plaintext-input-0 failed due to: Topic deletion is disabled., retrying.
2026-07-31 07:30:16,678 WARN  OffsetsForLeaderEpochUtils - Attempt to fetch offsets for partition streams-plaintext-input-0 failed due to: Topic deletion is disabled., retrying.
2026-07-31 07:30:16,778 WARN  OffsetsForLeaderEpochUtils - Attempt to fetch offsets for partition streams-plaintext-input-0 failed due to: Topic deletion is disabled., retrying.
2026-07-31 07:30:16,878 WARN  OffsetsForLeaderEpochUtils - Attempt to fetch offsets for partition streams-plaintext-input-0 failed due to: Topic deletion is disabled., retrying.
2026-07-31 07:30:16,978 WARN  OffsetsForLeaderEpochUtils - Attempt to fetch offsets for partition streams-plaintext-input-0 failed due to: Topic deletion is disabled., retrying.
2026-07-31 07:30:17,078 WARN  OffsetsForLeaderEpochUtils - Attempt to fetch offsets for partition streams-plaintext-input-0 failed due to: Topic deletion is disabled., retrying.
2026-07-31 07:30:17,178 WARN  OffsetsForLeaderEpochUtils - Attempt to fetch offsets for partition streams-plaintext-input-0 failed due to: Topic deletion is disabled., retrying.
2026-07-31 07:30:17,278 WARN  OffsetsForLeaderEpochUtils - Attempt to fetch offsets for partition streams-plaintext-input-0 failed due to: Topic deletion is disabled., retrying.
2026-07-31 07:30:17,378 WARN  OffsetsForLeaderEpochUtils - Attempt to fetch offsets for partition streams-plaintext-input-0 failed due to: Topic deletion is disabled., retrying.
2026-07-31 07:30:17,478 WARN  OffsetsForLeaderEpochUtils - Attempt to fetch offsets for partition streams-plaintext-input-0 failed due to: Topic deletion is disabled., retrying.
2026-07-31 07:30:17,572 INFO  StreamThread - stream-thread [skafka-go-streams-wordcount-1a74447b-5fdf-40ea-9611-cfd9e4fde9ec-StreamThread-1] Processed 0 total records, ran 0 punctuators, and committed 0 total tasks since the last update
2026-07-31 07:30:17,578 WARN  OffsetsForLeaderEpochUtils - Attempt to fetch offsets for partition streams-plaintext-input-0 failed due to: Topic deletion is disabled., retrying.
2026-07-31 07:30:17,678 WARN  OffsetsForLeaderEpochUtils - Attempt to fetch offsets for partition streams-plaintext-input-0 failed due to: Topic deletion is disabled., retrying.
2026-07-31 07:30:17,778 WARN  OffsetsForLeaderEpochUtils - Attempt to fetch offsets for partition streams-plaintext-input-0 failed due to: Topic deletion is disabled., retrying.
2026-07-31 07:30:17,878 WARN  OffsetsForLeaderEpochUtils - Attempt to fetch offsets for partition streams-plaintext-input-0 failed due to: Topic deletion is disabled., retrying.
2026-07-31 07:30:17,978 WARN  OffsetsForLeaderEpochUtils - Attempt to fetch offsets for partition streams-plaintext-input-0 failed due to: Topic deletion is disabled., retrying.
2026-07-31 07:30:18,078 WARN  OffsetsForLeaderEpochUtils - Attempt to fetch offsets for partition streams-plaintext-input-0 failed due to: Topic deletion is disabled., retrying.
2026-07-31 07:30:18,178 WARN  OffsetsForLeaderEpochUtils - Attempt to fetch offsets for partition streams-plaintext-input-0 failed due to: Topic deletion is disabled., retrying.
2026-07-31 07:30:18,278 WARN  OffsetsForLeaderEpochUtils - Attempt to fetch offsets for partition streams-plaintext-input-0 failed due to: Topic deletion is disabled., retrying.
2026-07-31 07:30:18,378 WARN  OffsetsForLeaderEpochUtils - Attempt to fetch offsets for partition streams-plaintext-input-0 failed due to: Topic deletion is disabled., retrying.
2026-07-31 07:30:18,478 WARN  OffsetsForLeaderEpochUtils - Attempt to fetch offsets for partition streams-plaintext-input-0 failed due to: Topic deletion is disabled., retrying.
2026-07-31 07:30:18,578 WARN  OffsetsForLeaderEpochUtils - Attempt to fetch offsets for partition streams-plaintext-input-0 failed due to: Topic deletion is disabled., retrying.
2026-07-31 07:30:18,678 WARN  OffsetsForLeaderEpochUtils - Attempt to fetch offsets for partition streams-plaintext-input-0 failed due to: Topic deletion is disabled., retrying.
2026-07-31 07:30:18,778 WARN  OffsetsForLeaderEpochUtils - Attempt to fetch offsets for partition streams-plaintext-input-0 failed due to: Topic deletion is disabled., retrying.
2026-07-31 07:30:18,878 WARN  OffsetsForLeaderEpochUtils - Attempt to fetch offsets for partition streams-plaintext-input-0 failed due to: Topic deletion is disabled., retrying.
2026-07-31 07:30:18,978 WARN  OffsetsForLeaderEpochUtils - Attempt to fetch offsets for partition streams-plaintext-input-0 failed due to: Topic deletion is disabled., retrying.
2026-07-31 07:30:19,078 WARN  OffsetsForLeaderEpochUtils - Attempt to fetch offsets for partition streams-plaintext-input-0 failed due to: Topic deletion is disabled., retrying.
2026-07-31 07:30:19,178 WARN  OffsetsForLeaderEpochUtils - Attempt to fetch offsets for partition streams-plaintext-input-0 failed due to: Topic deletion is disabled., retrying.
2026-07-31 07:30:19,278 WARN  OffsetsForLeaderEpochUtils - Attempt to fetch offsets for partition streams-plaintext-input-0 failed due to: Topic deletion is disabled., retrying.
2026-07-31 07:30:19,378 WARN  OffsetsForLeaderEpochUtils - Attempt to fetch offsets for partition streams-plaintext-input-0 failed due to: Topic deletion is disabled., retrying.
2026-07-31 07:30:19,478 WARN  OffsetsForLeaderEpochUtils - Attempt to fetch offsets for partition streams-plaintext-input-0 failed due to: Topic deletion is disabled., retrying.
2026-07-31 07:30:19,578 WARN  OffsetsForLeaderEpochUtils - Attempt to fetch offsets for partition streams-plaintext-input-0 failed due to: Topic deletion is disabled., retrying.
2026-07-31 07:30:19,678 WARN  OffsetsForLeaderEpochUtils - Attempt to fetch offsets for partition streams-plaintext-input-0 failed due to: Topic deletion is disabled., retrying.
2026-07-31 07:30:19,778 WARN  OffsetsForLeaderEpochUtils - Attempt to fetch offsets for partition streams-plaintext-input-0 failed due to: Topic deletion is disabled., retrying.
2026-07-31 07:30:19,878 WARN  OffsetsForLeaderEpochUtils - Attempt to fetch offsets for partition streams-plaintext-input-0 failed due to: Topic deletion is disabled., retrying.
2026-07-31 07:30:19,978 WARN  OffsetsForLeaderEpochUtils - Attempt to fetch offsets for partition streams-plaintext-input-0 failed due to: Topic deletion is disabled., retrying.
2026-07-31 07:30:20,078 WARN  OffsetsForLeaderEpochUtils - Attempt to fetch offsets for partition streams-plaintext-input-0 failed due to: Topic deletion is disabled., retrying.
2026-07-31 07:30:20,178 WARN  OffsetsForLeaderEpochUtils - Attempt to fetch offsets for partition streams-plaintext-input-0 failed due to: Topic deletion is disabled., retrying.
2026-07-31 07:30:20,278 WARN  OffsetsForLeaderEpochUtils - Attempt to fetch offsets for partition streams-plaintext-input-0 failed due to: Topic deletion is disabled., retrying.
2026-07-31 07:30:20,378 WARN  OffsetsForLeaderEpochUtils - Attempt to fetch offsets for partition streams-plaintext-input-0 failed due to: Topic deletion is disabled., retrying.
2026-07-31 07:30:20,478 WARN  OffsetsForLeaderEpochUtils - Attempt to fetch offsets for partition streams-plaintext-input-0 failed due to: Topic deletion is disabled., retrying.
2026-07-31 07:30:20,578 WARN  OffsetsForLeaderEpochUtils - Attempt to fetch offsets for partition streams-plaintext-input-0 failed due to: Topic deletion is disabled., retrying.
2026-07-31 07:30:20,678 WARN  OffsetsForLeaderEpochUtils - Attempt to fetch offsets for partition streams-plaintext-input-0 failed due to: Topic deletion is disabled., retrying.
2026-07-31 07:30:20,778 WARN  OffsetsForLeaderEpochUtils - Attempt to fetch offsets for partition streams-plaintext-input-0 failed due to: Topic deletion is disabled., retrying.
2026-07-31 07:30:20,878 WARN  OffsetsForLeaderEpochUtils - Attempt to fetch offsets for partition streams-plaintext-input-0 failed due to: Topic deletion is disabled., retrying.
2026-07-31 07:30:20,978 WARN  OffsetsForLeaderEpochUtils - Attempt to fetch offsets for partition streams-plaintext-input-0 failed due to: Topic deletion is disabled., retrying.
2026-07-31 07:30:21,078 WARN  OffsetsForLeaderEpochUtils - Attempt to fetch offsets for partition streams-plaintext-input-0 failed due to: Topic deletion is disabled., retrying.
2026-07-31 07:30:21,178 WARN  OffsetsForLeaderEpochUtils - Attempt to fetch offsets for partition streams-plaintext-input-0 failed due to: Topic deletion is disabled., retrying.
2026-07-31 07:30:21,278 WARN  OffsetsForLeaderEpochUtils - Attempt to fetch offsets for partition streams-plaintext-input-0 failed due to: Topic deletion is disabled., retrying.
2026-07-31 07:30:21,378 WARN  OffsetsForLeaderEpochUtils - Attempt to fetch offsets for partition streams-plaintext-input-0 failed due to: Topic deletion is disabled., retrying.
2026-07-31 07:30:21,478 WARN  OffsetsForLeaderEpochUtils - Attempt to fetch offsets for partition streams-plaintext-input-0 failed due to: Topic deletion is disabled., retrying.
2026-07-31 07:30:21,578 WARN  OffsetsForLeaderEpochUtils - Attempt to fetch offsets for partition streams-plaintext-input-0 failed due to: Topic deletion is disabled., retrying.
2026-07-31 07:30:21,678 WARN  OffsetsForLeaderEpochUtils - Attempt to fetch offsets for partition streams-plaintext-input-0 failed due to: Topic deletion is disabled., retrying.
2026-07-31 07:30:21,778 WARN  OffsetsForLeaderEpochUtils - Attempt to fetch offsets for partition streams-plaintext-input-0 failed due to: Topic deletion is disabled., retrying.
2026-07-31 07:30:21,878 WARN  OffsetsForLeaderEpochUtils - Attempt to fetch offsets for partition streams-plaintext-input-0 failed due to: Topic deletion is disabled., retrying.
2026-07-31 07:30:21,978 WARN  OffsetsForLeaderEpochUtils - Attempt to fetch offsets for partition streams-plaintext-input-0 failed due to: Topic deletion is disabled., retrying.
2026-07-31 07:30:22,078 WARN  OffsetsForLeaderEpochUtils - Attempt to fetch offsets for partition streams-plaintext-input-0 failed due to: Topic deletion is disabled., retrying.
2026-07-31 07:30:22,178 WARN  OffsetsForLeaderEpochUtils - Attempt to fetch offsets for partition streams-plaintext-input-0 failed due to: Topic deletion is disabled., retrying.
2026-07-31 07:30:22,278 WARN  OffsetsForLeaderEpochUtils - Attempt to fetch offsets for partition streams-plaintext-input-0 failed due to: Topic deletion is disabled., retrying.
2026-07-31 07:30:22,378 WARN  OffsetsForLeaderEpochUtils - Attempt to fetch offsets for partition streams-plaintext-input-0 failed due to: Topic deletion is disabled., retrying.
2026-07-31 07:30:22,478 WARN  OffsetsForLeaderEpochUtils - Attempt to fetch offsets for partition streams-plaintext-input-0 failed due to: Topic deletion is disabled., retrying.
2026-07-31 07:30:22,578 WARN  OffsetsForLeaderEpochUtils - Attempt to fetch offsets for partition streams-plaintext-input-0 failed due to: Topic deletion is disabled., retrying.
2026-07-31 07:30:22,678 WARN  OffsetsForLeaderEpochUtils - Attempt to fetch offsets for partition streams-plaintext-input-0 failed due to: Topic deletion is disabled., retrying.
2026-07-31 07:30:22,778 WARN  OffsetsForLeaderEpochUtils - Attempt to fetch offsets for partition streams-plaintext-input-0 failed due to: Topic deletion is disabled., retrying.
2026-07-31 07:30:22,878 WARN  OffsetsForLeaderEpochUtils - Attempt to fetch offsets for partition streams-plaintext-input-0 failed due to: Topic deletion is disabled., retrying.
2026-07-31 07:30:22,978 WARN  OffsetsForLeaderEpochUtils - Attempt to fetch offsets for partition streams-plaintext-input-0 failed due to: Topic deletion is disabled., retrying.
2026-07-31 07:30:23,078 WARN  OffsetsForLeaderEpochUtils - Attempt to fetch offsets for partition streams-plaintext-input-0 failed due to: Topic deletion is disabled., retrying.
2026-07-31 07:30:23,178 WARN  OffsetsForLeaderEpochUtils - Attempt to fetch offsets for partition streams-plaintext-input-0 failed due to: Topic deletion is disabled., retrying.
2026-07-31 07:30:23,278 WARN  OffsetsForLeaderEpochUtils - Attempt to fetch offsets for partition streams-plaintext-input-0 failed due to: Topic deletion is disabled., retrying.
2026-07-31 07:30:23,378 WARN  OffsetsForLeaderEpochUtils - Attempt to fetch offsets for partition streams-plaintext-input-0 failed due to: Topic deletion is disabled., retrying.
2026-07-31 07:30:23,478 WARN  OffsetsForLeaderEpochUtils - Attempt to fetch offsets for partition streams-plaintext-input-0 failed due to: Topic deletion is disabled., retrying.
2026-07-31 07:30:23,578 WARN  OffsetsForLeaderEpochUtils - Attempt to fetch offsets for partition streams-plaintext-input-0 failed due to: Topic deletion is disabled., retrying.
2026-07-31 07:30:23,678 WARN  OffsetsForLeaderEpochUtils - Attempt to fetch offsets for partition streams-plaintext-input-0 failed due to: Topic deletion is disabled., retrying.
2026-07-31 07:30:23,778 WARN  OffsetsForLeaderEpochUtils - Attempt to fetch offsets for partition streams-plaintext-input-0 failed due to: Topic deletion is disabled., retrying.
2026-07-31 07:30:23,878 WARN  OffsetsForLeaderEpochUtils - Attempt to fetch offsets for partition streams-plaintext-input-0 failed due to: Topic deletion is disabled., retrying.
2026-07-31 07:30:23,978 WARN  OffsetsForLeaderEpochUtils - Attempt to fetch offsets for partition streams-plaintext-input-0 failed due to: Topic deletion is disabled., retrying.
2026-07-31 07:30:24,078 WARN  OffsetsForLeaderEpochUtils - Attempt to fetch offsets for partition streams-plaintext-input-0 failed due to: Topic deletion is disabled., retrying.
2026-07-31 07:30:24,178 WARN  OffsetsForLeaderEpochUtils - Attempt to fetch offsets for partition streams-plaintext-input-0 failed due to: Topic deletion is disabled., retrying.
2026-07-31 07:30:24,278 WARN  OffsetsForLeaderEpochUtils - Attempt to fetch offsets for partition streams-plaintext-input-0 failed due to: Topic deletion is disabled., retrying.
2026-07-31 07:30:24,378 WARN  OffsetsForLeaderEpochUtils - Attempt to fetch offsets for partition streams-plaintext-input-0 failed due to: Topic deletion is disabled., retrying.
2026-07-31 07:30:24,478 WARN  OffsetsForLeaderEpochUtils - Attempt to fetch offsets for partition streams-plaintext-input-0 failed due to: Topic deletion is disabled., retrying.
2026-07-31 07:30:24,578 WARN  OffsetsForLeaderEpochUtils - Attempt to fetch offsets for partition streams-plaintext-input-0 failed due to: Topic deletion is disabled., retrying.
2026-07-31 07:30:24,678 WARN  OffsetsForLeaderEpochUtils - Attempt to fetch offsets for partition streams-plaintext-input-0 failed due to: Topic deletion is disabled., retrying.
2026-07-31 07:30:24,778 WARN  OffsetsForLeaderEpochUtils - Attempt to fetch offsets for partition streams-plaintext-input-0 failed due to: Topic deletion is disabled., retrying.
2026-07-31 07:30:24,878 WARN  OffsetsForLeaderEpochUtils - Attempt to fetch offsets for partition streams-plaintext-input-0 failed due to: Topic deletion is disabled., retrying.
2026-07-31 07:30:24,978 WARN  OffsetsForLeaderEpochUtils - Attempt to fetch offsets for partition streams-plaintext-input-0 failed due to: Topic deletion is disabled., retrying.
2026-07-31 07:30:25,078 WARN  OffsetsForLeaderEpochUtils - Attempt to fetch offsets for partition streams-plaintext-input-0 failed due to: Topic deletion is disabled., retrying.
2026-07-31 07:30:25,178 WARN  OffsetsForLeaderEpochUtils - Attempt to fetch offsets for partition streams-plaintext-input-0 failed due to: Topic deletion is disabled., retrying.
2026-07-31 07:30:25,278 WARN  OffsetsForLeaderEpochUtils - Attempt to fetch offsets for partition streams-plaintext-input-0 failed due to: Topic deletion is disabled., retrying.
2026-07-31 07:30:25,378 WARN  OffsetsForLeaderEpochUtils - Attempt to fetch offsets for partition streams-plaintext-input-0 failed due to: Topic deletion is disabled., retrying.
2026-07-31 07:30:25,478 WARN  OffsetsForLeaderEpochUtils - Attempt to fetch offsets for partition streams-plaintext-input-0 failed due to: Topic deletion is disabled., retrying.
2026-07-31 07:30:25,578 WARN  OffsetsForLeaderEpochUtils - Attempt to fetch offsets for partition streams-plaintext-input-0 failed due to: Topic deletion is disabled., retrying.
2026-07-31 07:30:25,678 WARN  OffsetsForLeaderEpochUtils - Attempt to fetch offsets for partition streams-plaintext-input-0 failed due to: Topic deletion is disabled., retrying.
2026-07-31 07:30:25,778 WARN  OffsetsForLeaderEpochUtils - Attempt to fetch offsets for partition streams-plaintext-input-0 failed due to: Topic deletion is disabled., retrying.
2026-07-31 07:30:25,878 WARN  OffsetsForLeaderEpochUtils - Attempt to fetch offsets for partition streams-plaintext-input-0 failed due to: Topic deletion is disabled., retrying.
2026-07-31 07:30:25,978 WARN  OffsetsForLeaderEpochUtils - Attempt to fetch offsets for partition streams-plaintext-input-0 failed due to: Topic deletion is disabled., retrying.
2026-07-31 07:30:26,078 WARN  OffsetsForLeaderEpochUtils - Attempt to fetch offsets for partition streams-plaintext-input-0 failed due to: Topic deletion is disabled., retrying.
2026-07-31 07:30:26,178 WARN  OffsetsForLeaderEpochUtils - Attempt to fetch offsets for partition streams-plaintext-input-0 failed due to: Topic deletion is disabled., retrying.
2026-07-31 07:30:26,278 WARN  OffsetsForLeaderEpochUtils - Attempt to fetch offsets for partition streams-plaintext-input-0 failed due to: Topic deletion is disabled., retrying.
2026-07-31 07:30:26,378 WARN  OffsetsForLeaderEpochUtils - Attempt to fetch offsets for partition streams-plaintext-input-0 failed due to: Topic deletion is disabled., retrying.
2026-07-31 07:30:26,478 WARN  OffsetsForLeaderEpochUtils - Attempt to fetch offsets for partition streams-plaintext-input-0 failed due to: Topic deletion is disabled., retrying.
2026-07-31 07:30:26,578 WARN  OffsetsForLeaderEpochUtils - Attempt to fetch offsets for partition streams-plaintext-input-0 failed due to: Topic deletion is disabled., retrying.
2026-07-31 07:30:26,678 WARN  OffsetsForLeaderEpochUtils - Attempt to fetch offsets for partition streams-plaintext-input-0 failed due to: Topic deletion is disabled., retrying.
2026-07-31 07:30:26,778 WARN  OffsetsForLeaderEpochUtils - Attempt to fetch offsets for partition streams-plaintext-input-0 failed due to: Topic deletion is disabled., retrying.
2026-07-31 07:30:26,878 WARN  OffsetsForLeaderEpochUtils - Attempt to fetch offsets for partition streams-plaintext-input-0 failed due to: Topic deletion is disabled., retrying.
2026-07-31 07:30:26,978 WARN  OffsetsForLeaderEpochUtils - Attempt to fetch offsets for partition streams-plaintext-input-0 failed due to: Topic deletion is disabled., retrying.
2026-07-31 07:30:27,078 WARN  OffsetsForLeaderEpochUtils - Attempt to fetch offsets for partition streams-plaintext-input-0 failed due to: Topic deletion is disabled., retrying.
2026-07-31 07:30:27,178 WARN  OffsetsForLeaderEpochUtils - Attempt to fetch offsets for partition streams-plaintext-input-0 failed due to: Topic deletion is disabled., retrying.
2026-07-31 07:30:27,278 WARN  OffsetsForLeaderEpochUtils - Attempt to fetch offsets for partition streams-plaintext-input-0 failed due to: Topic deletion is disabled., retrying.
2026-07-31 07:30:27,378 WARN  OffsetsForLeaderEpochUtils - Attempt to fetch offsets for partition streams-plaintext-input-0 failed due to: Topic deletion is disabled., retrying.
2026-07-31 07:30:27,478 WARN  OffsetsForLeaderEpochUtils - Attempt to fetch offsets for partition streams-plaintext-input-0 failed due to: Topic deletion is disabled., retrying.
2026-07-31 07:30:27,578 WARN  OffsetsForLeaderEpochUtils - Attempt to fetch offsets for partition streams-plaintext-input-0 failed due to: Topic deletion is disabled., retrying.
2026-07-31 07:30:27,678 WARN  OffsetsForLeaderEpochUtils - Attempt to fetch offsets for partition streams-plaintext-input-0 failed due to: Topic deletion is disabled., retrying.
2026-07-31 07:30:27,778 WARN  OffsetsForLeaderEpochUtils - Attempt to fetch offsets for partition streams-plaintext-input-0 failed due to: Topic deletion is disabled., retrying.
2026-07-31 07:30:27,878 WARN  OffsetsForLeaderEpochUtils - Attempt to fetch offsets for partition streams-plaintext-input-0 failed due to: Topic deletion is disabled., retrying.
2026-07-31 07:30:27,978 WARN  OffsetsForLeaderEpochUtils - Attempt to fetch offsets for partition streams-plaintext-input-0 failed due to: Topic deletion is disabled., retrying.
2026-07-31 07:30:28,078 WARN  OffsetsForLeaderEpochUtils - Attempt to fetch offsets for partition streams-plaintext-input-0 failed due to: Topic deletion is disabled., retrying.
2026-07-31 07:30:28,178 WARN  OffsetsForLeaderEpochUtils - Attempt to fetch offsets for partition streams-plaintext-input-0 failed due to: Topic deletion is disabled., retrying.
2026-07-31 07:30:28,278 WARN  OffsetsForLeaderEpochUtils - Attempt to fetch offsets for partition streams-plaintext-input-0 failed due to: Topic deletion is disabled., retrying.
2026-07-31 07:30:28,378 WARN  OffsetsForLeaderEpochUtils - Attempt to fetch offsets for partition streams-plaintext-input-0 failed due to: Topic deletion is disabled., retrying.
2026-07-31 07:30:28,478 WARN  OffsetsForLeaderEpochUtils - Attempt to fetch offsets for partition streams-plaintext-input-0 failed due to: Topic deletion is disabled., retrying.
2026-07-31 07:30:28,578 WARN  OffsetsForLeaderEpochUtils - Attempt to fetch offsets for partition streams-plaintext-input-0 failed due to: Topic deletion is disabled., retrying.
2026-07-31 07:30:28,678 WARN  OffsetsForLeaderEpochUtils - Attempt to fetch offsets for partition streams-plaintext-input-0 failed due to: Topic deletion is disabled., retrying.
2026-07-31 07:30:28,778 WARN  OffsetsForLeaderEpochUtils - Attempt to fetch offsets for partition streams-plaintext-input-0 failed due to: Topic deletion is disabled., retrying.
2026-07-31 07:30:28,878 WARN  OffsetsForLeaderEpochUtils - Attempt to fetch offsets for partition streams-plaintext-input-0 failed due to: Topic deletion is disabled., retrying.
2026-07-31 07:30:28,978 WARN  OffsetsForLeaderEpochUtils - Attempt to fetch offsets for partition streams-plaintext-input-0 failed due to: Topic deletion is disabled., retrying.
2026-07-31 07:30:29,078 WARN  OffsetsForLeaderEpochUtils - Attempt to fetch offsets for partition streams-plaintext-input-0 failed due to: Topic deletion is disabled., retrying.
2026-07-31 07:30:29,178 WARN  OffsetsForLeaderEpochUtils - Attempt to fetch offsets for partition streams-plaintext-input-0 failed due to: Topic deletion is disabled., retrying.
2026-07-31 07:30:29,278 WARN  OffsetsForLeaderEpochUtils - Attempt to fetch offsets for partition streams-plaintext-input-0 failed due to: Topic deletion is disabled., retrying.
2026-07-31 07:30:29,378 WARN  OffsetsForLeaderEpochUtils - Attempt to fetch offsets for partition streams-plaintext-input-0 failed due to: Topic deletion is disabled., retrying.
2026-07-31 07:30:29,478 WARN  OffsetsForLeaderEpochUtils - Attempt to fetch offsets for partition streams-plaintext-input-0 failed due to: Topic deletion is disabled., retrying.
2026-07-31 07:30:29,578 WARN  OffsetsForLeaderEpochUtils - Attempt to fetch offsets for partition streams-plaintext-input-0 failed due to: Topic deletion is disabled., retrying.
2026-07-31 07:30:29,678 WARN  OffsetsForLeaderEpochUtils - Attempt to fetch offsets for partition streams-plaintext-input-0 failed due to: Topic deletion is disabled., retrying.
2026-07-31 07:30:29,778 WARN  OffsetsForLeaderEpochUtils - Attempt to fetch offsets for partition streams-plaintext-input-0 failed due to: Topic deletion is disabled., retrying.
2026-07-31 07:30:29,878 WARN  OffsetsForLeaderEpochUtils - Attempt to fetch offsets for partition streams-plaintext-input-0 failed due to: Topic deletion is disabled., retrying.
2026-07-31 07:30:29,978 WARN  OffsetsForLeaderEpochUtils - Attempt to fetch offsets for partition streams-plaintext-input-0 failed due to: Topic deletion is disabled., retrying.
2026-07-31 07:30:30,078 WARN  OffsetsForLeaderEpochUtils - Attempt to fetch offsets for partition streams-plaintext-input-0 failed due to: Topic deletion is disabled., retrying.
2026-07-31 07:30:30,178 WARN  OffsetsForLeaderEpochUtils - Attempt to fetch offsets for partition streams-plaintext-input-0 failed due to: Topic deletion is disabled., retrying.
2026-07-31 07:30:30,278 WARN  OffsetsForLeaderEpochUtils - Attempt to fetch offsets for partition streams-plaintext-input-0 failed due to: Topic deletion is disabled., retrying.
2026-07-31 07:30:30,378 WARN  OffsetsForLeaderEpochUtils - Attempt to fetch offsets for partition streams-plaintext-input-0 failed due to: Topic deletion is disabled., retrying.
2026-07-31 07:30:30,478 WARN  OffsetsForLeaderEpochUtils - Attempt to fetch offsets for partition streams-plaintext-input-0 failed due to: Topic deletion is disabled., retrying.
2026-07-31 07:30:30,578 WARN  OffsetsForLeaderEpochUtils - Attempt to fetch offsets for partition streams-plaintext-input-0 failed due to: Topic deletion is disabled., retrying.
2026-07-31 07:30:30,678 WARN  OffsetsForLeaderEpochUtils - Attempt to fetch offsets for partition streams-plaintext-input-0 failed due to: Topic deletion is disabled., retrying.
2026-07-31 07:30:30,779 WARN  OffsetsForLeaderEpochUtils - Attempt to fetch offsets for partition streams-plaintext-input-0 failed due to: Topic deletion is disabled., retrying.
2026-07-31 07:30:30,879 WARN  OffsetsForLeaderEpochUtils - Attempt to fetch offsets for partition streams-plaintext-input-0 failed due to: Topic deletion is disabled., retrying.
2026-07-31 07:30:30,979 WARN  OffsetsForLeaderEpochUtils - Attempt to fetch offsets for partition streams-plaintext-input-0 failed due to: Topic deletion is disabled., retrying.
2026-07-31 07:30:31,079 WARN  OffsetsForLeaderEpochUtils - Attempt to fetch offsets for partition streams-plaintext-input-0 failed due to: Topic deletion is disabled., retrying.
2026-07-31 07:30:31,179 WARN  OffsetsForLeaderEpochUtils - Attempt to fetch offsets for partition streams-plaintext-input-0 failed due to: Topic deletion is disabled., retrying.
2026-07-31 07:30:31,279 WARN  OffsetsForLeaderEpochUtils - Attempt to fetch offsets for partition streams-plaintext-input-0 failed due to: Topic deletion is disabled., retrying.
2026-07-31 07:30:31,379 WARN  OffsetsForLeaderEpochUtils - Attempt to fetch offsets for partition streams-plaintext-input-0 failed due to: Topic deletion is disabled., retrying.
2026-07-31 07:30:31,479 WARN  OffsetsForLeaderEpochUtils - Attempt to fetch offsets for partition streams-plaintext-input-0 failed due to: Topic deletion is disabled., retrying.
2026-07-31 07:30:31,579 WARN  OffsetsForLeaderEpochUtils - Attempt to fetch offsets for partition streams-plaintext-input-0 failed due to: Topic deletion is disabled., retrying.
2026-07-31 07:30:31,679 WARN  OffsetsForLeaderEpochUtils - Attempt to fetch offsets for partition streams-plaintext-input-0 failed due to: Topic deletion is disabled., retrying.
2026-07-31 07:30:31,779 WARN  OffsetsForLeaderEpochUtils - Attempt to fetch offsets for partition streams-plaintext-input-0 failed due to: Topic deletion is disabled., retrying.
2026-07-31 07:30:31,879 WARN  OffsetsForLeaderEpochUtils - Attempt to fetch offsets for partition streams-plaintext-input-0 failed due to: Topic deletion is disabled., retrying.
2026-07-31 07:30:31,979 WARN  OffsetsForLeaderEpochUtils - Attempt to fetch offsets for partition streams-plaintext-input-0 failed due to: Topic deletion is disabled., retrying.
2026-07-31 07:30:32,079 WARN  OffsetsForLeaderEpochUtils - Attempt to fetch offsets for partition streams-plaintext-input-0 failed due to: Topic deletion is disabled., retrying.
2026-07-31 07:30:32,179 WARN  OffsetsForLeaderEpochUtils - Attempt to fetch offsets for partition streams-plaintext-input-0 failed due to: Topic deletion is disabled., retrying.
2026-07-31 07:30:32,279 WARN  OffsetsForLeaderEpochUtils - Attempt to fetch offsets for partition streams-plaintext-input-0 failed due to: Topic deletion is disabled., retrying.
2026-07-31 07:30:32,379 WARN  OffsetsForLeaderEpochUtils - Attempt to fetch offsets for partition streams-plaintext-input-0 failed due to: Topic deletion is disabled., retrying.
2026-07-31 07:30:32,479 WARN  OffsetsForLeaderEpochUtils - Attempt to fetch offsets for partition streams-plaintext-input-0 failed due to: Topic deletion is disabled., retrying.
2026-07-31 07:30:32,579 WARN  OffsetsForLeaderEpochUtils - Attempt to fetch offsets for partition streams-plaintext-input-0 failed due to: Topic deletion is disabled., retrying.
2026-07-31 07:30:32,679 WARN  OffsetsForLeaderEpochUtils - Attempt to fetch offsets for partition streams-plaintext-input-0 failed due to: Topic deletion is disabled., retrying.
2026-07-31 07:30:32,779 WARN  OffsetsForLeaderEpochUtils - Attempt to fetch offsets for partition streams-plaintext-input-0 failed due to: Topic deletion is disabled., retrying.
2026-07-31 07:30:32,879 WARN  OffsetsForLeaderEpochUtils - Attempt to fetch offsets for partition streams-plaintext-input-0 failed due to: Topic deletion is disabled., retrying.
2026-07-31 07:30:32,979 WARN  OffsetsForLeaderEpochUtils - Attempt to fetch offsets for partition streams-plaintext-input-0 failed due to: Topic deletion is disabled., retrying.
2026-07-31 07:30:33,079 WARN  OffsetsForLeaderEpochUtils - Attempt to fetch offsets for partition streams-plaintext-input-0 failed due to: Topic deletion is disabled., retrying.
2026-07-31 07:30:33,179 WARN  OffsetsForLeaderEpochUtils - Attempt to fetch offsets for partition streams-plaintext-input-0 failed due to: Topic deletion is disabled., retrying.
2026-07-31 07:30:33,279 WARN  OffsetsForLeaderEpochUtils - Attempt to fetch offsets for partition streams-plaintext-input-0 failed due to: Topic deletion is disabled., retrying.
2026-07-31 07:30:33,379 WARN  OffsetsForLeaderEpochUtils - Attempt to fetch offsets for partition streams-plaintext-input-0 failed due to: Topic deletion is disabled., retrying.
2026-07-31 07:30:33,479 WARN  OffsetsForLeaderEpochUtils - Attempt to fetch offsets for partition streams-plaintext-input-0 failed due to: Topic deletion is disabled., retrying.
2026-07-31 07:30:33,579 WARN  OffsetsForLeaderEpochUtils - Attempt to fetch offsets for partition streams-plaintext-input-0 failed due to: Topic deletion is disabled., retrying.
2026-07-31 07:30:33,679 WARN  OffsetsForLeaderEpochUtils - Attempt to fetch offsets for partition streams-plaintext-input-0 failed due to: Topic deletion is disabled., retrying.
2026-07-31 07:30:33,779 WARN  OffsetsForLeaderEpochUtils - Attempt to fetch offsets for partition streams-plaintext-input-0 failed due to: Topic deletion is disabled., retrying.
2026-07-31 07:30:33,879 WARN  OffsetsForLeaderEpochUtils - Attempt to fetch offsets for partition streams-plaintext-input-0 failed due to: Topic deletion is disabled., retrying.
2026-07-31 07:30:33,979 WARN  OffsetsForLeaderEpochUtils - Attempt to fetch offsets for partition streams-plaintext-input-0 failed due to: Topic deletion is disabled., retrying.
2026-07-31 07:30:34,079 WARN  OffsetsForLeaderEpochUtils - Attempt to fetch offsets for partition streams-plaintext-input-0 failed due to: Topic deletion is disabled., retrying.
2026-07-31 07:30:34,179 WARN  OffsetsForLeaderEpochUtils - Attempt to fetch offsets for partition streams-plaintext-input-0 failed due to: Topic deletion is disabled., retrying.
2026-07-31 07:30:34,279 WARN  OffsetsForLeaderEpochUtils - Attempt to fetch offsets for partition streams-plaintext-input-0 failed due to: Topic deletion is disabled., retrying.
2026-07-31 07:30:34,379 WARN  OffsetsForLeaderEpochUtils - Attempt to fetch offsets for partition streams-plaintext-input-0 failed due to: Topic deletion is disabled., retrying.
2026-07-31 07:30:34,479 WARN  OffsetsForLeaderEpochUtils - Attempt to fetch offsets for partition streams-plaintext-input-0 failed due to: Topic deletion is disabled., retrying.
2026-07-31 07:30:34,579 WARN  OffsetsForLeaderEpochUtils - Attempt to fetch offsets for partition streams-plaintext-input-0 failed due to: Topic deletion is disabled., retrying.
2026-07-31 07:30:34,679 WARN  OffsetsForLeaderEpochUtils - Attempt to fetch offsets for partition streams-plaintext-input-0 failed due to: Topic deletion is disabled., retrying.
2026-07-31 07:30:34,779 WARN  OffsetsForLeaderEpochUtils - Attempt to fetch offsets for partition streams-plaintext-input-0 failed due to: Topic deletion is disabled., retrying.
2026-07-31 07:30:34,879 WARN  OffsetsForLeaderEpochUtils - Attempt to fetch offsets for partition streams-plaintext-input-0 failed due to: Topic deletion is disabled., retrying.
2026-07-31 07:30:34,979 WARN  OffsetsForLeaderEpochUtils - Attempt to fetch offsets for partition streams-plaintext-input-0 failed due to: Topic deletion is disabled., retrying.
2026-07-31 07:30:35,079 WARN  OffsetsForLeaderEpochUtils - Attempt to fetch offsets for partition streams-plaintext-input-0 failed due to: Topic deletion is disabled., retrying.
2026-07-31 07:30:35,179 WARN  OffsetsForLeaderEpochUtils - Attempt to fetch offsets for partition streams-plaintext-input-0 failed due to: Topic deletion is disabled., retrying.
2026-07-31 07:30:35,279 WARN  OffsetsForLeaderEpochUtils - Attempt to fetch offsets for partition streams-plaintext-input-0 failed due to: Topic deletion is disabled., retrying.
2026-07-31 07:30:35,379 WARN  OffsetsForLeaderEpochUtils - Attempt to fetch offsets for partition streams-plaintext-input-0 failed due to: Topic deletion is disabled., retrying.
2026-07-31 07:30:35,479 WARN  OffsetsForLeaderEpochUtils - Attempt to fetch offsets for partition streams-plaintext-input-0 failed due to: Topic deletion is disabled., retrying.
2026-07-31 07:30:35,579 WARN  OffsetsForLeaderEpochUtils - Attempt to fetch offsets for partition streams-plaintext-input-0 failed due to: Topic deletion is disabled., retrying.
2026-07-31 07:30:35,679 WARN  OffsetsForLeaderEpochUtils - Attempt to fetch offsets for partition streams-plaintext-input-0 failed due to: Topic deletion is disabled., retrying.
2026-07-31 07:30:35,779 WARN  OffsetsForLeaderEpochUtils - Attempt to fetch offsets for partition streams-plaintext-input-0 failed due to: Topic deletion is disabled., retrying.
2026-07-31 07:30:35,879 WARN  OffsetsForLeaderEpochUtils - Attempt to fetch offsets for partition streams-plaintext-input-0 failed due to: Topic deletion is disabled., retrying.
2026-07-31 07:30:35,979 WARN  OffsetsForLeaderEpochUtils - Attempt to fetch offsets for partition streams-plaintext-input-0 failed due to: Topic deletion is disabled., retrying.
2026-07-31 07:30:36,079 WARN  OffsetsForLeaderEpochUtils - Attempt to fetch offsets for partition streams-plaintext-input-0 failed due to: Topic deletion is disabled., retrying.
2026-07-31 07:30:36,179 WARN  OffsetsForLeaderEpochUtils - Attempt to fetch offsets for partition streams-plaintext-input-0 failed due to: Topic deletion is disabled., retrying.
2026-07-31 07:30:36,279 WARN  OffsetsForLeaderEpochUtils - Attempt to fetch offsets for partition streams-plaintext-input-0 failed due to: Topic deletion is disabled., retrying.
2026-07-31 07:30:36,379 WARN  OffsetsForLeaderEpochUtils - Attempt to fetch offsets for partition streams-plaintext-input-0 failed due to: Topic deletion is disabled., retrying.
2026-07-31 07:30:36,479 WARN  OffsetsForLeaderEpochUtils - Attempt to fetch offsets for partition streams-plaintext-input-0 failed due to: Topic deletion is disabled., retrying.
2026-07-31 07:30:36,579 WARN  OffsetsForLeaderEpochUtils - Attempt to fetch offsets for partition streams-plaintext-input-0 failed due to: Topic deletion is disabled., retrying.
2026-07-31 07:30:36,679 WARN  OffsetsForLeaderEpochUtils - Attempt to fetch offsets for partition streams-plaintext-input-0 failed due to: Topic deletion is disabled., retrying.
2026-07-31 07:30:36,779 WARN  OffsetsForLeaderEpochUtils - Attempt to fetch offsets for partition streams-plaintext-input-0 failed due to: Topic deletion is disabled., retrying.
2026-07-31 07:30:36,879 WARN  OffsetsForLeaderEpochUtils - Attempt to fetch offsets for partition streams-plaintext-input-0 failed due to: Topic deletion is disabled., retrying.
2026-07-31 07:30:36,979 WARN  OffsetsForLeaderEpochUtils - Attempt to fetch offsets for partition streams-plaintext-input-0 failed due to: Topic deletion is disabled., retrying.
2026-07-31 07:30:37,079 WARN  OffsetsForLeaderEpochUtils - Attempt to fetch offsets for partition streams-plaintext-input-0 failed due to: Topic deletion is disabled., retrying.
2026-07-31 07:30:37,179 WARN  OffsetsForLeaderEpochUtils - Attempt to fetch offsets for partition streams-plaintext-input-0 failed due to: Topic deletion is disabled., retrying.
2026-07-31 07:30:37,279 WARN  OffsetsForLeaderEpochUtils - Attempt to fetch offsets for partition streams-plaintext-input-0 failed due to: Topic deletion is disabled., retrying.
2026-07-31 07:30:37,379 WARN  OffsetsForLeaderEpochUtils - Attempt to fetch offsets for partition streams-plaintext-input-0 failed due to: Topic deletion is disabled., retrying.
2026-07-31 07:30:37,479 WARN  OffsetsForLeaderEpochUtils - Attempt to fetch offsets for partition streams-plaintext-input-0 failed due to: Topic deletion is disabled., retrying.
2026-07-31 07:30:37,579 WARN  OffsetsForLeaderEpochUtils - Attempt to fetch offsets for partition streams-plaintext-input-0 failed due to: Topic deletion is disabled., retrying.
2026-07-31 07:30:37,679 WARN  OffsetsForLeaderEpochUtils - Attempt to fetch offsets for partition streams-plaintext-input-0 failed due to: Topic deletion is disabled., retrying.
2026-07-31 07:30:37,779 WARN  OffsetsForLeaderEpochUtils - Attempt to fetch offsets for partition streams-plaintext-input-0 failed due to: Topic deletion is disabled., retrying.
2026-07-31 07:30:37,879 WARN  OffsetsForLeaderEpochUtils - Attempt to fetch offsets for partition streams-plaintext-input-0 failed due to: Topic deletion is disabled., retrying.
2026-07-31 07:30:37,979 WARN  OffsetsForLeaderEpochUtils - Attempt to fetch offsets for partition streams-plaintext-input-0 failed due to: Topic deletion is disabled., retrying.
2026-07-31 07:30:38,079 WARN  OffsetsForLeaderEpochUtils - Attempt to fetch offsets for partition streams-plaintext-input-0 failed due to: Topic deletion is disabled., retrying.
2026-07-31 07:30:38,179 WARN  OffsetsForLeaderEpochUtils - Attempt to fetch offsets for partition streams-plaintext-input-0 failed due to: Topic deletion is disabled., retrying.
2026-07-31 07:30:38,279 WARN  OffsetsForLeaderEpochUtils - Attempt to fetch offsets for partition streams-plaintext-input-0 failed due to: Topic deletion is disabled., retrying.
2026-07-31 07:30:38,379 WARN  OffsetsForLeaderEpochUtils - Attempt to fetch offsets for partition streams-plaintext-input-0 failed due to: Topic deletion is disabled., retrying.
2026-07-31 07:30:38,479 WARN  OffsetsForLeaderEpochUtils - Attempt to fetch offsets for partition streams-plaintext-input-0 failed due to: Topic deletion is disabled., retrying.
2026-07-31 07:30:38,579 WARN  OffsetsForLeaderEpochUtils - Attempt to fetch offsets for partition streams-plaintext-input-0 failed due to: Topic deletion is disabled., retrying.
2026-07-31 07:30:38,679 WARN  OffsetsForLeaderEpochUtils - Attempt to fetch offsets for partition streams-plaintext-input-0 failed due to: Topic deletion is disabled., retrying.
2026-07-31 07:30:38,779 WARN  OffsetsForLeaderEpochUtils - Attempt to fetch offsets for partition streams-plaintext-input-0 failed due to: Topic deletion is disabled., retrying.
2026-07-31 07:30:38,879 WARN  OffsetsForLeaderEpochUtils - Attempt to fetch offsets for partition streams-plaintext-input-0 failed due to: Topic deletion is disabled., retrying.
2026-07-31 07:30:38,979 WARN  OffsetsForLeaderEpochUtils - Attempt to fetch offsets for partition streams-plaintext-input-0 failed due to: Topic deletion is disabled., retrying.
2026-07-31 07:30:39,079 WARN  OffsetsForLeaderEpochUtils - Attempt to fetch offsets for partition streams-plaintext-input-0 failed due to: Topic deletion is disabled., retrying.
2026-07-31 07:30:39,179 WARN  OffsetsForLeaderEpochUtils - Attempt to fetch offsets for partition streams-plaintext-input-0 failed due to: Topic deletion is disabled., retrying.
2026-07-31 07:30:39,279 WARN  OffsetsForLeaderEpochUtils - Attempt to fetch offsets for partition streams-plaintext-input-0 failed due to: Topic deletion is disabled., retrying.
2026-07-31 07:30:39,379 WARN  OffsetsForLeaderEpochUtils - Attempt to fetch offsets for partition streams-plaintext-input-0 failed due to: Topic deletion is disabled., retrying.
2026-07-31 07:30:39,479 WARN  OffsetsForLeaderEpochUtils - Attempt to fetch offsets for partition streams-plaintext-input-0 failed due to: Topic deletion is disabled., retrying.
2026-07-31 07:30:39,579 WARN  OffsetsForLeaderEpochUtils - Attempt to fetch offsets for partition streams-plaintext-input-0 failed due to: Topic deletion is disabled., retrying.
2026-07-31 07:30:39,679 WARN  OffsetsForLeaderEpochUtils - Attempt to fetch offsets for partition streams-plaintext-input-0 failed due to: Topic deletion is disabled., retrying.
2026-07-31 07:30:39,779 WARN  OffsetsForLeaderEpochUtils - Attempt to fetch offsets for partition streams-plaintext-input-0 failed due to: Topic deletion is disabled., retrying.
2026-07-31 07:30:39,879 WARN  OffsetsForLeaderEpochUtils - Attempt to fetch offsets for partition streams-plaintext-input-0 failed due to: Topic deletion is disabled., retrying.
2026-07-31 07:30:39,979 WARN  OffsetsForLeaderEpochUtils - Attempt to fetch offsets for partition streams-plaintext-input-0 failed due to: Topic deletion is disabled., retrying.
2026-07-31 07:30:40,079 WARN  OffsetsForLeaderEpochUtils - Attempt to fetch offsets for partition streams-plaintext-input-0 failed due to: Topic deletion is disabled., retrying.
2026-07-31 07:30:40,179 WARN  OffsetsForLeaderEpochUtils - Attempt to fetch offsets for partition streams-plaintext-input-0 failed due to: Topic deletion is disabled., retrying.
2026-07-31 07:30:40,279 WARN  OffsetsForLeaderEpochUtils - Attempt to fetch offsets for partition streams-plaintext-input-0 failed due to: Topic deletion is disabled., retrying.
2026-07-31 07:30:40,379 WARN  OffsetsForLeaderEpochUtils - Attempt to fetch offsets for partition streams-plaintext-input-0 failed due to: Topic deletion is disabled., retrying.
2026-07-31 07:30:40,479 WARN  OffsetsForLeaderEpochUtils - Attempt to fetch offsets for partition streams-plaintext-input-0 failed due to: Topic deletion is disabled., retrying.
2026-07-31 07:30:40,579 WARN  OffsetsForLeaderEpochUtils - Attempt to fetch offsets for partition streams-plaintext-input-0 failed due to: Topic deletion is disabled., retrying.
2026-07-31 07:30:40,679 WARN  OffsetsForLeaderEpochUtils - Attempt to fetch offsets for partition streams-plaintext-input-0 failed due to: Topic deletion is disabled., retrying.
2026-07-31 07:30:40,779 WARN  OffsetsForLeaderEpochUtils - Attempt to fetch offsets for partition streams-plaintext-input-0 failed due to: Topic deletion is disabled., retrying.
2026-07-31 07:30:40,879 WARN  OffsetsForLeaderEpochUtils - Attempt to fetch offsets for partition streams-plaintext-input-0 failed due to: Topic deletion is disabled., retrying.
2026-07-31 07:30:40,979 WARN  OffsetsForLeaderEpochUtils - Attempt to fetch offsets for partition streams-plaintext-input-0 failed due to: Topic deletion is disabled., retrying.
2026-07-31 07:30:41,079 WARN  OffsetsForLeaderEpochUtils - Attempt to fetch offsets for partition streams-plaintext-input-0 failed due to: Topic deletion is disabled., retrying.
2026-07-31 07:30:41,179 WARN  OffsetsForLeaderEpochUtils - Attempt to fetch offsets for partition streams-plaintext-input-0 failed due to: Topic deletion is disabled., retrying.
2026-07-31 07:30:41,279 WARN  OffsetsForLeaderEpochUtils - Attempt to fetch offsets for partition streams-plaintext-input-0 failed due to: Topic deletion is disabled., retrying.
2026-07-31 07:30:41,379 WARN  OffsetsForLeaderEpochUtils - Attempt to fetch offsets for partition streams-plaintext-input-0 failed due to: Topic deletion is disabled., retrying.
2026-07-31 07:30:41,479 WARN  OffsetsForLeaderEpochUtils - Attempt to fetch offsets for partition streams-plaintext-input-0 failed due to: Topic deletion is disabled., retrying.
2026-07-31 07:30:41,579 WARN  OffsetsForLeaderEpochUtils - Attempt to fetch offsets for partition streams-plaintext-input-0 failed due to: Topic deletion is disabled., retrying.
2026-07-31 07:30:41,679 WARN  OffsetsForLeaderEpochUtils - Attempt to fetch offsets for partition streams-plaintext-input-0 failed due to: Topic deletion is disabled., retrying.
2026-07-31 07:30:41,779 WARN  OffsetsForLeaderEpochUtils - Attempt to fetch offsets for partition streams-plaintext-input-0 failed due to: Topic deletion is disabled., retrying.
2026-07-31 07:30:41,879 WARN  OffsetsForLeaderEpochUtils - Attempt to fetch offsets for partition streams-plaintext-input-0 failed due to: Topic deletion is disabled., retrying.
2026-07-31 07:30:41,979 WARN  OffsetsForLeaderEpochUtils - Attempt to fetch offsets for partition streams-plaintext-input-0 failed due to: Topic deletion is disabled., retrying.
2026-07-31 07:30:42,079 WARN  OffsetsForLeaderEpochUtils - Attempt to fetch offsets for partition streams-plaintext-input-0 failed due to: Topic deletion is disabled., retrying.
2026-07-31 07:30:42,179 WARN  OffsetsForLeaderEpochUtils - Attempt to fetch offsets for partition streams-plaintext-input-0 failed due to: Topic deletion is disabled., retrying.
2026-07-31 07:30:42,279 WARN  OffsetsForLeaderEpochUtils - Attempt to fetch offsets for partition streams-plaintext-input-0 failed due to: Topic deletion is disabled., retrying.
2026-07-31 07:30:42,379 WARN  OffsetsForLeaderEpochUtils - Attempt to fetch offsets for partition streams-plaintext-input-0 failed due to: Topic deletion is disabled., retrying.
2026-07-31 07:30:42,479 WARN  OffsetsForLeaderEpochUtils - Attempt to fetch offsets for partition streams-plaintext-input-0 failed due to: Topic deletion is disabled., retrying.
2026-07-31 07:30:42,579 WARN  OffsetsForLeaderEpochUtils - Attempt to fetch offsets for partition streams-plaintext-input-0 failed due to: Topic deletion is disabled., retrying.
2026-07-31 07:30:42,679 WARN  OffsetsForLeaderEpochUtils - Attempt to fetch offsets for partition streams-plaintext-input-0 failed due to: Topic deletion is disabled., retrying.
2026-07-31 07:30:42,779 WARN  OffsetsForLeaderEpochUtils - Attempt to fetch offsets for partition streams-plaintext-input-0 failed due to: Topic deletion is disabled., retrying.
2026-07-31 07:30:42,879 WARN  OffsetsForLeaderEpochUtils - Attempt to fetch offsets for partition streams-plaintext-input-0 failed due to: Topic deletion is disabled., retrying.
2026-07-31 07:30:42,979 WARN  OffsetsForLeaderEpochUtils - Attempt to fetch offsets for partition streams-plaintext-input-0 failed due to: Topic deletion is disabled., retrying.
2026-07-31 07:30:43,079 WARN  OffsetsForLeaderEpochUtils - Attempt to fetch offsets for partition streams-plaintext-input-0 failed due to: Topic deletion is disabled., retrying.
2026-07-31 07:30:43,179 WARN  OffsetsForLeaderEpochUtils - Attempt to fetch offsets for partition streams-plaintext-input-0 failed due to: Topic deletion is disabled., retrying.
2026-07-31 07:30:43,279 WARN  OffsetsForLeaderEpochUtils - Attempt to fetch offsets for partition streams-plaintext-input-0 failed due to: Topic deletion is disabled., retrying.
2026-07-31 07:30:43,379 WARN  OffsetsForLeaderEpochUtils - Attempt to fetch offsets for partition streams-plaintext-input-0 failed due to: Topic deletion is disabled., retrying.
2026-07-31 07:30:43,479 WARN  OffsetsForLeaderEpochUtils - Attempt to fetch offsets for partition streams-plaintext-input-0 failed due to: Topic deletion is disabled., retrying.
2026-07-31 07:30:43,579 WARN  OffsetsForLeaderEpochUtils - Attempt to fetch offsets for partition streams-plaintext-input-0 failed due to: Topic deletion is disabled., retrying.
2026-07-31 07:30:43,679 WARN  OffsetsForLeaderEpochUtils - Attempt to fetch offsets for partition streams-plaintext-input-0 failed due to: Topic deletion is disabled., retrying.
2026-07-31 07:30:43,779 WARN  OffsetsForLeaderEpochUtils - Attempt to fetch offsets for partition streams-plaintext-input-0 failed due to: Topic deletion is disabled., retrying.
2026-07-31 07:30:43,879 WARN  OffsetsForLeaderEpochUtils - Attempt to fetch offsets for partition streams-plaintext-input-0 failed due to: Topic deletion is disabled., retrying.
2026-07-31 07:30:43,979 WARN  OffsetsForLeaderEpochUtils - Attempt to fetch offsets for partition streams-plaintext-input-0 failed due to: Topic deletion is disabled., retrying.
2026-07-31 07:30:44,079 WARN  OffsetsForLeaderEpochUtils - Attempt to fetch offsets for partition streams-plaintext-input-0 failed due to: Topic deletion is disabled., retrying.
2026-07-31 07:30:44,179 WARN  OffsetsForLeaderEpochUtils - Attempt to fetch offsets for partition streams-plaintext-input-0 failed due to: Topic deletion is disabled., retrying.
2026-07-31 07:30:44,279 WARN  OffsetsForLeaderEpochUtils - Attempt to fetch offsets for partition streams-plaintext-input-0 failed due to: Topic deletion is disabled., retrying.
2026-07-31 07:30:44,379 WARN  OffsetsForLeaderEpochUtils - Attempt to fetch offsets for partition streams-plaintext-input-0 failed due to: Topic deletion is disabled., retrying.
2026-07-31 07:30:44,479 WARN  OffsetsForLeaderEpochUtils - Attempt to fetch offsets for partition streams-plaintext-input-0 failed due to: Topic deletion is disabled., retrying.
2026-07-31 07:30:44,579 WARN  OffsetsForLeaderEpochUtils - Attempt to fetch offsets for partition streams-plaintext-input-0 failed due to: Topic deletion is disabled., retrying.
2026-07-31 07:30:44,679 WARN  OffsetsForLeaderEpochUtils - Attempt to fetch offsets for partition streams-plaintext-input-0 failed due to: Topic deletion is disabled., retrying.
2026-07-31 07:30:44,779 WARN  OffsetsForLeaderEpochUtils - Attempt to fetch offsets for partition streams-plaintext-input-0 failed due to: Topic deletion is disabled., retrying.
2026-07-31 07:30:44,879 WARN  OffsetsForLeaderEpochUtils - Attempt to fetch offsets for partition streams-plaintext-input-0 failed due to: Topic deletion is disabled., retrying.
2026-07-31 07:30:44,979 WARN  OffsetsForLeaderEpochUtils - Attempt to fetch offsets for partition streams-plaintext-input-0 failed due to: Topic deletion is disabled., retrying.
2026-07-31 07:30:45,079 WARN  OffsetsForLeaderEpochUtils - Attempt to fetch offsets for partition streams-plaintext-input-0 failed due to: Topic deletion is disabled., retrying.
2026-07-31 07:30:45,179 WARN  OffsetsForLeaderEpochUtils - Attempt to fetch offsets for partition streams-plaintext-input-0 failed due to: Topic deletion is disabled., retrying.
2026-07-31 07:30:45,279 WARN  OffsetsForLeaderEpochUtils - Attempt to fetch offsets for partition streams-plaintext-input-0 failed due to: Topic deletion is disabled., retrying.
2026-07-31 07:30:45,379 WARN  OffsetsForLeaderEpochUtils - Attempt to fetch offsets for partition streams-plaintext-input-0 failed due to: Topic deletion is disabled., retrying.
2026-07-31 07:30:45,479 WARN  OffsetsForLeaderEpochUtils - Attempt to fetch offsets for partition streams-plaintext-input-0 failed due to: Topic deletion is disabled., retrying.
2026-07-31 07:30:45,579 WARN  OffsetsForLeaderEpochUtils - Attempt to fetch offsets for partition streams-plaintext-input-0 failed due to: Topic deletion is disabled., retrying.
2026-07-31 07:30:45,679 WARN  OffsetsForLeaderEpochUtils - Attempt to fetch offsets for partition streams-plaintext-input-0 failed due to: Topic deletion is disabled., retrying.
2026-07-31 07:30:45,779 WARN  OffsetsForLeaderEpochUtils - Attempt to fetch offsets for partition streams-plaintext-input-0 failed due to: Topic deletion is disabled., retrying.
2026-07-31 07:30:45,879 WARN  OffsetsForLeaderEpochUtils - Attempt to fetch offsets for partition streams-plaintext-input-0 failed due to: Topic deletion is disabled., retrying.
2026-07-31 07:30:45,979 WARN  OffsetsForLeaderEpochUtils - Attempt to fetch offsets for partition streams-plaintext-input-0 failed due to: Topic deletion is disabled., retrying.
2026-07-31 07:30:46,079 WARN  OffsetsForLeaderEpochUtils - Attempt to fetch offsets for partition streams-plaintext-input-0 failed due to: Topic deletion is disabled., retrying.
2026-07-31 07:30:46,179 WARN  OffsetsForLeaderEpochUtils - Attempt to fetch offsets for partition streams-plaintext-input-0 failed due to: Topic deletion is disabled., retrying.
2026-07-31 07:30:46,279 WARN  OffsetsForLeaderEpochUtils - Attempt to fetch offsets for partition streams-plaintext-input-0 failed due to: Topic deletion is disabled., retrying.
2026-07-31 07:30:46,379 WARN  OffsetsForLeaderEpochUtils - Attempt to fetch offsets for partition streams-plaintext-input-0 failed due to: Topic deletion is disabled., retrying.
2026-07-31 07:30:46,479 WARN  OffsetsForLeaderEpochUtils - Attempt to fetch offsets for partition streams-plaintext-input-0 failed due to: Topic deletion is disabled., retrying.
2026-07-31 07:30:46,579 WARN  OffsetsForLeaderEpochUtils - Attempt to fetch offsets for partition streams-plaintext-input-0 failed due to: Topic deletion is disabled., retrying.
2026-07-31 07:30:46,679 WARN  OffsetsForLeaderEpochUtils - Attempt to fetch offsets for partition streams-plaintext-input-0 failed due to: Topic deletion is disabled., retrying.
2026-07-31 07:30:46,779 WARN  OffsetsForLeaderEpochUtils - Attempt to fetch offsets for partition streams-plaintext-input-0 failed due to: Topic deletion is disabled., retrying.
2026-07-31 07:30:46,879 WARN  OffsetsForLeaderEpochUtils - Attempt to fetch offsets for partition streams-plaintext-input-0 failed due to: Topic deletion is disabled., retrying.
2026-07-31 07:30:46,979 WARN  OffsetsForLeaderEpochUtils - Attempt to fetch offsets for partition streams-plaintext-input-0 failed due to: Topic deletion is disabled., retrying.
2026-07-31 07:30:47,079 WARN  OffsetsForLeaderEpochUtils - Attempt to fetch offsets for partition streams-plaintext-input-0 failed due to: Topic deletion is disabled., retrying.
2026-07-31 07:30:47,179 WARN  OffsetsForLeaderEpochUtils - Attempt to fetch offsets for partition streams-plaintext-input-0 failed due to: Topic deletion is disabled., retrying.
2026-07-31 07:30:47,279 WARN  OffsetsForLeaderEpochUtils - Attempt to fetch offsets for partition streams-plaintext-input-0 failed due to: Topic deletion is disabled., retrying.
2026-07-31 07:30:47,379 WARN  OffsetsForLeaderEpochUtils - Attempt to fetch offsets for partition streams-plaintext-input-0 failed due to: Topic deletion is disabled., retrying.
2026-07-31 07:30:47,479 WARN  OffsetsForLeaderEpochUtils - Attempt to fetch offsets for partition streams-plaintext-input-0 failed due to: Topic deletion is disabled., retrying.
2026-07-31 07:30:47,579 WARN  OffsetsForLeaderEpochUtils - Attempt to fetch offsets for partition streams-plaintext-input-0 failed due to: Topic deletion is disabled., retrying.
2026-07-31 07:30:47,679 WARN  OffsetsForLeaderEpochUtils - Attempt to fetch offsets for partition streams-plaintext-input-0 failed due to: Topic deletion is disabled., retrying.
2026-07-31 07:30:47,779 WARN  OffsetsForLeaderEpochUtils - Attempt to fetch offsets for partition streams-plaintext-input-0 failed due to: Topic deletion is disabled., retrying.
2026-07-31 07:30:47,879 WARN  OffsetsForLeaderEpochUtils - Attempt to fetch offsets for partition streams-plaintext-input-0 failed due to: Topic deletion is disabled., retrying.
2026-07-31 07:30:47,979 WARN  OffsetsForLeaderEpochUtils - Attempt to fetch offsets for partition streams-plaintext-input-0 failed due to: Topic deletion is disabled., retrying.
2026-07-31 07:30:48,079 WARN  OffsetsForLeaderEpochUtils - Attempt to fetch offsets for partition streams-plaintext-input-0 failed due to: Topic deletion is disabled., retrying.
2026-07-31 07:30:48,179 WARN  OffsetsForLeaderEpochUtils - Attempt to fetch offsets for partition streams-plaintext-input-0 failed due to: Topic deletion is disabled., retrying.
2026-07-31 07:30:48,279 WARN  OffsetsForLeaderEpochUtils - Attempt to fetch offsets for partition streams-plaintext-input-0 failed due to: Topic deletion is disabled., retrying.
2026-07-31 07:30:48,379 WARN  OffsetsForLeaderEpochUtils - Attempt to fetch offsets for partition streams-plaintext-input-0 failed due to: Topic deletion is disabled., retrying.
2026-07-31 07:30:48,479 WARN  OffsetsForLeaderEpochUtils - Attempt to fetch offsets for partition streams-plaintext-input-0 failed due to: Topic deletion is disabled., retrying.
2026-07-31 07:30:48,579 WARN  OffsetsForLeaderEpochUtils - Attempt to fetch offsets for partition streams-plaintext-input-0 failed due to: Topic deletion is disabled., retrying.
2026-07-31 07:30:48,679 WARN  OffsetsForLeaderEpochUtils - Attempt to fetch offsets for partition streams-plaintext-input-0 failed due to: Topic deletion is disabled., retrying.
2026-07-31 07:30:48,779 WARN  OffsetsForLeaderEpochUtils - Attempt to fetch offsets for partition streams-plaintext-input-0 failed due to: Topic deletion is disabled., retrying.
2026-07-31 07:30:48,879 WARN  OffsetsForLeaderEpochUtils - Attempt to fetch offsets for partition streams-plaintext-input-0 failed due to: Topic deletion is disabled., retrying.
2026-07-31 07:30:48,979 WARN  OffsetsForLeaderEpochUtils - Attempt to fetch offsets for partition streams-plaintext-input-0 failed due to: Topic deletion is disabled., retrying.
2026-07-31 07:30:49,079 WARN  OffsetsForLeaderEpochUtils - Attempt to fetch offsets for partition streams-plaintext-input-0 failed due to: Topic deletion is disabled., retrying.
2026-07-31 07:30:49,179 WARN  OffsetsForLeaderEpochUtils - Attempt to fetch offsets for partition streams-plaintext-input-0 failed due to: Topic deletion is disabled., retrying.
2026-07-31 07:30:49,279 WARN  OffsetsForLeaderEpochUtils - Attempt to fetch offsets for partition streams-plaintext-input-0 failed due to: Topic deletion is disabled., retrying.
2026-07-31 07:30:49,379 WARN  OffsetsForLeaderEpochUtils - Attempt to fetch offsets for partition streams-plaintext-input-0 failed due to: Topic deletion is disabled., retrying.
2026-07-31 07:30:49,479 WARN  OffsetsForLeaderEpochUtils - Attempt to fetch offsets for partition streams-plaintext-input-0 failed due to: Topic deletion is disabled., retrying.
2026-07-31 07:30:49,579 WARN  OffsetsForLeaderEpochUtils - Attempt to fetch offsets for partition streams-plaintext-input-0 failed due to: Topic deletion is disabled., retrying.
2026-07-31 07:30:49,679 WARN  OffsetsForLeaderEpochUtils - Attempt to fetch offsets for partition streams-plaintext-input-0 failed due to: Topic deletion is disabled., retrying.
2026-07-31 07:30:49,779 WARN  OffsetsForLeaderEpochUtils - Attempt to fetch offsets for partition streams-plaintext-input-0 failed due to: Topic deletion is disabled., retrying.
2026-07-31 07:30:49,879 WARN  OffsetsForLeaderEpochUtils - Attempt to fetch offsets for partition streams-plaintext-input-0 failed due to: Topic deletion is disabled., retrying.
2026-07-31 07:30:49,979 WARN  OffsetsForLeaderEpochUtils - Attempt to fetch offsets for partition streams-plaintext-input-0 failed due to: Topic deletion is disabled., retrying.
2026-07-31 07:30:50,079 WARN  OffsetsForLeaderEpochUtils - Attempt to fetch offsets for partition streams-plaintext-input-0 failed due to: Topic deletion is disabled., retrying.
2026-07-31 07:30:50,179 WARN  OffsetsForLeaderEpochUtils - Attempt to fetch offsets for partition streams-plaintext-input-0 failed due to: Topic deletion is disabled., retrying.
2026-07-31 07:30:50,279 WARN  OffsetsForLeaderEpochUtils - Attempt to fetch offsets for partition streams-plaintext-input-0 failed due to: Topic deletion is disabled., retrying.
2026-07-31 07:30:50,379 WARN  OffsetsForLeaderEpochUtils - Attempt to fetch offsets for partition streams-plaintext-input-0 failed due to: Topic deletion is disabled., retrying.
2026-07-31 07:30:50,479 WARN  OffsetsForLeaderEpochUtils - Attempt to fetch offsets for partition streams-plaintext-input-0 failed due to: Topic deletion is disabled., retrying.
2026-07-31 07:30:50,579 WARN  OffsetsForLeaderEpochUtils - Attempt to fetch offsets for partition streams-plaintext-input-0 failed due to: Topic deletion is disabled., retrying.
2026-07-31 07:30:50,679 WARN  OffsetsForLeaderEpochUtils - Attempt to fetch offsets for partition streams-plaintext-input-0 failed due to: Topic deletion is disabled., retrying.
2026-07-31 07:30:50,779 WARN  OffsetsForLeaderEpochUtils - Attempt to fetch offsets for partition streams-plaintext-input-0 failed due to: Topic deletion is disabled., retrying.
2026-07-31 07:30:50,879 WARN  OffsetsForLeaderEpochUtils - Attempt to fetch offsets for partition streams-plaintext-input-0 failed due to: Topic deletion is disabled., retrying.
2026-07-31 07:30:50,979 WARN  OffsetsForLeaderEpochUtils - Attempt to fetch offsets for partition streams-plaintext-input-0 failed due to: Topic deletion is disabled., retrying.
2026-07-31 07:30:51,079 WARN  OffsetsForLeaderEpochUtils - Attempt to fetch offsets for partition streams-plaintext-input-0 failed due to: Topic deletion is disabled., retrying.
2026-07-31 07:30:51,179 WARN  OffsetsForLeaderEpochUtils - Attempt to fetch offsets for partition streams-plaintext-input-0 failed due to: Topic deletion is disabled., retrying.
2026-07-31 07:30:51,279 WARN  OffsetsForLeaderEpochUtils - Attempt to fetch offsets for partition streams-plaintext-input-0 failed due to: Topic deletion is disabled., retrying.
2026-07-31 07:30:51,379 WARN  OffsetsForLeaderEpochUtils - Attempt to fetch offsets for partition streams-plaintext-input-0 failed due to: Topic deletion is disabled., retrying.
2026-07-31 07:30:51,479 WARN  OffsetsForLeaderEpochUtils - Attempt to fetch offsets for partition streams-plaintext-input-0 failed due to: Topic deletion is disabled., retrying.
2026-07-31 07:30:51,579 WARN  OffsetsForLeaderEpochUtils - Attempt to fetch offsets for partition streams-plaintext-input-0 failed due to: Topic deletion is disabled., retrying.
2026-07-31 07:30:51,679 WARN  OffsetsForLeaderEpochUtils - Attempt to fetch offsets for partition streams-plaintext-input-0 failed due to: Topic deletion is disabled., retrying.
2026-07-31 07:30:51,779 WARN  OffsetsForLeaderEpochUtils - Attempt to fetch offsets for partition streams-plaintext-input-0 failed due to: Topic deletion is disabled., retrying.
2026-07-31 07:30:51,879 WARN  OffsetsForLeaderEpochUtils - Attempt to fetch offsets for partition streams-plaintext-input-0 failed due to: Topic deletion is disabled., retrying.
2026-07-31 07:30:51,979 WARN  OffsetsForLeaderEpochUtils - Attempt to fetch offsets for partition streams-plaintext-input-0 failed due to: Topic deletion is disabled., retrying.
2026-07-31 07:30:52,079 WARN  OffsetsForLeaderEpochUtils - Attempt to fetch offsets for partition streams-plaintext-input-0 failed due to: Topic deletion is disabled., retrying.
2026-07-31 07:30:52,179 WARN  OffsetsForLeaderEpochUtils - Attempt to fetch offsets for partition streams-plaintext-input-0 failed due to: Topic deletion is disabled., retrying.
2026-07-31 07:30:52,279 WARN  OffsetsForLeaderEpochUtils - Attempt to fetch offsets for partition streams-plaintext-input-0 failed due to: Topic deletion is disabled., retrying.
2026-07-31 07:30:52,379 WARN  OffsetsForLeaderEpochUtils - Attempt to fetch offsets for partition streams-plaintext-input-0 failed due to: Topic deletion is disabled., retrying.
2026-07-31 07:30:52,479 WARN  OffsetsForLeaderEpochUtils - Attempt to fetch offsets for partition streams-plaintext-input-0 failed due to: Topic deletion is disabled., retrying.
2026-07-31 07:30:52,579 WARN  OffsetsForLeaderEpochUtils - Attempt to fetch offsets for partition streams-plaintext-input-0 failed due to: Topic deletion is disabled., retrying.
2026-07-31 07:30:52,679 WARN  OffsetsForLeaderEpochUtils - Attempt to fetch offsets for partition streams-plaintext-input-0 failed due to: Topic deletion is disabled., retrying.
2026-07-31 07:30:52,779 WARN  OffsetsForLeaderEpochUtils - Attempt to fetch offsets for partition streams-plaintext-input-0 failed due to: Topic deletion is disabled., retrying.
2026-07-31 07:30:52,879 WARN  OffsetsForLeaderEpochUtils - Attempt to fetch offsets for partition streams-plaintext-input-0 failed due to: Topic deletion is disabled., retrying.
2026-07-31 07:30:52,979 WARN  OffsetsForLeaderEpochUtils - Attempt to fetch offsets for partition streams-plaintext-input-0 failed due to: Topic deletion is disabled., retrying.
2026-07-31 07:30:53,079 WARN  OffsetsForLeaderEpochUtils - Attempt to fetch offsets for partition streams-plaintext-input-0 failed due to: Topic deletion is disabled., retrying.
2026-07-31 07:30:53,179 WARN  OffsetsForLeaderEpochUtils - Attempt to fetch offsets for partition streams-plaintext-input-0 failed due to: Topic deletion is disabled., retrying.
2026-07-31 07:30:53,279 WARN  OffsetsForLeaderEpochUtils - Attempt to fetch offsets for partition streams-plaintext-input-0 failed due to: Topic deletion is disabled., retrying.
2026-07-31 07:30:53,379 WARN  OffsetsForLeaderEpochUtils - Attempt to fetch offsets for partition streams-plaintext-input-0 failed due to: Topic deletion is disabled., retrying.
2026-07-31 07:30:53,479 WARN  OffsetsForLeaderEpochUtils - Attempt to fetch offsets for partition streams-plaintext-input-0 failed due to: Topic deletion is disabled., retrying.
2026-07-31 07:30:53,579 WARN  OffsetsForLeaderEpochUtils - Attempt to fetch offsets for partition streams-plaintext-input-0 failed due to: Topic deletion is disabled., retrying.
2026-07-31 07:30:53,679 WARN  OffsetsForLeaderEpochUtils - Attempt to fetch offsets for partition streams-plaintext-input-0 failed due to: Topic deletion is disabled., retrying.
2026-07-31 07:30:53,779 WARN  OffsetsForLeaderEpochUtils - Attempt to fetch offsets for partition streams-plaintext-input-0 failed due to: Topic deletion is disabled., retrying.
2026-07-31 07:30:53,879 WARN  OffsetsForLeaderEpochUtils - Attempt to fetch offsets for partition streams-plaintext-input-0 failed due to: Topic deletion is disabled., retrying.
2026-07-31 07:30:53,979 WARN  OffsetsForLeaderEpochUtils - Attempt to fetch offsets for partition streams-plaintext-input-0 failed due to: Topic deletion is disabled., retrying.
2026-07-31 07:30:54,079 WARN  OffsetsForLeaderEpochUtils - Attempt to fetch offsets for partition streams-plaintext-input-0 failed due to: Topic deletion is disabled., retrying.
2026-07-31 07:30:54,179 WARN  OffsetsForLeaderEpochUtils - Attempt to fetch offsets for partition streams-plaintext-input-0 failed due to: Topic deletion is disabled., retrying.
2026-07-31 07:30:54,279 WARN  OffsetsForLeaderEpochUtils - Attempt to fetch offsets for partition streams-plaintext-input-0 failed due to: Topic deletion is disabled., retrying.
2026-07-31 07:30:54,379 WARN  OffsetsForLeaderEpochUtils - Attempt to fetch offsets for partition streams-plaintext-input-0 failed due to: Topic deletion is disabled., retrying.
2026-07-31 07:30:54,479 WARN  OffsetsForLeaderEpochUtils - Attempt to fetch offsets for partition streams-plaintext-input-0 failed due to: Topic deletion is disabled., retrying.
2026-07-31 07:30:54,579 WARN  OffsetsForLeaderEpochUtils - Attempt to fetch offsets for partition streams-plaintext-input-0 failed due to: Topic deletion is disabled., retrying.
2026-07-31 07:30:54,679 WARN  OffsetsForLeaderEpochUtils - Attempt to fetch offsets for partition streams-plaintext-input-0 failed due to: Topic deletion is disabled., retrying.
2026-07-31 07:30:54,779 WARN  OffsetsForLeaderEpochUtils - Attempt to fetch offsets for partition streams-plaintext-input-0 failed due to: Topic deletion is disabled., retrying.
2026-07-31 07:30:54,879 WARN  OffsetsForLeaderEpochUtils - Attempt to fetch offsets for partition streams-plaintext-input-0 failed due to: Topic deletion is disabled., retrying.
2026-07-31 07:30:54,979 WARN  OffsetsForLeaderEpochUtils - Attempt to fetch offsets for partition streams-plaintext-input-0 failed due to: Topic deletion is disabled., retrying.
2026-07-31 07:30:55,079 WARN  OffsetsForLeaderEpochUtils - Attempt to fetch offsets for partition streams-plaintext-input-0 failed due to: Topic deletion is disabled., retrying.
2026-07-31 07:30:55,179 WARN  OffsetsForLeaderEpochUtils - Attempt to fetch offsets for partition streams-plaintext-input-0 failed due to: Topic deletion is disabled., retrying.
2026-07-31 07:30:55,279 WARN  OffsetsForLeaderEpochUtils - Attempt to fetch offsets for partition streams-plaintext-input-0 failed due to: Topic deletion is disabled., retrying.
2026-07-31 07:30:55,379 WARN  OffsetsForLeaderEpochUtils - Attempt to fetch offsets for partition streams-plaintext-input-0 failed due to: Topic deletion is disabled., retrying.
2026-07-31 07:30:55,479 WARN  OffsetsForLeaderEpochUtils - Attempt to fetch offsets for partition streams-plaintext-input-0 failed due to: Topic deletion is disabled., retrying.
2026-07-31 07:30:55,579 WARN  OffsetsForLeaderEpochUtils - Attempt to fetch offsets for partition streams-plaintext-input-0 failed due to: Topic deletion is disabled., retrying.
2026-07-31 07:30:55,679 WARN  OffsetsForLeaderEpochUtils - Attempt to fetch offsets for partition streams-plaintext-input-0 failed due to: Topic deletion is disabled., retrying.
2026-07-31 07:30:55,779 WARN  OffsetsForLeaderEpochUtils - Attempt to fetch offsets for partition streams-plaintext-input-0 failed due to: Topic deletion is disabled., retrying.
2026-07-31 07:30:55,879 WARN  OffsetsForLeaderEpochUtils - Attempt to fetch offsets for partition streams-plaintext-input-0 failed due to: Topic deletion is disabled., retrying.
2026-07-31 07:30:55,979 WARN  OffsetsForLeaderEpochUtils - Attempt to fetch offsets for partition streams-plaintext-input-0 failed due to: Topic deletion is disabled., retrying.
2026-07-31 07:30:56,079 WARN  OffsetsForLeaderEpochUtils - Attempt to fetch offsets for partition streams-plaintext-input-0 failed due to: Topic deletion is disabled., retrying.
2026-07-31 07:30:56,179 WARN  OffsetsForLeaderEpochUtils - Attempt to fetch offsets for partition streams-plaintext-input-0 failed due to: Topic deletion is disabled., retrying.
2026-07-31 07:30:56,279 WARN  OffsetsForLeaderEpochUtils - Attempt to fetch offsets for partition streams-plaintext-input-0 failed due to: Topic deletion is disabled., retrying.
2026-07-31 07:30:56,379 WARN  OffsetsForLeaderEpochUtils - Attempt to fetch offsets for partition streams-plaintext-input-0 failed due to: Topic deletion is disabled., retrying.
2026-07-31 07:30:56,479 WARN  OffsetsForLeaderEpochUtils - Attempt to fetch offsets for partition streams-plaintext-input-0 failed due to: Topic deletion is disabled., retrying.
2026-07-31 07:30:56,579 WARN  OffsetsForLeaderEpochUtils - Attempt to fetch offsets for partition streams-plaintext-input-0 failed due to: Topic deletion is disabled., retrying.
2026-07-31 07:30:56,679 WARN  OffsetsForLeaderEpochUtils - Attempt to fetch offsets for partition streams-plaintext-input-0 failed due to: Topic deletion is disabled., retrying.
2026-07-31 07:30:56,779 WARN  OffsetsForLeaderEpochUtils - Attempt to fetch offsets for partition streams-plaintext-input-0 failed due to: Topic deletion is disabled., retrying.
2026-07-31 07:30:56,879 WARN  OffsetsForLeaderEpochUtils - Attempt to fetch offsets for partition streams-plaintext-input-0 failed due to: Topic deletion is disabled., retrying.
2026-07-31 07:30:56,979 WARN  OffsetsForLeaderEpochUtils - Attempt to fetch offsets for partition streams-plaintext-input-0 failed due to: Topic deletion is disabled., retrying.
2026-07-31 07:30:57,079 WARN  OffsetsForLeaderEpochUtils - Attempt to fetch offsets for partition streams-plaintext-input-0 failed due to: Topic deletion is disabled., retrying.
2026-07-31 07:30:57,179 WARN  OffsetsForLeaderEpochUtils - Attempt to fetch offsets for partition streams-plaintext-input-0 failed due to: Topic deletion is disabled., retrying.
2026-07-31 07:30:57,279 WARN  OffsetsForLeaderEpochUtils - Attempt to fetch offsets for partition streams-plaintext-input-0 failed due to: Topic deletion is disabled., retrying.
2026-07-31 07:30:57,379 WARN  OffsetsForLeaderEpochUtils - Attempt to fetch offsets for partition streams-plaintext-input-0 failed due to: Topic deletion is disabled., retrying.
2026-07-31 07:30:57,479 WARN  OffsetsForLeaderEpochUtils - Attempt to fetch offsets for partition streams-plaintext-input-0 failed due to: Topic deletion is disabled., retrying.
2026-07-31 07:30:57,579 WARN  OffsetsForLeaderEpochUtils - Attempt to fetch offsets for partition streams-plaintext-input-0 failed due to: Topic deletion is disabled., retrying.
2026-07-31 07:30:57,679 WARN  OffsetsForLeaderEpochUtils - Attempt to fetch offsets for partition streams-plaintext-input-0 failed due to: Topic deletion is disabled., retrying.
2026-07-31 07:30:57,779 WARN  OffsetsForLeaderEpochUtils - Attempt to fetch offsets for partition streams-plaintext-input-0 failed due to: Topic deletion is disabled., retrying.
2026-07-31 07:30:57,879 WARN  OffsetsForLeaderEpochUtils - Attempt to fetch offsets for partition streams-plaintext-input-0 failed due to: Topic deletion is disabled., retrying.
2026-07-31 07:30:57,979 WARN  OffsetsForLeaderEpochUtils - Attempt to fetch offsets for partition streams-plaintext-input-0 failed due to: Topic deletion is disabled., retrying.
2026-07-31 07:30:58,079 WARN  OffsetsForLeaderEpochUtils - Attempt to fetch offsets for partition streams-plaintext-input-0 failed due to: Topic deletion is disabled., retrying.
2026-07-31 07:30:58,179 WARN  OffsetsForLeaderEpochUtils - Attempt to fetch offsets for partition streams-plaintext-input-0 failed due to: Topic deletion is disabled., retrying.
2026-07-31 07:30:58,279 WARN  OffsetsForLeaderEpochUtils - Attempt to fetch offsets for partition streams-plaintext-input-0 failed due to: Topic deletion is disabled., retrying.
2026-07-31 07:30:58,379 WARN  OffsetsForLeaderEpochUtils - Attempt to fetch offsets for partition streams-plaintext-input-0 failed due to: Topic deletion is disabled., retrying.
2026-07-31 07:30:58,479 WARN  OffsetsForLeaderEpochUtils - Attempt to fetch offsets for partition streams-plaintext-input-0 failed due to: Topic deletion is disabled., retrying.
2026-07-31 07:30:58,579 WARN  OffsetsForLeaderEpochUtils - Attempt to fetch offsets for partition streams-plaintext-input-0 failed due to: Topic deletion is disabled., retrying.
2026-07-31 07:30:58,679 WARN  OffsetsForLeaderEpochUtils - Attempt to fetch offsets for partition streams-plaintext-input-0 failed due to: Topic deletion is disabled., retrying.
2026-07-31 07:30:58,779 WARN  OffsetsForLeaderEpochUtils - Attempt to fetch offsets for partition streams-plaintext-input-0 failed due to: Topic deletion is disabled., retrying.
2026-07-31 07:30:58,879 WARN  OffsetsForLeaderEpochUtils - Attempt to fetch offsets for partition streams-plaintext-input-0 failed due to: Topic deletion is disabled., retrying.
2026-07-31 07:30:58,979 WARN  OffsetsForLeaderEpochUtils - Attempt to fetch offsets for partition streams-plaintext-input-0 failed due to: Topic deletion is disabled., retrying.
2026-07-31 07:30:59,079 WARN  OffsetsForLeaderEpochUtils - Attempt to fetch offsets for partition streams-plaintext-input-0 failed due to: Topic deletion is disabled., retrying.
2026-07-31 07:30:59,179 WARN  OffsetsForLeaderEpochUtils - Attempt to fetch offsets for partition streams-plaintext-input-0 failed due to: Topic deletion is disabled., retrying.
2026-07-31 07:30:59,279 WARN  OffsetsForLeaderEpochUtils - Attempt to fetch offsets for partition streams-plaintext-input-0 failed due to: Topic deletion is disabled., retrying.
2026-07-31 07:30:59,379 WARN  OffsetsForLeaderEpochUtils - Attempt to fetch offsets for partition streams-plaintext-input-0 failed due to: Topic deletion is disabled., retrying.
2026-07-31 07:30:59,479 WARN  OffsetsForLeaderEpochUtils - Attempt to fetch offsets for partition streams-plaintext-input-0 failed due to: Topic deletion is disabled., retrying.
2026-07-31 07:30:59,579 WARN  OffsetsForLeaderEpochUtils - Attempt to fetch offsets for partition streams-plaintext-input-0 failed due to: Topic deletion is disabled., retrying.
2026-07-31 07:30:59,679 WARN  OffsetsForLeaderEpochUtils - Attempt to fetch offsets for partition streams-plaintext-input-0 failed due to: Topic deletion is disabled., retrying.
2026-07-31 07:30:59,779 WARN  OffsetsForLeaderEpochUtils - Attempt to fetch offsets for partition streams-plaintext-input-0 failed due to: Topic deletion is disabled., retrying.
2026-07-31 07:30:59,879 WARN  OffsetsForLeaderEpochUtils - Attempt to fetch offsets for partition streams-plaintext-input-0 failed due to: Topic deletion is disabled., retrying.
2026-07-31 07:30:59,979 WARN  OffsetsForLeaderEpochUtils - Attempt to fetch offsets for partition streams-plaintext-input-0 failed due to: Topic deletion is disabled., retrying.
2026-07-31 07:31:00,079 WARN  OffsetsForLeaderEpochUtils - Attempt to fetch offsets for partition streams-plaintext-input-0 failed due to: Topic deletion is disabled., retrying.
2026-07-31 07:31:00,179 WARN  OffsetsForLeaderEpochUtils - Attempt to fetch offsets for partition streams-plaintext-input-0 failed due to: Topic deletion is disabled., retrying.
2026-07-31 07:31:00,279 WARN  OffsetsForLeaderEpochUtils - Attempt to fetch offsets for partition streams-plaintext-input-0 failed due to: Topic deletion is disabled., retrying.
2026-07-31 07:31:00,379 WARN  OffsetsForLeaderEpochUtils - Attempt to fetch offsets for partition streams-plaintext-input-0 failed due to: Topic deletion is disabled., retrying.
2026-07-31 07:31:00,479 WARN  OffsetsForLeaderEpochUtils - Attempt to fetch offsets for partition streams-plaintext-input-0 failed due to: Topic deletion is disabled., retrying.
2026-07-31 07:31:00,579 WARN  OffsetsForLeaderEpochUtils - Attempt to fetch offsets for partition streams-plaintext-input-0 failed due to: Topic deletion is disabled., retrying.
2026-07-31 07:31:00,679 WARN  OffsetsForLeaderEpochUtils - Attempt to fetch offsets for partition streams-plaintext-input-0 failed due to: Topic deletion is disabled., retrying.
2026-07-31 07:31:00,779 WARN  OffsetsForLeaderEpochUtils - Attempt to fetch offsets for partition streams-plaintext-input-0 failed due to: Topic deletion is disabled., retrying.
2026-07-31 07:31:00,879 WARN  OffsetsForLeaderEpochUtils - Attempt to fetch offsets for partition streams-plaintext-input-0 failed due to: Topic deletion is disabled., retrying.
2026-07-31 07:31:00,979 WARN  OffsetsForLeaderEpochUtils - Attempt to fetch offsets for partition streams-plaintext-input-0 failed due to: Topic deletion is disabled., retrying.
2026-07-31 07:31:01,079 WARN  OffsetsForLeaderEpochUtils - Attempt to fetch offsets for partition streams-plaintext-input-0 failed due to: Topic deletion is disabled., retrying.
2026-07-31 07:31:01,179 WARN  OffsetsForLeaderEpochUtils - Attempt to fetch offsets for partition streams-plaintext-input-0 failed due to: Topic deletion is disabled., retrying.
2026-07-31 07:31:01,279 WARN  OffsetsForLeaderEpochUtils - Attempt to fetch offsets for partition streams-plaintext-input-0 failed due to: Topic deletion is disabled., retrying.
2026-07-31 07:31:01,379 WARN  OffsetsForLeaderEpochUtils - Attempt to fetch offsets for partition streams-plaintext-input-0 failed due to: Topic deletion is disabled., retrying.
2026-07-31 07:31:01,479 WARN  OffsetsForLeaderEpochUtils - Attempt to fetch offsets for partition streams-plaintext-input-0 failed due to: Topic deletion is disabled., retrying.
2026-07-31 07:31:01,579 WARN  OffsetsForLeaderEpochUtils - Attempt to fetch offsets for partition streams-plaintext-input-0 failed due to: Topic deletion is disabled., retrying.
2026-07-31 07:31:01,679 WARN  OffsetsForLeaderEpochUtils - Attempt to fetch offsets for partition streams-plaintext-input-0 failed due to: Topic deletion is disabled., retrying.
2026-07-31 07:31:01,779 WARN  OffsetsForLeaderEpochUtils - Attempt to fetch offsets for partition streams-plaintext-input-0 failed due to: Topic deletion is disabled., retrying.
2026-07-31 07:31:01,879 WARN  OffsetsForLeaderEpochUtils - Attempt to fetch offsets for partition streams-plaintext-input-0 failed due to: Topic deletion is disabled., retrying.
2026-07-31 07:31:01,979 WARN  OffsetsForLeaderEpochUtils - Attempt to fetch offsets for partition streams-plaintext-input-0 failed due to: Topic deletion is disabled., retrying.
2026-07-31 07:31:02,079 WARN  OffsetsForLeaderEpochUtils - Attempt to fetch offsets for partition streams-plaintext-input-0 failed due to: Topic deletion is disabled., retrying.
2026-07-31 07:31:02,179 WARN  OffsetsForLeaderEpochUtils - Attempt to fetch offsets for partition streams-plaintext-input-0 failed due to: Topic deletion is disabled., retrying.
2026-07-31 07:31:02,279 WARN  OffsetsForLeaderEpochUtils - Attempt to fetch offsets for partition streams-plaintext-input-0 failed due to: Topic deletion is disabled., retrying.
2026-07-31 07:31:02,379 WARN  OffsetsForLeaderEpochUtils - Attempt to fetch offsets for partition streams-plaintext-input-0 failed due to: Topic deletion is disabled., retrying.
2026-07-31 07:31:02,479 WARN  OffsetsForLeaderEpochUtils - Attempt to fetch offsets for partition streams-plaintext-input-0 failed due to: Topic deletion is disabled., retrying.
2026-07-31 07:31:02,579 WARN  OffsetsForLeaderEpochUtils - Attempt to fetch offsets for partition streams-plaintext-input-0 failed due to: Topic deletion is disabled., retrying.
2026-07-31 07:31:02,679 WARN  OffsetsForLeaderEpochUtils - Attempt to fetch offsets for partition streams-plaintext-input-0 failed due to: Topic deletion is disabled., retrying.
2026-07-31 07:31:02,779 WARN  OffsetsForLeaderEpochUtils - Attempt to fetch offsets for partition streams-plaintext-input-0 failed due to: Topic deletion is disabled., retrying.
2026-07-31 07:31:02,879 WARN  OffsetsForLeaderEpochUtils - Attempt to fetch offsets for partition streams-plaintext-input-0 failed due to: Topic deletion is disabled., retrying.
2026-07-31 07:31:02,979 WARN  OffsetsForLeaderEpochUtils - Attempt to fetch offsets for partition streams-plaintext-input-0 failed due to: Topic deletion is disabled., retrying.
2026-07-31 07:31:03,079 WARN  OffsetsForLeaderEpochUtils - Attempt to fetch offsets for partition streams-plaintext-input-0 failed due to: Topic deletion is disabled., retrying.
2026-07-31 07:31:03,179 WARN  OffsetsForLeaderEpochUtils - Attempt to fetch offsets for partition streams-plaintext-input-0 failed due to: Topic deletion is disabled., retrying.
2026-07-31 07:31:03,279 WARN  OffsetsForLeaderEpochUtils - Attempt to fetch offsets for partition streams-plaintext-input-0 failed due to: Topic deletion is disabled., retrying.
2026-07-31 07:31:03,379 WARN  OffsetsForLeaderEpochUtils - Attempt to fetch offsets for partition streams-plaintext-input-0 failed due to: Topic deletion is disabled., retrying.
2026-07-31 07:31:03,479 WARN  OffsetsForLeaderEpochUtils - Attempt to fetch offsets for partition streams-plaintext-input-0 failed due to: Topic deletion is disabled., retrying.
2026-07-31 07:31:03,579 WARN  OffsetsForLeaderEpochUtils - Attempt to fetch offsets for partition streams-plaintext-input-0 failed due to: Topic deletion is disabled., retrying.
2026-07-31 07:31:03,679 WARN  OffsetsForLeaderEpochUtils - Attempt to fetch offsets for partition streams-plaintext-input-0 failed due to: Topic deletion is disabled., retrying.
2026-07-31 07:31:03,779 WARN  OffsetsForLeaderEpochUtils - Attempt to fetch offsets for partition streams-plaintext-input-0 failed due to: Topic deletion is disabled., retrying.
2026-07-31 07:31:03,879 WARN  OffsetsForLeaderEpochUtils - Attempt to fetch offsets for partition streams-plaintext-input-0 failed due to: Topic deletion is disabled., retrying.
2026-07-31 07:31:03,979 WARN  OffsetsForLeaderEpochUtils - Attempt to fetch offsets for partition streams-plaintext-input-0 failed due to: Topic deletion is disabled., retrying.
2026-07-31 07:31:04,079 WARN  OffsetsForLeaderEpochUtils - Attempt to fetch offsets for partition streams-plaintext-input-0 failed due to: Topic deletion is disabled., retrying.
2026-07-31 07:31:04,179 WARN  OffsetsForLeaderEpochUtils - Attempt to fetch offsets for partition streams-plaintext-input-0 failed due to: Topic deletion is disabled., retrying.
2026-07-31 07:31:04,279 WARN  OffsetsForLeaderEpochUtils - Attempt to fetch offsets for partition streams-plaintext-input-0 failed due to: Topic deletion is disabled., retrying.
2026-07-31 07:31:04,379 WARN  OffsetsForLeaderEpochUtils - Attempt to fetch offsets for partition streams-plaintext-input-0 failed due to: Topic deletion is disabled., retrying.
2026-07-31 07:31:04,479 WARN  OffsetsForLeaderEpochUtils - Attempt to fetch offsets for partition streams-plaintext-input-0 failed due to: Topic deletion is disabled., retrying.
2026-07-31 07:31:04,579 WARN  OffsetsForLeaderEpochUtils - Attempt to fetch offsets for partition streams-plaintext-input-0 failed due to: Topic deletion is disabled., retrying.
2026-07-31 07:31:04,679 WARN  OffsetsForLeaderEpochUtils - Attempt to fetch offsets for partition streams-plaintext-input-0 failed due to: Topic deletion is disabled., retrying.
